remark_id,canonical_reason_id,canonical_title,original_error_text,kind,category,severity,confidence,source_urls,notes
epfo-rr-001-a01,epfo-rr-001,Name mismatch between Aadhaar and UAN/EPFO records,Name not matching with Aadhaar,alias_or_portal_remark,KYC_Identity,critical,high,https://www.epfindia.gov.in/site_docs/PDFs/MiscPDFs/FAQ_OCS_050517_1017.pdf | https://www.epfindia.gov.in/site_docs/PDFs/Circulars/Y2023-2024/SOP_WSU_new.pdf | https://taxguru.in/corporate-law/epfo-joint-declaration-process-member-profile-updation.html | https://www.livemint.com/money/personal-finance/epfo-top-reasons-your-employees-provident-fund-settlement-claims-rejected-explained-epf-scheme-document-errors-mismatch-11783073513956.html | https://cleartax.in/c/pf-withdrawal-online | https://www.outlookmoney.com/retirement/pension/epf-claim-settlement-why-epfo-rejects-the-claims-and-what-subscribers-can-do | https://economictimes.indiatimes.com/wealth/invest/epf-members-can-do-kyc-correction-in-provident-fund-account-online-here-is-a-step-by-step-guide-to-do-it/articleshow/108634621.cms | https://unifiedportal-mem.epfindia.gov.in/memberinterface/,Compiled from source records. EPFO does not publish a numbered rejection-code list; portal remarks are the operative text.
epfo-rr-001-a02,epfo-rr-001,Name mismatch between Aadhaar and UAN/EPFO records,Member details mismatch,alias_or_portal_remark,KYC_Identity,critical,high,https://www.epfindia.gov.in/site_docs/PDFs/MiscPDFs/FAQ_OCS_050517_1017.pdf | https://www.epfindia.gov.in/site_docs/PDFs/Circulars/Y2023-2024/SOP_WSU_new.pdf | https://taxguru.in/corporate-law/epfo-joint-declaration-process-member-profile-updation.html | https://www.livemint.com/money/personal-finance/epfo-top-reasons-your-employees-provident-fund-settlement-claims-rejected-explained-epf-scheme-document-errors-mismatch-11783073513956.html | https://cleartax.in/c/pf-withdrawal-online | https://www.outlookmoney.com/retirement/pension/epf-claim-settlement-why-epfo-rejects-the-claims-and-what-subscribers-can-do | https://economictimes.indiatimes.com/wealth/invest/epf-members-can-do-kyc-correction-in-provident-fund-account-online-here-is-a-step-by-step-guide-to-do-it/articleshow/108634621.cms | https://unifiedportal-mem.epfindia.gov.in/memberinterface/,Compiled from source records. EPFO does not publish a numbered rejection-code list; portal remarks are the operative text.
epfo-rr-001-a03,epfo-rr-001,Name mismatch between Aadhaar and UAN/EPFO records,Demographic details mismatch,alias_or_portal_remark,KYC_Identity,critical,high,https://www.epfindia.gov.in/site_docs/PDFs/MiscPDFs/FAQ_OCS_050517_1017.pdf | https://www.epfindia.gov.in/site_docs/PDFs/Circulars/Y2023-2024/SOP_WSU_new.pdf | https://taxguru.in/corporate-law/epfo-joint-declaration-process-member-profile-updation.html | https://www.livemint.com/money/personal-finance/epfo-top-reasons-your-employees-provident-fund-settlement-claims-rejected-explained-epf-scheme-document-errors-mismatch-11783073513956.html | https://cleartax.in/c/pf-withdrawal-online | https://www.outlookmoney.com/retirement/pension/epf-claim-settlement-why-epfo-rejects-the-claims-and-what-subscribers-can-do | https://economictimes.indiatimes.com/wealth/invest/epf-members-can-do-kyc-correction-in-provident-fund-account-online-here-is-a-step-by-step-guide-to-do-it/articleshow/108634621.cms | https://unifiedportal-mem.epfindia.gov.in/memberinterface/,Compiled from source records. EPFO does not publish a numbered rejection-code list; portal remarks are the operative text.
epfo-rr-001-a04,epfo-rr-001,Name mismatch between Aadhaar and UAN/EPFO records,Name spelling discrepancy,alias_or_portal_remark,KYC_Identity,critical,high,https://www.epfindia.gov.in/site_docs/PDFs/MiscPDFs/FAQ_OCS_050517_1017.pdf | https://www.epfindia.gov.in/site_docs/PDFs/Circulars/Y2023-2024/SOP_WSU_new.pdf | https://taxguru.in/corporate-law/epfo-joint-declaration-process-member-profile-updation.html | https://www.livemint.com/money/personal-finance/epfo-top-reasons-your-employees-provident-fund-settlement-claims-rejected-explained-epf-scheme-document-errors-mismatch-11783073513956.html | https://cleartax.in/c/pf-withdrawal-online | https://www.outlookmoney.com/retirement/pension/epf-claim-settlement-why-epfo-rejects-the-claims-and-what-subscribers-can-do | https://economictimes.indiatimes.com/wealth/invest/epf-members-can-do-kyc-correction-in-provident-fund-account-online-here-is-a-step-by-step-guide-to-do-it/articleshow/108634621.cms | https://unifiedportal-mem.epfindia.gov.in/memberinterface/,Compiled from source records. EPFO does not publish a numbered rejection-code list; portal remarks are the operative text.
epfo-rr-001-a05,epfo-rr-001,Name mismatch between Aadhaar and UAN/EPFO records,Name/DOB mismatch,alias_or_portal_remark,KYC_Identity,critical,high,https://www.epfindia.gov.in/site_docs/PDFs/MiscPDFs/FAQ_OCS_050517_1017.pdf | https://www.epfindia.gov.in/site_docs/PDFs/Circulars/Y2023-2024/SOP_WSU_new.pdf | https://taxguru.in/corporate-law/epfo-joint-declaration-process-member-profile-updation.html | https://www.livemint.com/money/personal-finance/epfo-top-reasons-your-employees-provident-fund-settlement-claims-rejected-explained-epf-scheme-document-errors-mismatch-11783073513956.html | https://cleartax.in/c/pf-withdrawal-online | https://www.outlookmoney.com/retirement/pension/epf-claim-settlement-why-epfo-rejects-the-claims-and-what-subscribers-can-do | https://economictimes.indiatimes.com/wealth/invest/epf-members-can-do-kyc-correction-in-provident-fund-account-online-here-is-a-step-by-step-guide-to-do-it/articleshow/108634621.cms | https://unifiedportal-mem.epfindia.gov.in/memberinterface/,Compiled from source records. EPFO does not publish a numbered rejection-code list; portal remarks are the operative text.
epfo-rr-001-a06,epfo-rr-001,Name mismatch between Aadhaar and UAN/EPFO records,Name mismatch with Aadhaar,alias_or_portal_remark,KYC_Identity,critical,high,https://www.epfindia.gov.in/site_docs/PDFs/MiscPDFs/FAQ_OCS_050517_1017.pdf | https://www.epfindia.gov.in/site_docs/PDFs/Circulars/Y2023-2024/SOP_WSU_new.pdf | https://taxguru.in/corporate-law/epfo-joint-declaration-process-member-profile-updation.html | https://www.livemint.com/money/personal-finance/epfo-top-reasons-your-employees-provident-fund-settlement-claims-rejected-explained-epf-scheme-document-errors-mismatch-11783073513956.html | https://cleartax.in/c/pf-withdrawal-online | https://www.outlookmoney.com/retirement/pension/epf-claim-settlement-why-epfo-rejects-the-claims-and-what-subscribers-can-do | https://economictimes.indiatimes.com/wealth/invest/epf-members-can-do-kyc-correction-in-provident-fund-account-online-here-is-a-step-by-step-guide-to-do-it/articleshow/108634621.cms | https://unifiedportal-mem.epfindia.gov.in/memberinterface/,Compiled from source records. EPFO does not publish a numbered rejection-code list; portal remarks are the operative text.
epfo-rr-001-a07,epfo-rr-001,Name mismatch between Aadhaar and UAN/EPFO records,Demographic mismatch name,alias_or_portal_remark,KYC_Identity,critical,high,https://www.epfindia.gov.in/site_docs/PDFs/MiscPDFs/FAQ_OCS_050517_1017.pdf | https://www.epfindia.gov.in/site_docs/PDFs/Circulars/Y2023-2024/SOP_WSU_new.pdf | https://taxguru.in/corporate-law/epfo-joint-declaration-process-member-profile-updation.html | https://www.livemint.com/money/personal-finance/epfo-top-reasons-your-employees-provident-fund-settlement-claims-rejected-explained-epf-scheme-document-errors-mismatch-11783073513956.html | https://cleartax.in/c/pf-withdrawal-online | https://www.outlookmoney.com/retirement/pension/epf-claim-settlement-why-epfo-rejects-the-claims-and-what-subscribers-can-do | https://economictimes.indiatimes.com/wealth/invest/epf-members-can-do-kyc-correction-in-provident-fund-account-online-here-is-a-step-by-step-guide-to-do-it/articleshow/108634621.cms | https://unifiedportal-mem.epfindia.gov.in/memberinterface/,Compiled from source records. EPFO does not publish a numbered rejection-code list; portal remarks are the operative text.
epfo-rr-001-a08,epfo-rr-001,Name mismatch between Aadhaar and UAN/EPFO records,Name spelling discrepancy Aadhaar vs UAN,alias_or_portal_remark,KYC_Identity,critical,high,https://www.epfindia.gov.in/site_docs/PDFs/MiscPDFs/FAQ_OCS_050517_1017.pdf | https://www.epfindia.gov.in/site_docs/PDFs/Circulars/Y2023-2024/SOP_WSU_new.pdf | https://taxguru.in/corporate-law/epfo-joint-declaration-process-member-profile-updation.html | https://www.livemint.com/money/personal-finance/epfo-top-reasons-your-employees-provident-fund-settlement-claims-rejected-explained-epf-scheme-document-errors-mismatch-11783073513956.html | https://cleartax.in/c/pf-withdrawal-online | https://www.outlookmoney.com/retirement/pension/epf-claim-settlement-why-epfo-rejects-the-claims-and-what-subscribers-can-do | https://economictimes.indiatimes.com/wealth/invest/epf-members-can-do-kyc-correction-in-provident-fund-account-online-here-is-a-step-by-step-guide-to-do-it/articleshow/108634621.cms | https://unifiedportal-mem.epfindia.gov.in/memberinterface/,Compiled from source records. EPFO does not publish a numbered rejection-code list; portal remarks are the operative text.
epfo-rr-001-a09,epfo-rr-001,Name mismatch between Aadhaar and UAN/EPFO records,Mohd vs Mohammad name reject,alias_or_portal_remark,KYC_Identity,critical,high,https://www.epfindia.gov.in/site_docs/PDFs/MiscPDFs/FAQ_OCS_050517_1017.pdf | https://www.epfindia.gov.in/site_docs/PDFs/Circulars/Y2023-2024/SOP_WSU_new.pdf | https://taxguru.in/corporate-law/epfo-joint-declaration-process-member-profile-updation.html | https://www.livemint.com/money/personal-finance/epfo-top-reasons-your-employees-provident-fund-settlement-claims-rejected-explained-epf-scheme-document-errors-mismatch-11783073513956.html | https://cleartax.in/c/pf-withdrawal-online | https://www.outlookmoney.com/retirement/pension/epf-claim-settlement-why-epfo-rejects-the-claims-and-what-subscribers-can-do | https://economictimes.indiatimes.com/wealth/invest/epf-members-can-do-kyc-correction-in-provident-fund-account-online-here-is-a-step-by-step-guide-to-do-it/articleshow/108634621.cms | https://unifiedportal-mem.epfindia.gov.in/memberinterface/,Compiled from source records. EPFO does not publish a numbered rejection-code list; portal remarks are the operative text.
epfo-rr-001-a10,epfo-rr-001,Name mismatch between Aadhaar and UAN/EPFO records,Name as per Aadhaar not matching EPFO,alias_or_portal_remark,KYC_Identity,critical,high,https://www.epfindia.gov.in/site_docs/PDFs/MiscPDFs/FAQ_OCS_050517_1017.pdf | https://www.epfindia.gov.in/site_docs/PDFs/Circulars/Y2023-2024/SOP_WSU_new.pdf | https://taxguru.in/corporate-law/epfo-joint-declaration-process-member-profile-updation.html | https://www.livemint.com/money/personal-finance/epfo-top-reasons-your-employees-provident-fund-settlement-claims-rejected-explained-epf-scheme-document-errors-mismatch-11783073513956.html | https://cleartax.in/c/pf-withdrawal-online | https://www.outlookmoney.com/retirement/pension/epf-claim-settlement-why-epfo-rejects-the-claims-and-what-subscribers-can-do | https://economictimes.indiatimes.com/wealth/invest/epf-members-can-do-kyc-correction-in-provident-fund-account-online-here-is-a-step-by-step-guide-to-do-it/articleshow/108634621.cms | https://unifiedportal-mem.epfindia.gov.in/memberinterface/,Compiled from source records. EPFO does not publish a numbered rejection-code list; portal remarks are the operative text.
epfo-rr-001-a11,epfo-rr-001,Name mismatch between Aadhaar and UAN/EPFO records,Member name differ from UIDAI,alias_or_portal_remark,KYC_Identity,critical,high,https://www.epfindia.gov.in/site_docs/PDFs/MiscPDFs/FAQ_OCS_050517_1017.pdf | https://www.epfindia.gov.in/site_docs/PDFs/Circulars/Y2023-2024/SOP_WSU_new.pdf | https://taxguru.in/corporate-law/epfo-joint-declaration-process-member-profile-updation.html | https://www.livemint.com/money/personal-finance/epfo-top-reasons-your-employees-provident-fund-settlement-claims-rejected-explained-epf-scheme-document-errors-mismatch-11783073513956.html | https://cleartax.in/c/pf-withdrawal-online | https://www.outlookmoney.com/retirement/pension/epf-claim-settlement-why-epfo-rejects-the-claims-and-what-subscribers-can-do | https://economictimes.indiatimes.com/wealth/invest/epf-members-can-do-kyc-correction-in-provident-fund-account-online-here-is-a-step-by-step-guide-to-do-it/articleshow/108634621.cms | https://unifiedportal-mem.epfindia.gov.in/memberinterface/,Compiled from source records. EPFO does not publish a numbered rejection-code list; portal remarks are the operative text.
epfo-rr-001-a12,epfo-rr-001,Name mismatch between Aadhaar and UAN/EPFO records,SMS: Claim Rejected Name Mismatch,alias_or_portal_remark,KYC_Identity,critical,high,https://www.epfindia.gov.in/site_docs/PDFs/MiscPDFs/FAQ_OCS_050517_1017.pdf | https://www.epfindia.gov.in/site_docs/PDFs/Circulars/Y2023-2024/SOP_WSU_new.pdf | https://taxguru.in/corporate-law/epfo-joint-declaration-process-member-profile-updation.html | https://www.livemint.com/money/personal-finance/epfo-top-reasons-your-employees-provident-fund-settlement-claims-rejected-explained-epf-scheme-document-errors-mismatch-11783073513956.html | https://cleartax.in/c/pf-withdrawal-online | https://www.outlookmoney.com/retirement/pension/epf-claim-settlement-why-epfo-rejects-the-claims-and-what-subscribers-can-do | https://economictimes.indiatimes.com/wealth/invest/epf-members-can-do-kyc-correction-in-provident-fund-account-online-here-is-a-step-by-step-guide-to-do-it/articleshow/108634621.cms | https://unifiedportal-mem.epfindia.gov.in/memberinterface/,Compiled from source records. EPFO does not publish a numbered rejection-code list; portal remarks are the operative text.
epfo-rr-001-official,epfo-rr-001,Name mismatch between Aadhaar and UAN/EPFO records,"Commonly shown as: 'Name not matching with Aadhaar', 'Member details mismatch', or 'Name mismatch with Aadhaar.' EPFO does not publish a single numeric rejection code for this; the portal remark is the operative text.",official_or_commonly_seen_status,KYC_Identity,critical,high,https://www.epfindia.gov.in/site_docs/PDFs/MiscPDFs/FAQ_OCS_050517_1017.pdf | https://www.epfindia.gov.in/site_docs/PDFs/Circulars/Y2023-2024/SOP_WSU_new.pdf | https://taxguru.in/corporate-law/epfo-joint-declaration-process-member-profile-updation.html | https://www.livemint.com/money/personal-finance/epfo-top-reasons-your-employees-provident-fund-settlement-claims-rejected-explained-epf-scheme-document-errors-mismatch-11783073513956.html | https://cleartax.in/c/pf-withdrawal-online | https://www.outlookmoney.com/retirement/pension/epf-claim-settlement-why-epfo-rejects-the-claims-and-what-subscribers-can-do | https://economictimes.indiatimes.com/wealth/invest/epf-members-can-do-kyc-correction-in-provident-fund-account-online-here-is-a-step-by-step-guide-to-do-it/articleshow/108634621.cms | https://unifiedportal-mem.epfindia.gov.in/memberinterface/,Official OCS FAQ requires Aadhaar seeding and UIDAI OTP e-KYC for online claims. JD SOP lists member name as parameter 1 and states profile mismatches lead to claim rejections. No numeric EPFO 'rejection code' is published; do not invent one.
epfo-rr-002-a01,epfo-rr-002,"Date of birth mismatch across UAN, Aadhaar, and PAN",DOB differs from Aadhaar,alias_or_portal_remark,KYC_Identity,high,high,https://www.epfindia.gov.in/site_docs/PDFs/Circulars/Y2023-2024/SOP_WSU_new.pdf | https://taxguru.in/corporate-law/epfo-joint-declaration-process-member-profile-updation.html | https://www.epfindia.gov.in/site_docs/PDFs/MiscPDFs/FAQ_OCS_050517_1017.pdf | https://www.financialexpress.com/money/epfo-pension-rules-settlement-in-20-days-but-heres-why-many-eps-claims-still-get-rejected-4168274/ | https://www.etnownews.com/personal-finance/epfo-pension-rules-why-eps-claims-get-rejected-govt-reveals-basis-errors-kyc-aadhaar-and-more-article-153801634 | https://finright.in/blogs/most-common-reasons-for-epf-claim-rejections-and-tips-to-avoid-them,Compiled from source records. EPFO does not publish a numbered rejection-code list; portal remarks are the operative text.
epfo-rr-002-a02,epfo-rr-002,"Date of birth mismatch across UAN, Aadhaar, and PAN",DOB not matching,alias_or_portal_remark,KYC_Identity,high,high,https://www.epfindia.gov.in/site_docs/PDFs/Circulars/Y2023-2024/SOP_WSU_new.pdf | https://taxguru.in/corporate-law/epfo-joint-declaration-process-member-profile-updation.html | https://www.epfindia.gov.in/site_docs/PDFs/MiscPDFs/FAQ_OCS_050517_1017.pdf | https://www.financialexpress.com/money/epfo-pension-rules-settlement-in-20-days-but-heres-why-many-eps-claims-still-get-rejected-4168274/ | https://www.etnownews.com/personal-finance/epfo-pension-rules-why-eps-claims-get-rejected-govt-reveals-basis-errors-kyc-aadhaar-and-more-article-153801634 | https://finright.in/blogs/most-common-reasons-for-epf-claim-rejections-and-tips-to-avoid-them,Compiled from source records. EPFO does not publish a numbered rejection-code list; portal remarks are the operative text.
epfo-rr-002-a03,epfo-rr-002,"Date of birth mismatch across UAN, Aadhaar, and PAN",Date of birth mismatch,alias_or_portal_remark,KYC_Identity,high,high,https://www.epfindia.gov.in/site_docs/PDFs/Circulars/Y2023-2024/SOP_WSU_new.pdf | https://taxguru.in/corporate-law/epfo-joint-declaration-process-member-profile-updation.html | https://www.epfindia.gov.in/site_docs/PDFs/MiscPDFs/FAQ_OCS_050517_1017.pdf | https://www.financialexpress.com/money/epfo-pension-rules-settlement-in-20-days-but-heres-why-many-eps-claims-still-get-rejected-4168274/ | https://www.etnownews.com/personal-finance/epfo-pension-rules-why-eps-claims-get-rejected-govt-reveals-basis-errors-kyc-aadhaar-and-more-article-153801634 | https://finright.in/blogs/most-common-reasons-for-epf-claim-rejections-and-tips-to-avoid-them,Compiled from source records. EPFO does not publish a numbered rejection-code list; portal remarks are the operative text.
epfo-rr-002-a04,epfo-rr-002,"Date of birth mismatch across UAN, Aadhaar, and PAN",DOB discrepancy,alias_or_portal_remark,KYC_Identity,high,high,https://www.epfindia.gov.in/site_docs/PDFs/Circulars/Y2023-2024/SOP_WSU_new.pdf | https://taxguru.in/corporate-law/epfo-joint-declaration-process-member-profile-updation.html | https://www.epfindia.gov.in/site_docs/PDFs/MiscPDFs/FAQ_OCS_050517_1017.pdf | https://www.financialexpress.com/money/epfo-pension-rules-settlement-in-20-days-but-heres-why-many-eps-claims-still-get-rejected-4168274/ | https://www.etnownews.com/personal-finance/epfo-pension-rules-why-eps-claims-get-rejected-govt-reveals-basis-errors-kyc-aadhaar-and-more-article-153801634 | https://finright.in/blogs/most-common-reasons-for-epf-claim-rejections-and-tips-to-avoid-them,Compiled from source records. EPFO does not publish a numbered rejection-code list; portal remarks are the operative text.
epfo-rr-002-a05,epfo-rr-002,"Date of birth mismatch across UAN, Aadhaar, and PAN",DOB mismatch Aadhaar,alias_or_portal_remark,KYC_Identity,high,high,https://www.epfindia.gov.in/site_docs/PDFs/Circulars/Y2023-2024/SOP_WSU_new.pdf | https://taxguru.in/corporate-law/epfo-joint-declaration-process-member-profile-updation.html | https://www.epfindia.gov.in/site_docs/PDFs/MiscPDFs/FAQ_OCS_050517_1017.pdf | https://www.financialexpress.com/money/epfo-pension-rules-settlement-in-20-days-but-heres-why-many-eps-claims-still-get-rejected-4168274/ | https://www.etnownews.com/personal-finance/epfo-pension-rules-why-eps-claims-get-rejected-govt-reveals-basis-errors-kyc-aadhaar-and-more-article-153801634 | https://finright.in/blogs/most-common-reasons-for-epf-claim-rejections-and-tips-to-avoid-them,Compiled from source records. EPFO does not publish a numbered rejection-code list; portal remarks are the operative text.
epfo-rr-002-a06,epfo-rr-002,"Date of birth mismatch across UAN, Aadhaar, and PAN",Wrong date of birth on UAN,alias_or_portal_remark,KYC_Identity,high,high,https://www.epfindia.gov.in/site_docs/PDFs/Circulars/Y2023-2024/SOP_WSU_new.pdf | https://taxguru.in/corporate-law/epfo-joint-declaration-process-member-profile-updation.html | https://www.epfindia.gov.in/site_docs/PDFs/MiscPDFs/FAQ_OCS_050517_1017.pdf | https://www.financialexpress.com/money/epfo-pension-rules-settlement-in-20-days-but-heres-why-many-eps-claims-still-get-rejected-4168274/ | https://www.etnownews.com/personal-finance/epfo-pension-rules-why-eps-claims-get-rejected-govt-reveals-basis-errors-kyc-aadhaar-and-more-article-153801634 | https://finright.in/blogs/most-common-reasons-for-epf-claim-rejections-and-tips-to-avoid-them,Compiled from source records. EPFO does not publish a numbered rejection-code list; portal remarks are the operative text.
epfo-rr-002-a07,epfo-rr-002,"Date of birth mismatch across UAN, Aadhaar, and PAN",DOB not matching Aadhaar,alias_or_portal_remark,KYC_Identity,high,high,https://www.epfindia.gov.in/site_docs/PDFs/Circulars/Y2023-2024/SOP_WSU_new.pdf | https://taxguru.in/corporate-law/epfo-joint-declaration-process-member-profile-updation.html | https://www.epfindia.gov.in/site_docs/PDFs/MiscPDFs/FAQ_OCS_050517_1017.pdf | https://www.financialexpress.com/money/epfo-pension-rules-settlement-in-20-days-but-heres-why-many-eps-claims-still-get-rejected-4168274/ | https://www.etnownews.com/personal-finance/epfo-pension-rules-why-eps-claims-get-rejected-govt-reveals-basis-errors-kyc-aadhaar-and-more-article-153801634 | https://finright.in/blogs/most-common-reasons-for-epf-claim-rejections-and-tips-to-avoid-them,Compiled from source records. EPFO does not publish a numbered rejection-code list; portal remarks are the operative text.
epfo-rr-002-a08,epfo-rr-002,"Date of birth mismatch across UAN, Aadhaar, and PAN",Date of birth discrepancy PAN Aadhaar UAN,alias_or_portal_remark,KYC_Identity,high,high,https://www.epfindia.gov.in/site_docs/PDFs/Circulars/Y2023-2024/SOP_WSU_new.pdf | https://taxguru.in/corporate-law/epfo-joint-declaration-process-member-profile-updation.html | https://www.epfindia.gov.in/site_docs/PDFs/MiscPDFs/FAQ_OCS_050517_1017.pdf | https://www.financialexpress.com/money/epfo-pension-rules-settlement-in-20-days-but-heres-why-many-eps-claims-still-get-rejected-4168274/ | https://www.etnownews.com/personal-finance/epfo-pension-rules-why-eps-claims-get-rejected-govt-reveals-basis-errors-kyc-aadhaar-and-more-article-153801634 | https://finright.in/blogs/most-common-reasons-for-epf-claim-rejections-and-tips-to-avoid-them,Compiled from source records. EPFO does not publish a numbered rejection-code list; portal remarks are the operative text.
epfo-rr-002-a09,epfo-rr-002,"Date of birth mismatch across UAN, Aadhaar, and PAN",SMS: DOB mismatch claim rejected,alias_or_portal_remark,KYC_Identity,high,high,https://www.epfindia.gov.in/site_docs/PDFs/Circulars/Y2023-2024/SOP_WSU_new.pdf | https://taxguru.in/corporate-law/epfo-joint-declaration-process-member-profile-updation.html | https://www.epfindia.gov.in/site_docs/PDFs/MiscPDFs/FAQ_OCS_050517_1017.pdf | https://www.financialexpress.com/money/epfo-pension-rules-settlement-in-20-days-but-heres-why-many-eps-claims-still-get-rejected-4168274/ | https://www.etnownews.com/personal-finance/epfo-pension-rules-why-eps-claims-get-rejected-govt-reveals-basis-errors-kyc-aadhaar-and-more-article-153801634 | https://finright.in/blogs/most-common-reasons-for-epf-claim-rejections-and-tips-to-avoid-them,Compiled from source records. EPFO does not publish a numbered rejection-code list; portal remarks are the operative text.
epfo-rr-002-official,epfo-rr-002,"Date of birth mismatch across UAN, Aadhaar, and PAN","Commonly shown as: 'DOB differs from Aadhaar', 'DOB not matching', or grouped under demographic/member details mismatch. Pension (Form 10D) additionally depends on correct DOB for age 50/58 eligibility.",official_or_commonly_seen_status,KYC_Identity,high,high,https://www.epfindia.gov.in/site_docs/PDFs/Circulars/Y2023-2024/SOP_WSU_new.pdf | https://taxguru.in/corporate-law/epfo-joint-declaration-process-member-profile-updation.html | https://www.epfindia.gov.in/site_docs/PDFs/MiscPDFs/FAQ_OCS_050517_1017.pdf | https://www.financialexpress.com/money/epfo-pension-rules-settlement-in-20-days-but-heres-why-many-eps-claims-still-get-rejected-4168274/ | https://www.etnownews.com/personal-finance/epfo-pension-rules-why-eps-claims-get-rejected-govt-reveals-basis-errors-kyc-aadhaar-and-more-article-153801634 | https://finright.in/blogs/most-common-reasons-for-epf-claim-rejections-and-tips-to-avoid-them,SOP JD/2022/1 Table 2: DOB >3 years = major; <=3 years = minor. Frequency of DOB change allowed: 1.
epfo-rr-003-a01,epfo-rr-003,Father's or mother's name mismatch in UAN versus Aadhaar,Father name mismatch,alias_or_portal_remark,KYC_Identity,high,high,https://www.epfindia.gov.in/site_docs/PDFs/Circulars/Y2023-2024/SOP_WSU_new.pdf | https://taxguru.in/corporate-law/epfo-joint-declaration-process-member-profile-updation.html | https://www.livemint.com/money/personal-finance/epfo-top-reasons-your-employees-provident-fund-settlement-claims-rejected-explained-epf-scheme-document-errors-mismatch-11783073513956.html | https://economictimes.indiatimes.com/wealth/invest/epf-members-can-do-kyc-correction-in-provident-fund-account-online-here-is-a-step-by-step-guide-to-do-it/articleshow/108634621.cms,Compiled from source records. EPFO does not publish a numbered rejection-code list; portal remarks are the operative text.
epfo-rr-003-a02,epfo-rr-003,Father's or mother's name mismatch in UAN versus Aadhaar,Parent name discrepancy,alias_or_portal_remark,KYC_Identity,high,high,https://www.epfindia.gov.in/site_docs/PDFs/Circulars/Y2023-2024/SOP_WSU_new.pdf | https://taxguru.in/corporate-law/epfo-joint-declaration-process-member-profile-updation.html | https://www.livemint.com/money/personal-finance/epfo-top-reasons-your-employees-provident-fund-settlement-claims-rejected-explained-epf-scheme-document-errors-mismatch-11783073513956.html | https://economictimes.indiatimes.com/wealth/invest/epf-members-can-do-kyc-correction-in-provident-fund-account-online-here-is-a-step-by-step-guide-to-do-it/articleshow/108634621.cms,Compiled from source records. EPFO does not publish a numbered rejection-code list; portal remarks are the operative text.
epfo-rr-003-a03,epfo-rr-003,Father's or mother's name mismatch in UAN versus Aadhaar,Husband name vs father name,alias_or_portal_remark,KYC_Identity,high,high,https://www.epfindia.gov.in/site_docs/PDFs/Circulars/Y2023-2024/SOP_WSU_new.pdf | https://taxguru.in/corporate-law/epfo-joint-declaration-process-member-profile-updation.html | https://www.livemint.com/money/personal-finance/epfo-top-reasons-your-employees-provident-fund-settlement-claims-rejected-explained-epf-scheme-document-errors-mismatch-11783073513956.html | https://economictimes.indiatimes.com/wealth/invest/epf-members-can-do-kyc-correction-in-provident-fund-account-online-here-is-a-step-by-step-guide-to-do-it/articleshow/108634621.cms,Compiled from source records. EPFO does not publish a numbered rejection-code list; portal remarks are the operative text.
epfo-rr-003-a04,epfo-rr-003,Father's or mother's name mismatch in UAN versus Aadhaar,Relationship parameter mismatch,alias_or_portal_remark,KYC_Identity,high,high,https://www.epfindia.gov.in/site_docs/PDFs/Circulars/Y2023-2024/SOP_WSU_new.pdf | https://taxguru.in/corporate-law/epfo-joint-declaration-process-member-profile-updation.html | https://www.livemint.com/money/personal-finance/epfo-top-reasons-your-employees-provident-fund-settlement-claims-rejected-explained-epf-scheme-document-errors-mismatch-11783073513956.html | https://economictimes.indiatimes.com/wealth/invest/epf-members-can-do-kyc-correction-in-provident-fund-account-online-here-is-a-step-by-step-guide-to-do-it/articleshow/108634621.cms,Compiled from source records. EPFO does not publish a numbered rejection-code list; portal remarks are the operative text.
epfo-rr-003-official,epfo-rr-003,Father's or mother's name mismatch in UAN versus Aadhaar,"Often bundled into 'member details mismatch' or flagged during Joint Declaration / KYC. Mint (Jul 2026) lists father's name as a demographic field that must match across EPFO, Aadhaar, and bank records.",official_or_commonly_seen_status,KYC_Identity,high,high,https://www.epfindia.gov.in/site_docs/PDFs/Circulars/Y2023-2024/SOP_WSU_new.pdf | https://taxguru.in/corporate-law/epfo-joint-declaration-process-member-profile-updation.html | https://www.livemint.com/money/personal-finance/epfo-top-reasons-your-employees-provident-fund-settlement-claims-rejected-explained-epf-scheme-document-errors-mismatch-11783073513956.html | https://economictimes.indiatimes.com/wealth/invest/epf-members-can-do-kyc-correction-in-provident-fund-account-online-here-is-a-step-by-step-guide-to-do-it/articleshow/108634621.cms,SOP parameters 4 (Father/Mother Name) and 5 (Relationship). Father name change frequency allowed: 1.
epfo-rr-004-a01,epfo-rr-004,Gender mismatch between UAN profile and Aadhaar,Gender not matching,alias_or_portal_remark,KYC_Identity,medium,high,https://www.epfindia.gov.in/site_docs/PDFs/Circulars/Y2023-2024/SOP_WSU_new.pdf | https://taxguru.in/corporate-law/epfo-joint-declaration-process-member-profile-updation.html | https://pfbalancecheck.com/epfo-claim-rejected-reason/,Compiled from source records. EPFO does not publish a numbered rejection-code list; portal remarks are the operative text.
epfo-rr-004-a02,epfo-rr-004,Gender mismatch between UAN profile and Aadhaar,Sex mismatch in member profile,alias_or_portal_remark,KYC_Identity,medium,high,https://www.epfindia.gov.in/site_docs/PDFs/Circulars/Y2023-2024/SOP_WSU_new.pdf | https://taxguru.in/corporate-law/epfo-joint-declaration-process-member-profile-updation.html | https://pfbalancecheck.com/epfo-claim-rejected-reason/,Compiled from source records. EPFO does not publish a numbered rejection-code list; portal remarks are the operative text.
epfo-rr-004-a03,epfo-rr-004,Gender mismatch between UAN profile and Aadhaar,Male/Female/Others discrepancy,alias_or_portal_remark,KYC_Identity,medium,high,https://www.epfindia.gov.in/site_docs/PDFs/Circulars/Y2023-2024/SOP_WSU_new.pdf | https://taxguru.in/corporate-law/epfo-joint-declaration-process-member-profile-updation.html | https://pfbalancecheck.com/epfo-claim-rejected-reason/,Compiled from source records. EPFO does not publish a numbered rejection-code list; portal remarks are the operative text.
epfo-rr-004-official,epfo-rr-004,Gender mismatch between UAN profile and Aadhaar,"Usually part of demographic/member details mismatch rather than a unique published code. Gender is parameter 2 in SOP JD/2022/1 (minor change, generally once).",official_or_commonly_seen_status,KYC_Identity,medium,high,https://www.epfindia.gov.in/site_docs/PDFs/Circulars/Y2023-2024/SOP_WSU_new.pdf | https://taxguru.in/corporate-law/epfo-joint-declaration-process-member-profile-updation.html | https://pfbalancecheck.com/epfo-claim-rejected-reason/,Gender classified as minor in SOP Table 2; frequency 1.
epfo-rr-005-a01,epfo-rr-005,Aadhaar not seeded or not verified against UAN,Aadhaar not linked,alias_or_portal_remark,KYC_Identity,critical,high,https://www.epfindia.gov.in/site_docs/PDFs/MiscPDFs/FAQ_OCS_050517_1017.pdf | https://www.epfindia.gov.in/site_docs/PDFs/MiscPDFs/OCS_FAQ_Eligibility_102017.pdf | https://www.epfindia.gov.in/site_docs/PDFs/Downloads_PDFs/Instructions_CCF_aadhar.pdf | https://taxguru.in/corporate-law/epfo-clarifies-physical-claim-settlement-seeding-aadhaar.html | https://cleartax.in/c/pf-withdrawal-online | https://unifiedportal-mem.epfindia.gov.in/memberinterface/,Compiled from source records. EPFO does not publish a numbered rejection-code list; portal remarks are the operative text.
epfo-rr-005-a02,epfo-rr-005,Aadhaar not seeded or not verified against UAN,Aadhaar not verified,alias_or_portal_remark,KYC_Identity,critical,high,https://www.epfindia.gov.in/site_docs/PDFs/MiscPDFs/FAQ_OCS_050517_1017.pdf | https://www.epfindia.gov.in/site_docs/PDFs/MiscPDFs/OCS_FAQ_Eligibility_102017.pdf | https://www.epfindia.gov.in/site_docs/PDFs/Downloads_PDFs/Instructions_CCF_aadhar.pdf | https://taxguru.in/corporate-law/epfo-clarifies-physical-claim-settlement-seeding-aadhaar.html | https://cleartax.in/c/pf-withdrawal-online | https://unifiedportal-mem.epfindia.gov.in/memberinterface/,Compiled from source records. EPFO does not publish a numbered rejection-code list; portal remarks are the operative text.
epfo-rr-005-a03,epfo-rr-005,Aadhaar not seeded or not verified against UAN,KYC pending Aadhaar,alias_or_portal_remark,KYC_Identity,critical,high,https://www.epfindia.gov.in/site_docs/PDFs/MiscPDFs/FAQ_OCS_050517_1017.pdf | https://www.epfindia.gov.in/site_docs/PDFs/MiscPDFs/OCS_FAQ_Eligibility_102017.pdf | https://www.epfindia.gov.in/site_docs/PDFs/Downloads_PDFs/Instructions_CCF_aadhar.pdf | https://taxguru.in/corporate-law/epfo-clarifies-physical-claim-settlement-seeding-aadhaar.html | https://cleartax.in/c/pf-withdrawal-online | https://unifiedportal-mem.epfindia.gov.in/memberinterface/,Compiled from source records. EPFO does not publish a numbered rejection-code list; portal remarks are the operative text.
epfo-rr-005-a04,epfo-rr-005,Aadhaar not seeded or not verified against UAN,Aadhaar seeding pending,alias_or_portal_remark,KYC_Identity,critical,high,https://www.epfindia.gov.in/site_docs/PDFs/MiscPDFs/FAQ_OCS_050517_1017.pdf | https://www.epfindia.gov.in/site_docs/PDFs/MiscPDFs/OCS_FAQ_Eligibility_102017.pdf | https://www.epfindia.gov.in/site_docs/PDFs/Downloads_PDFs/Instructions_CCF_aadhar.pdf | https://taxguru.in/corporate-law/epfo-clarifies-physical-claim-settlement-seeding-aadhaar.html | https://cleartax.in/c/pf-withdrawal-online | https://unifiedportal-mem.epfindia.gov.in/memberinterface/,Compiled from source records. EPFO does not publish a numbered rejection-code list; portal remarks are the operative text.
epfo-rr-005-a05,epfo-rr-005,Aadhaar not seeded or not verified against UAN,UAN not linked with Aadhaar,alias_or_portal_remark,KYC_Identity,critical,high,https://www.epfindia.gov.in/site_docs/PDFs/MiscPDFs/FAQ_OCS_050517_1017.pdf | https://www.epfindia.gov.in/site_docs/PDFs/MiscPDFs/OCS_FAQ_Eligibility_102017.pdf | https://www.epfindia.gov.in/site_docs/PDFs/Downloads_PDFs/Instructions_CCF_aadhar.pdf | https://taxguru.in/corporate-law/epfo-clarifies-physical-claim-settlement-seeding-aadhaar.html | https://cleartax.in/c/pf-withdrawal-online | https://unifiedportal-mem.epfindia.gov.in/memberinterface/,Compiled from source records. EPFO does not publish a numbered rejection-code list; portal remarks are the operative text.
epfo-rr-005-a06,epfo-rr-005,Aadhaar not seeded or not verified against UAN,Aadhaar not seeded with UAN,alias_or_portal_remark,KYC_Identity,critical,high,https://www.epfindia.gov.in/site_docs/PDFs/MiscPDFs/FAQ_OCS_050517_1017.pdf | https://www.epfindia.gov.in/site_docs/PDFs/MiscPDFs/OCS_FAQ_Eligibility_102017.pdf | https://www.epfindia.gov.in/site_docs/PDFs/Downloads_PDFs/Instructions_CCF_aadhar.pdf | https://taxguru.in/corporate-law/epfo-clarifies-physical-claim-settlement-seeding-aadhaar.html | https://cleartax.in/c/pf-withdrawal-online | https://unifiedportal-mem.epfindia.gov.in/memberinterface/,Compiled from source records. EPFO does not publish a numbered rejection-code list; portal remarks are the operative text.
epfo-rr-005-a07,epfo-rr-005,Aadhaar not seeded or not verified against UAN,Aadhaar KYC pending,alias_or_portal_remark,KYC_Identity,critical,high,https://www.epfindia.gov.in/site_docs/PDFs/MiscPDFs/FAQ_OCS_050517_1017.pdf | https://www.epfindia.gov.in/site_docs/PDFs/MiscPDFs/OCS_FAQ_Eligibility_102017.pdf | https://www.epfindia.gov.in/site_docs/PDFs/Downloads_PDFs/Instructions_CCF_aadhar.pdf | https://taxguru.in/corporate-law/epfo-clarifies-physical-claim-settlement-seeding-aadhaar.html | https://cleartax.in/c/pf-withdrawal-online | https://unifiedportal-mem.epfindia.gov.in/memberinterface/,Compiled from source records. EPFO does not publish a numbered rejection-code list; portal remarks are the operative text.
epfo-rr-005-a08,epfo-rr-005,Aadhaar not seeded or not verified against UAN,Link Aadhaar before claim,alias_or_portal_remark,KYC_Identity,critical,high,https://www.epfindia.gov.in/site_docs/PDFs/MiscPDFs/FAQ_OCS_050517_1017.pdf | https://www.epfindia.gov.in/site_docs/PDFs/MiscPDFs/OCS_FAQ_Eligibility_102017.pdf | https://www.epfindia.gov.in/site_docs/PDFs/Downloads_PDFs/Instructions_CCF_aadhar.pdf | https://taxguru.in/corporate-law/epfo-clarifies-physical-claim-settlement-seeding-aadhaar.html | https://cleartax.in/c/pf-withdrawal-online | https://unifiedportal-mem.epfindia.gov.in/memberinterface/,Compiled from source records. EPFO does not publish a numbered rejection-code list; portal remarks are the operative text.
epfo-rr-005-a09,epfo-rr-005,Aadhaar not seeded or not verified against UAN,Aadhaar seeding mandatory for online claim,alias_or_portal_remark,KYC_Identity,critical,high,https://www.epfindia.gov.in/site_docs/PDFs/MiscPDFs/FAQ_OCS_050517_1017.pdf | https://www.epfindia.gov.in/site_docs/PDFs/MiscPDFs/OCS_FAQ_Eligibility_102017.pdf | https://www.epfindia.gov.in/site_docs/PDFs/Downloads_PDFs/Instructions_CCF_aadhar.pdf | https://taxguru.in/corporate-law/epfo-clarifies-physical-claim-settlement-seeding-aadhaar.html | https://cleartax.in/c/pf-withdrawal-online | https://unifiedportal-mem.epfindia.gov.in/memberinterface/,Compiled from source records. EPFO does not publish a numbered rejection-code list; portal remarks are the operative text.
epfo-rr-005-a10,epfo-rr-005,Aadhaar not seeded or not verified against UAN,SMS: KYC Pending Aadhaar,alias_or_portal_remark,KYC_Identity,critical,high,https://www.epfindia.gov.in/site_docs/PDFs/MiscPDFs/FAQ_OCS_050517_1017.pdf | https://www.epfindia.gov.in/site_docs/PDFs/MiscPDFs/OCS_FAQ_Eligibility_102017.pdf | https://www.epfindia.gov.in/site_docs/PDFs/Downloads_PDFs/Instructions_CCF_aadhar.pdf | https://taxguru.in/corporate-law/epfo-clarifies-physical-claim-settlement-seeding-aadhaar.html | https://cleartax.in/c/pf-withdrawal-online | https://unifiedportal-mem.epfindia.gov.in/memberinterface/,Compiled from source records. EPFO does not publish a numbered rejection-code list; portal remarks are the operative text.
epfo-rr-005-official,epfo-rr-005,Aadhaar not seeded or not verified against UAN,"Official OCS FAQ: member's Aadhaar details should be seeded in EPFO database and the member should avail OTP-based facility for verifying e-KYC from UIDAI while submitting the claim. Portal remarks: 'KYC pending', 'Aadhaar not verified'.",official_or_commonly_seen_status,KYC_Identity,critical,high,https://www.epfindia.gov.in/site_docs/PDFs/MiscPDFs/FAQ_OCS_050517_1017.pdf | https://www.epfindia.gov.in/site_docs/PDFs/MiscPDFs/OCS_FAQ_Eligibility_102017.pdf | https://www.epfindia.gov.in/site_docs/PDFs/Downloads_PDFs/Instructions_CCF_aadhar.pdf | https://taxguru.in/corporate-law/epfo-clarifies-physical-claim-settlement-seeding-aadhaar.html | https://cleartax.in/c/pf-withdrawal-online | https://unifiedportal-mem.epfindia.gov.in/memberinterface/,OCS FAQ Q2(b) is the primary official requirement. 29.11.2024 circular WSU/2020/Claim settlement without UAN-clarification/8726 is the Aadhaar-seed waiver for specified IW/NRI classes only.
epfo-rr-006-a01,epfo-rr-006,PAN not seeded for PF final settlement when service is less than five years,PAN not linked,alias_or_portal_remark,KYC_Identity,high,high,https://www.epfindia.gov.in/site_docs/PDFs/MiscPDFs/FAQ_OCS_050517_1017.pdf | https://www.epfindia.gov.in/site_docs/PDFs/MiscPDFs/OCS_FAQ_Eligibility_102017.pdf | https://cleartax.in/c/pf-withdrawal-online | https://unifiedportal-mem.epfindia.gov.in/memberinterface/,Compiled from source records. EPFO does not publish a numbered rejection-code list; portal remarks are the operative text.
epfo-rr-006-a02,epfo-rr-006,PAN not seeded for PF final settlement when service is less than five years,PAN KYC pending,alias_or_portal_remark,KYC_Identity,high,high,https://www.epfindia.gov.in/site_docs/PDFs/MiscPDFs/FAQ_OCS_050517_1017.pdf | https://www.epfindia.gov.in/site_docs/PDFs/MiscPDFs/OCS_FAQ_Eligibility_102017.pdf | https://cleartax.in/c/pf-withdrawal-online | https://unifiedportal-mem.epfindia.gov.in/memberinterface/,Compiled from source records. EPFO does not publish a numbered rejection-code list; portal remarks are the operative text.
epfo-rr-006-a03,epfo-rr-006,PAN not seeded for PF final settlement when service is less than five years,PAN required for Form 19,alias_or_portal_remark,KYC_Identity,high,high,https://www.epfindia.gov.in/site_docs/PDFs/MiscPDFs/FAQ_OCS_050517_1017.pdf | https://www.epfindia.gov.in/site_docs/PDFs/MiscPDFs/OCS_FAQ_Eligibility_102017.pdf | https://cleartax.in/c/pf-withdrawal-online | https://unifiedportal-mem.epfindia.gov.in/memberinterface/,Compiled from source records. EPFO does not publish a numbered rejection-code list; portal remarks are the operative text.
epfo-rr-006-a04,epfo-rr-006,PAN not seeded for PF final settlement when service is less than five years,PAN not verified,alias_or_portal_remark,KYC_Identity,high,high,https://www.epfindia.gov.in/site_docs/PDFs/MiscPDFs/FAQ_OCS_050517_1017.pdf | https://www.epfindia.gov.in/site_docs/PDFs/MiscPDFs/OCS_FAQ_Eligibility_102017.pdf | https://cleartax.in/c/pf-withdrawal-online | https://unifiedportal-mem.epfindia.gov.in/memberinterface/,Compiled from source records. EPFO does not publish a numbered rejection-code list; portal remarks are the operative text.
epfo-rr-006-official,epfo-rr-006,PAN not seeded for PF final settlement when service is less than five years,Official OCS FAQ: Permanent Account Number (PAN) should be seeded in EPFO database for PF Final Settlement Claims in case his/her service is less than 5 years.,official_or_commonly_seen_status,KYC_Identity,high,high,https://www.epfindia.gov.in/site_docs/PDFs/MiscPDFs/FAQ_OCS_050517_1017.pdf | https://www.epfindia.gov.in/site_docs/PDFs/MiscPDFs/OCS_FAQ_Eligibility_102017.pdf | https://cleartax.in/c/pf-withdrawal-online | https://unifiedportal-mem.epfindia.gov.in/memberinterface/,OCS FAQ Q2(d). Exact TDS percentages are Income-tax rules and can change; verify current TDS circulars. This dataset does not invent an EPFO rejection code.
epfo-rr-007-a01,epfo-rr-007,UAN not activated or member portal credentials not usable,Inactive UAN,alias_or_portal_remark,KYC_Identity,critical,high,https://www.epfindia.gov.in/site_docs/PDFs/MiscPDFs/FAQ_OCS_050517_1017.pdf | https://www.epfindia.gov.in/site_docs/PDFs/Downloads_PDFs/Instructions_CCF_aadhar.pdf | https://cleartax.in/c/pf-withdrawal-online | https://hrsoftwaredelhi.com/pf-withdrawal-process/ | https://unifiedportal-mem.epfindia.gov.in/memberinterface/,Compiled from source records. EPFO does not publish a numbered rejection-code list; portal remarks are the operative text.
epfo-rr-007-a02,epfo-rr-007,UAN not activated or member portal credentials not usable,UAN not activated,alias_or_portal_remark,KYC_Identity,critical,high,https://www.epfindia.gov.in/site_docs/PDFs/MiscPDFs/FAQ_OCS_050517_1017.pdf | https://www.epfindia.gov.in/site_docs/PDFs/Downloads_PDFs/Instructions_CCF_aadhar.pdf | https://cleartax.in/c/pf-withdrawal-online | https://hrsoftwaredelhi.com/pf-withdrawal-process/ | https://unifiedportal-mem.epfindia.gov.in/memberinterface/,Compiled from source records. EPFO does not publish a numbered rejection-code list; portal remarks are the operative text.
epfo-rr-007-a03,epfo-rr-007,UAN not activated or member portal credentials not usable,Unable to login member portal,alias_or_portal_remark,KYC_Identity,critical,high,https://www.epfindia.gov.in/site_docs/PDFs/MiscPDFs/FAQ_OCS_050517_1017.pdf | https://www.epfindia.gov.in/site_docs/PDFs/Downloads_PDFs/Instructions_CCF_aadhar.pdf | https://cleartax.in/c/pf-withdrawal-online | https://hrsoftwaredelhi.com/pf-withdrawal-process/ | https://unifiedportal-mem.epfindia.gov.in/memberinterface/,Compiled from source records. EPFO does not publish a numbered rejection-code list; portal remarks are the operative text.
epfo-rr-007-a04,epfo-rr-007,UAN not activated or member portal credentials not usable,UAN not generated,alias_or_portal_remark,KYC_Identity,critical,high,https://www.epfindia.gov.in/site_docs/PDFs/MiscPDFs/FAQ_OCS_050517_1017.pdf | https://www.epfindia.gov.in/site_docs/PDFs/Downloads_PDFs/Instructions_CCF_aadhar.pdf | https://cleartax.in/c/pf-withdrawal-online | https://hrsoftwaredelhi.com/pf-withdrawal-process/ | https://unifiedportal-mem.epfindia.gov.in/memberinterface/,Compiled from source records. EPFO does not publish a numbered rejection-code list; portal remarks are the operative text.
epfo-rr-007-official,epfo-rr-007,UAN not activated or member portal credentials not usable,Official OCS FAQ: the member should have activated his/her Universal Account Number and the mobile number used for activating UAN should be in working condition.,official_or_commonly_seen_status,KYC_Identity,critical,high,https://www.epfindia.gov.in/site_docs/PDFs/MiscPDFs/FAQ_OCS_050517_1017.pdf | https://www.epfindia.gov.in/site_docs/PDFs/Downloads_PDFs/Instructions_CCF_aadhar.pdf | https://cleartax.in/c/pf-withdrawal-online | https://hrsoftwaredelhi.com/pf-withdrawal-process/ | https://unifiedportal-mem.epfindia.gov.in/memberinterface/,OCS FAQ Q2(a).
epfo-rr-008-a01,epfo-rr-008,Aadhaar OTP or UIDAI e-KYC authentication failed at claim submission,Aadhaar OTP not received,alias_or_portal_remark,KYC_Identity,high,high,https://www.epfindia.gov.in/site_docs/PDFs/MiscPDFs/FAQ_OCS_050517_1017.pdf | https://www.epfindia.gov.in/site_docs/PDFs/MiscPDFs/OCS_FAQ_Eligibility_102017.pdf | https://unifiedportal-mem.epfindia.gov.in/memberinterface/,Compiled from source records. EPFO does not publish a numbered rejection-code list; portal remarks are the operative text.
epfo-rr-008-a02,epfo-rr-008,Aadhaar OTP or UIDAI e-KYC authentication failed at claim submission,e-KYC failed,alias_or_portal_remark,KYC_Identity,high,high,https://www.epfindia.gov.in/site_docs/PDFs/MiscPDFs/FAQ_OCS_050517_1017.pdf | https://www.epfindia.gov.in/site_docs/PDFs/MiscPDFs/OCS_FAQ_Eligibility_102017.pdf | https://unifiedportal-mem.epfindia.gov.in/memberinterface/,Compiled from source records. EPFO does not publish a numbered rejection-code list; portal remarks are the operative text.
epfo-rr-008-a03,epfo-rr-008,Aadhaar OTP or UIDAI e-KYC authentication failed at claim submission,UIDAI authentication failure,alias_or_portal_remark,KYC_Identity,high,high,https://www.epfindia.gov.in/site_docs/PDFs/MiscPDFs/FAQ_OCS_050517_1017.pdf | https://www.epfindia.gov.in/site_docs/PDFs/MiscPDFs/OCS_FAQ_Eligibility_102017.pdf | https://unifiedportal-mem.epfindia.gov.in/memberinterface/,Compiled from source records. EPFO does not publish a numbered rejection-code list; portal remarks are the operative text.
epfo-rr-008-a04,epfo-rr-008,Aadhaar OTP or UIDAI e-KYC authentication failed at claim submission,OTP based Aadhaar verification failed,alias_or_portal_remark,KYC_Identity,high,high,https://www.epfindia.gov.in/site_docs/PDFs/MiscPDFs/FAQ_OCS_050517_1017.pdf | https://www.epfindia.gov.in/site_docs/PDFs/MiscPDFs/OCS_FAQ_Eligibility_102017.pdf | https://unifiedportal-mem.epfindia.gov.in/memberinterface/,Compiled from source records. EPFO does not publish a numbered rejection-code list; portal remarks are the operative text.
epfo-rr-008-a05,epfo-rr-008,Aadhaar OTP or UIDAI e-KYC authentication failed at claim submission,Aadhaar OTP failed at claim,alias_or_portal_remark,KYC_Identity,high,high,https://www.epfindia.gov.in/site_docs/PDFs/MiscPDFs/FAQ_OCS_050517_1017.pdf | https://www.epfindia.gov.in/site_docs/PDFs/MiscPDFs/OCS_FAQ_Eligibility_102017.pdf | https://unifiedportal-mem.epfindia.gov.in/memberinterface/,Compiled from source records. EPFO does not publish a numbered rejection-code list; portal remarks are the operative text.
epfo-rr-008-a06,epfo-rr-008,Aadhaar OTP or UIDAI e-KYC authentication failed at claim submission,UIDAI e-KYC authentication failed,alias_or_portal_remark,KYC_Identity,high,high,https://www.epfindia.gov.in/site_docs/PDFs/MiscPDFs/FAQ_OCS_050517_1017.pdf | https://www.epfindia.gov.in/site_docs/PDFs/MiscPDFs/OCS_FAQ_Eligibility_102017.pdf | https://unifiedportal-mem.epfindia.gov.in/memberinterface/,Compiled from source records. EPFO does not publish a numbered rejection-code list; portal remarks are the operative text.
epfo-rr-008-a07,epfo-rr-008,Aadhaar OTP or UIDAI e-KYC authentication failed at claim submission,OTP not received from UIDAI,alias_or_portal_remark,KYC_Identity,high,high,https://www.epfindia.gov.in/site_docs/PDFs/MiscPDFs/FAQ_OCS_050517_1017.pdf | https://www.epfindia.gov.in/site_docs/PDFs/MiscPDFs/OCS_FAQ_Eligibility_102017.pdf | https://unifiedportal-mem.epfindia.gov.in/memberinterface/,Compiled from source records. EPFO does not publish a numbered rejection-code list; portal remarks are the operative text.
epfo-rr-008-a08,epfo-rr-008,Aadhaar OTP or UIDAI e-KYC authentication failed at claim submission,eKYC consent failed,alias_or_portal_remark,KYC_Identity,high,high,https://www.epfindia.gov.in/site_docs/PDFs/MiscPDFs/FAQ_OCS_050517_1017.pdf | https://www.epfindia.gov.in/site_docs/PDFs/MiscPDFs/OCS_FAQ_Eligibility_102017.pdf | https://unifiedportal-mem.epfindia.gov.in/memberinterface/,Compiled from source records. EPFO does not publish a numbered rejection-code list; portal remarks are the operative text.
epfo-rr-008-official,epfo-rr-008,Aadhaar OTP or UIDAI e-KYC authentication failed at claim submission,Official OCS FAQ: members applying online are required to authenticate claim submission using OTP sent to their UIDAI registered mobile number giving consent to UIDAI to share their e-KYC (Aadhaar) credentials to EPFO.,official_or_commonly_seen_status,KYC_Identity,high,high,https://www.epfindia.gov.in/site_docs/PDFs/MiscPDFs/FAQ_OCS_050517_1017.pdf | https://www.epfindia.gov.in/site_docs/PDFs/MiscPDFs/OCS_FAQ_Eligibility_102017.pdf | https://unifiedportal-mem.epfindia.gov.in/memberinterface/,OCS FAQ Q11. No invented error code.
epfo-rr-009-a01,epfo-rr-009,"Registered mobile number inactive, not Aadhaar-linked, or not receiving EPFO/UIDAI OTPs",Mobile number not working,alias_or_portal_remark,KYC_Identity,high,high,https://www.epfindia.gov.in/site_docs/PDFs/MiscPDFs/FAQ_OCS_050517_1017.pdf | https://unifiedportal-mem.epfindia.gov.in/memberinterface/ | https://pfbalancecheck.com/epfo-claim-rejected-reason/,Compiled from source records. EPFO does not publish a numbered rejection-code list; portal remarks are the operative text.
epfo-rr-009-a02,epfo-rr-009,"Registered mobile number inactive, not Aadhaar-linked, or not receiving EPFO/UIDAI OTPs",UAN mobile mismatch,alias_or_portal_remark,KYC_Identity,high,high,https://www.epfindia.gov.in/site_docs/PDFs/MiscPDFs/FAQ_OCS_050517_1017.pdf | https://unifiedportal-mem.epfindia.gov.in/memberinterface/ | https://pfbalancecheck.com/epfo-claim-rejected-reason/,Compiled from source records. EPFO does not publish a numbered rejection-code list; portal remarks are the operative text.
epfo-rr-009-a03,epfo-rr-009,"Registered mobile number inactive, not Aadhaar-linked, or not receiving EPFO/UIDAI OTPs",OTP not received on registered mobile,alias_or_portal_remark,KYC_Identity,high,high,https://www.epfindia.gov.in/site_docs/PDFs/MiscPDFs/FAQ_OCS_050517_1017.pdf | https://unifiedportal-mem.epfindia.gov.in/memberinterface/ | https://pfbalancecheck.com/epfo-claim-rejected-reason/,Compiled from source records. EPFO does not publish a numbered rejection-code list; portal remarks are the operative text.
epfo-rr-009-official,epfo-rr-009,"Registered mobile number inactive, not Aadhaar-linked, or not receiving EPFO/UIDAI OTPs","OCS FAQ requires the mobile used for activating UAN to be in working condition, and claim OTP to go to the UIDAI-registered mobile.",official_or_commonly_seen_status,KYC_Identity,high,high,https://www.epfindia.gov.in/site_docs/PDFs/MiscPDFs/FAQ_OCS_050517_1017.pdf | https://unifiedportal-mem.epfindia.gov.in/memberinterface/ | https://pfbalancecheck.com/epfo-claim-rejected-reason/,
epfo-rr-010-a01,epfo-rr-010,KYC uploaded but pending employer digital verification,KYC pending,alias_or_portal_remark,KYC_Identity,critical,high,https://www.epfindia.gov.in/site_docs/PDFs/MiscPDFs/FAQ_OCS_050517_1017.pdf | https://finright.in/blogs/most-common-reasons-for-epf-claim-rejections-and-tips-to-avoid-them | https://pfbalancecheck.com/epfo-claim-rejected-reason/ | https://hrsoftwaredelhi.com/pf-withdrawal-process/ | https://www.reddit.com/r/india/comments/1tp295c/epfo_rejected_your_pf_claim_dont_panic_after/,Compiled from source records. EPFO does not publish a numbered rejection-code list; portal remarks are the operative text.
epfo-rr-010-a02,epfo-rr-010,KYC uploaded but pending employer digital verification,KYC not approved,alias_or_portal_remark,KYC_Identity,critical,high,https://www.epfindia.gov.in/site_docs/PDFs/MiscPDFs/FAQ_OCS_050517_1017.pdf | https://finright.in/blogs/most-common-reasons-for-epf-claim-rejections-and-tips-to-avoid-them | https://pfbalancecheck.com/epfo-claim-rejected-reason/ | https://hrsoftwaredelhi.com/pf-withdrawal-process/ | https://www.reddit.com/r/india/comments/1tp295c/epfo_rejected_your_pf_claim_dont_panic_after/,Compiled from source records. EPFO does not publish a numbered rejection-code list; portal remarks are the operative text.
epfo-rr-010-a03,epfo-rr-010,KYC uploaded but pending employer digital verification,KYC pending for employer approval,alias_or_portal_remark,KYC_Identity,critical,high,https://www.epfindia.gov.in/site_docs/PDFs/MiscPDFs/FAQ_OCS_050517_1017.pdf | https://finright.in/blogs/most-common-reasons-for-epf-claim-rejections-and-tips-to-avoid-them | https://pfbalancecheck.com/epfo-claim-rejected-reason/ | https://hrsoftwaredelhi.com/pf-withdrawal-process/ | https://www.reddit.com/r/india/comments/1tp295c/epfo_rejected_your_pf_claim_dont_panic_after/,Compiled from source records. EPFO does not publish a numbered rejection-code list; portal remarks are the operative text.
epfo-rr-010-a04,epfo-rr-010,KYC uploaded but pending employer digital verification,Unverified KYC,alias_or_portal_remark,KYC_Identity,critical,high,https://www.epfindia.gov.in/site_docs/PDFs/MiscPDFs/FAQ_OCS_050517_1017.pdf | https://finright.in/blogs/most-common-reasons-for-epf-claim-rejections-and-tips-to-avoid-them | https://pfbalancecheck.com/epfo-claim-rejected-reason/ | https://hrsoftwaredelhi.com/pf-withdrawal-process/ | https://www.reddit.com/r/india/comments/1tp295c/epfo_rejected_your_pf_claim_dont_panic_after/,Compiled from source records. EPFO does not publish a numbered rejection-code list; portal remarks are the operative text.
epfo-rr-010-a05,epfo-rr-010,KYC uploaded but pending employer digital verification,Green tick missing on KYC,alias_or_portal_remark,KYC_Identity,critical,high,https://www.epfindia.gov.in/site_docs/PDFs/MiscPDFs/FAQ_OCS_050517_1017.pdf | https://finright.in/blogs/most-common-reasons-for-epf-claim-rejections-and-tips-to-avoid-them | https://pfbalancecheck.com/epfo-claim-rejected-reason/ | https://hrsoftwaredelhi.com/pf-withdrawal-process/ | https://www.reddit.com/r/india/comments/1tp295c/epfo_rejected_your_pf_claim_dont_panic_after/,Compiled from source records. EPFO does not publish a numbered rejection-code list; portal remarks are the operative text.
epfo-rr-010-a06,epfo-rr-010,KYC uploaded but pending employer digital verification,KYC uploaded but not verified,alias_or_portal_remark,KYC_Identity,critical,high,https://www.epfindia.gov.in/site_docs/PDFs/MiscPDFs/FAQ_OCS_050517_1017.pdf | https://finright.in/blogs/most-common-reasons-for-epf-claim-rejections-and-tips-to-avoid-them | https://pfbalancecheck.com/epfo-claim-rejected-reason/ | https://hrsoftwaredelhi.com/pf-withdrawal-process/ | https://www.reddit.com/r/india/comments/1tp295c/epfo_rejected_your_pf_claim_dont_panic_after/,Compiled from source records. EPFO does not publish a numbered rejection-code list; portal remarks are the operative text.
epfo-rr-010-a07,epfo-rr-010,KYC uploaded but pending employer digital verification,Employer approval pending KYC,alias_or_portal_remark,KYC_Identity,critical,high,https://www.epfindia.gov.in/site_docs/PDFs/MiscPDFs/FAQ_OCS_050517_1017.pdf | https://finright.in/blogs/most-common-reasons-for-epf-claim-rejections-and-tips-to-avoid-them | https://pfbalancecheck.com/epfo-claim-rejected-reason/ | https://hrsoftwaredelhi.com/pf-withdrawal-process/ | https://www.reddit.com/r/india/comments/1tp295c/epfo_rejected_your_pf_claim_dont_panic_after/,Compiled from source records. EPFO does not publish a numbered rejection-code list; portal remarks are the operative text.
epfo-rr-010-a08,epfo-rr-010,KYC uploaded but pending employer digital verification,SMS: Claim Rejected KYC Pending,alias_or_portal_remark,KYC_Identity,critical,high,https://www.epfindia.gov.in/site_docs/PDFs/MiscPDFs/FAQ_OCS_050517_1017.pdf | https://finright.in/blogs/most-common-reasons-for-epf-claim-rejections-and-tips-to-avoid-them | https://pfbalancecheck.com/epfo-claim-rejected-reason/ | https://hrsoftwaredelhi.com/pf-withdrawal-process/ | https://www.reddit.com/r/india/comments/1tp295c/epfo_rejected_your_pf_claim_dont_panic_after/,Compiled from source records. EPFO does not publish a numbered rejection-code list; portal remarks are the operative text.
epfo-rr-010-official,epfo-rr-010,KYC uploaded but pending employer digital verification,"Portal: 'KYC pending' / 'KYC not verified' / 'KYC not approved'. Aadhaar, PAN and bank must typically show Verified, not merely displayed.",official_or_commonly_seen_status,KYC_Identity,critical,high,https://www.epfindia.gov.in/site_docs/PDFs/MiscPDFs/FAQ_OCS_050517_1017.pdf | https://finright.in/blogs/most-common-reasons-for-epf-claim-rejections-and-tips-to-avoid-them | https://pfbalancecheck.com/epfo-claim-rejected-reason/ | https://hrsoftwaredelhi.com/pf-withdrawal-process/ | https://www.reddit.com/r/india/comments/1tp295c/epfo_rejected_your_pf_claim_dont_panic_after/,Forum reports used only as secondary confirmation of the Pending vs Verified distinction.
epfo-rr-011-a01,epfo-rr-011,Aadhaar already linked to another UAN,Aadhaar linked with different UAN,alias_or_portal_remark,KYC_Identity,high,high,https://www.epfindia.gov.in/site_docs/PDFs/MiscPDFs/FAQ_OCS_050517_1017.pdf | https://www.epfindia.gov.in/site_docs/PDFs/Circulars/Y2023-2024/SOP_WSU_new.pdf | https://finright.in/blogs/most-common-reasons-for-epf-claim-rejections-and-tips-to-avoid-them | https://zerodha.com/z-connect/varsity/epfo-claim-rejections-what-is-service-overlap-and-how-to-merge-pf-accounts,Compiled from source records. EPFO does not publish a numbered rejection-code list; portal remarks are the operative text.
epfo-rr-011-a02,epfo-rr-011,Aadhaar already linked to another UAN,Duplicate UAN Aadhaar conflict,alias_or_portal_remark,KYC_Identity,high,high,https://www.epfindia.gov.in/site_docs/PDFs/MiscPDFs/FAQ_OCS_050517_1017.pdf | https://www.epfindia.gov.in/site_docs/PDFs/Circulars/Y2023-2024/SOP_WSU_new.pdf | https://finright.in/blogs/most-common-reasons-for-epf-claim-rejections-and-tips-to-avoid-them | https://zerodha.com/z-connect/varsity/epfo-claim-rejections-what-is-service-overlap-and-how-to-merge-pf-accounts,Compiled from source records. EPFO does not publish a numbered rejection-code list; portal remarks are the operative text.
epfo-rr-011-a03,epfo-rr-011,Aadhaar already linked to another UAN,Cannot seed Aadhaar already used,alias_or_portal_remark,KYC_Identity,high,high,https://www.epfindia.gov.in/site_docs/PDFs/MiscPDFs/FAQ_OCS_050517_1017.pdf | https://www.epfindia.gov.in/site_docs/PDFs/Circulars/Y2023-2024/SOP_WSU_new.pdf | https://finright.in/blogs/most-common-reasons-for-epf-claim-rejections-and-tips-to-avoid-them | https://zerodha.com/z-connect/varsity/epfo-claim-rejections-what-is-service-overlap-and-how-to-merge-pf-accounts,Compiled from source records. EPFO does not publish a numbered rejection-code list; portal remarks are the operative text.
epfo-rr-011-official,epfo-rr-011,Aadhaar already linked to another UAN,Typically a seeding error on Manage > KYC rather than a post-claim remark. Members see that Aadhaar cannot be linked because it is already associated with another UAN.,official_or_commonly_seen_status,KYC_Identity,high,high,https://www.epfindia.gov.in/site_docs/PDFs/MiscPDFs/FAQ_OCS_050517_1017.pdf | https://www.epfindia.gov.in/site_docs/PDFs/Circulars/Y2023-2024/SOP_WSU_new.pdf | https://finright.in/blogs/most-common-reasons-for-epf-claim-rejections-and-tips-to-avoid-them | https://zerodha.com/z-connect/varsity/epfo-claim-rejections-what-is-service-overlap-and-how-to-merge-pf-accounts,"SOP treats Aadhaar number change as major, allowed once. Merge process UI labels vary; use official portal + EPFiGMS rather than agents."
epfo-rr-012-a01,epfo-rr-012,"Name mismatch caused by initials, honorifics, extra spaces, or expanded vs abbreviated middle name",Initial vs expanded name,alias_or_portal_remark,KYC_Identity,high,high,https://www.epfindia.gov.in/site_docs/PDFs/Circulars/Y2023-2024/SOP_WSU_new.pdf | https://taxguru.in/corporate-law/epfo-joint-declaration-process-member-profile-updation.html | https://www.livemint.com/money/personal-finance/epfo-top-reasons-your-employees-provident-fund-settlement-claims-rejected-explained-epf-scheme-document-errors-mismatch-11783073513956.html | https://cleartax.in/c/pf-withdrawal-online | https://finright.in/blogs/most-common-reasons-for-epf-claim-rejections-and-tips-to-avoid-them,Compiled from source records. EPFO does not publish a numbered rejection-code list; portal remarks are the operative text.
epfo-rr-012-a02,epfo-rr-012,"Name mismatch caused by initials, honorifics, extra spaces, or expanded vs abbreviated middle name",Mr/Mrs/Dr prefix in UAN,alias_or_portal_remark,KYC_Identity,high,high,https://www.epfindia.gov.in/site_docs/PDFs/Circulars/Y2023-2024/SOP_WSU_new.pdf | https://taxguru.in/corporate-law/epfo-joint-declaration-process-member-profile-updation.html | https://www.livemint.com/money/personal-finance/epfo-top-reasons-your-employees-provident-fund-settlement-claims-rejected-explained-epf-scheme-document-errors-mismatch-11783073513956.html | https://cleartax.in/c/pf-withdrawal-online | https://finright.in/blogs/most-common-reasons-for-epf-claim-rejections-and-tips-to-avoid-them,Compiled from source records. EPFO does not publish a numbered rejection-code list; portal remarks are the operative text.
epfo-rr-012-a03,epfo-rr-012,"Name mismatch caused by initials, honorifics, extra spaces, or expanded vs abbreviated middle name",Extra space in name,alias_or_portal_remark,KYC_Identity,high,high,https://www.epfindia.gov.in/site_docs/PDFs/Circulars/Y2023-2024/SOP_WSU_new.pdf | https://taxguru.in/corporate-law/epfo-joint-declaration-process-member-profile-updation.html | https://www.livemint.com/money/personal-finance/epfo-top-reasons-your-employees-provident-fund-settlement-claims-rejected-explained-epf-scheme-document-errors-mismatch-11783073513956.html | https://cleartax.in/c/pf-withdrawal-online | https://finright.in/blogs/most-common-reasons-for-epf-claim-rejections-and-tips-to-avoid-them,Compiled from source records. EPFO does not publish a numbered rejection-code list; portal remarks are the operative text.
epfo-rr-012-a04,epfo-rr-012,"Name mismatch caused by initials, honorifics, extra spaces, or expanded vs abbreviated middle name",Sandeep K vs Sandeep Kumar,alias_or_portal_remark,KYC_Identity,high,high,https://www.epfindia.gov.in/site_docs/PDFs/Circulars/Y2023-2024/SOP_WSU_new.pdf | https://taxguru.in/corporate-law/epfo-joint-declaration-process-member-profile-updation.html | https://www.livemint.com/money/personal-finance/epfo-top-reasons-your-employees-provident-fund-settlement-claims-rejected-explained-epf-scheme-document-errors-mismatch-11783073513956.html | https://cleartax.in/c/pf-withdrawal-online | https://finright.in/blogs/most-common-reasons-for-epf-claim-rejections-and-tips-to-avoid-them,Compiled from source records. EPFO does not publish a numbered rejection-code list; portal remarks are the operative text.
epfo-rr-012-official,epfo-rr-012,"Name mismatch caused by initials, honorifics, extra spaces, or expanded vs abbreviated middle name",Same family of remarks as name mismatch. SOP JD/2022/1 treats removing salutations like Shri/Dr/Mr/Mrs/Miss as a minor name change; expanding the name is major.,official_or_commonly_seen_status,KYC_Identity,high,high,https://www.epfindia.gov.in/site_docs/PDFs/Circulars/Y2023-2024/SOP_WSU_new.pdf | https://taxguru.in/corporate-law/epfo-joint-declaration-process-member-profile-updation.html | https://www.livemint.com/money/personal-finance/epfo-top-reasons-your-employees-provident-fund-settlement-claims-rejected-explained-epf-scheme-document-errors-mismatch-11783073513956.html | https://cleartax.in/c/pf-withdrawal-online | https://finright.in/blogs/most-common-reasons-for-epf-claim-rejections-and-tips-to-avoid-them,Canonical related reason is epfo-rr-001; this record exists because the SOP's minor/major split and the initials pattern are operationally distinct.
epfo-rr-013-a01,epfo-rr-013,"Joint Declaration for profile correction pending, returned, or rejected",JD pending with employer,alias_or_portal_remark,KYC_Identity,high,high,https://www.epfindia.gov.in/site_docs/PDFs/Circulars/Y2023-2024/SOP_WSU_new.pdf | https://taxguru.in/corporate-law/epfo-joint-declaration-process-member-profile-updation.html | https://economictimes.indiatimes.com/wealth/invest/epf-members-can-do-kyc-correction-in-provident-fund-account-online-here-is-a-step-by-step-guide-to-do-it/articleshow/108634621.cms | https://epfigms.gov.in/,Compiled from source records. EPFO does not publish a numbered rejection-code list; portal remarks are the operative text.
epfo-rr-013-a02,epfo-rr-013,"Joint Declaration for profile correction pending, returned, or rejected",Joint declaration rejected,alias_or_portal_remark,KYC_Identity,high,high,https://www.epfindia.gov.in/site_docs/PDFs/Circulars/Y2023-2024/SOP_WSU_new.pdf | https://taxguru.in/corporate-law/epfo-joint-declaration-process-member-profile-updation.html | https://economictimes.indiatimes.com/wealth/invest/epf-members-can-do-kyc-correction-in-provident-fund-account-online-here-is-a-step-by-step-guide-to-do-it/articleshow/108634621.cms | https://epfigms.gov.in/,Compiled from source records. EPFO does not publish a numbered rejection-code list; portal remarks are the operative text.
epfo-rr-013-a03,epfo-rr-013,"Joint Declaration for profile correction pending, returned, or rejected",Profile correction not approved,alias_or_portal_remark,KYC_Identity,high,high,https://www.epfindia.gov.in/site_docs/PDFs/Circulars/Y2023-2024/SOP_WSU_new.pdf | https://taxguru.in/corporate-law/epfo-joint-declaration-process-member-profile-updation.html | https://economictimes.indiatimes.com/wealth/invest/epf-members-can-do-kyc-correction-in-provident-fund-account-online-here-is-a-step-by-step-guide-to-do-it/articleshow/108634621.cms | https://epfigms.gov.in/,Compiled from source records. EPFO does not publish a numbered rejection-code list; portal remarks are the operative text.
epfo-rr-013-a04,epfo-rr-013,"Joint Declaration for profile correction pending, returned, or rejected",Modify basic details rejected,alias_or_portal_remark,KYC_Identity,high,high,https://www.epfindia.gov.in/site_docs/PDFs/Circulars/Y2023-2024/SOP_WSU_new.pdf | https://taxguru.in/corporate-law/epfo-joint-declaration-process-member-profile-updation.html | https://economictimes.indiatimes.com/wealth/invest/epf-members-can-do-kyc-correction-in-provident-fund-account-online-here-is-a-step-by-step-guide-to-do-it/articleshow/108634621.cms | https://epfigms.gov.in/,Compiled from source records. EPFO does not publish a numbered rejection-code list; portal remarks are the operative text.
epfo-rr-013-a05,epfo-rr-013,"Joint Declaration for profile correction pending, returned, or rejected",Joint Declaration pending claim blocked,alias_or_portal_remark,KYC_Identity,high,high,https://www.epfindia.gov.in/site_docs/PDFs/Circulars/Y2023-2024/SOP_WSU_new.pdf | https://taxguru.in/corporate-law/epfo-joint-declaration-process-member-profile-updation.html | https://economictimes.indiatimes.com/wealth/invest/epf-members-can-do-kyc-correction-in-provident-fund-account-online-here-is-a-step-by-step-guide-to-do-it/articleshow/108634621.cms | https://epfigms.gov.in/,Compiled from source records. EPFO does not publish a numbered rejection-code list; portal remarks are the operative text.
epfo-rr-013-a06,epfo-rr-013,"Joint Declaration for profile correction pending, returned, or rejected",JD returned by employer,alias_or_portal_remark,KYC_Identity,high,high,https://www.epfindia.gov.in/site_docs/PDFs/Circulars/Y2023-2024/SOP_WSU_new.pdf | https://taxguru.in/corporate-law/epfo-joint-declaration-process-member-profile-updation.html | https://economictimes.indiatimes.com/wealth/invest/epf-members-can-do-kyc-correction-in-provident-fund-account-online-here-is-a-step-by-step-guide-to-do-it/articleshow/108634621.cms | https://epfigms.gov.in/,Compiled from source records. EPFO does not publish a numbered rejection-code list; portal remarks are the operative text.
epfo-rr-013-a07,epfo-rr-013,"Joint Declaration for profile correction pending, returned, or rejected",Modify basic details under process,alias_or_portal_remark,KYC_Identity,high,high,https://www.epfindia.gov.in/site_docs/PDFs/Circulars/Y2023-2024/SOP_WSU_new.pdf | https://taxguru.in/corporate-law/epfo-joint-declaration-process-member-profile-updation.html | https://economictimes.indiatimes.com/wealth/invest/epf-members-can-do-kyc-correction-in-provident-fund-account-online-here-is-a-step-by-step-guide-to-do-it/articleshow/108634621.cms | https://epfigms.gov.in/,Compiled from source records. EPFO does not publish a numbered rejection-code list; portal remarks are the operative text.
epfo-rr-013-official,epfo-rr-013,"Joint Declaration for profile correction pending, returned, or rejected","Tracked under member portal Joint Declaration / Update Details Processed Requests. Employer may return with comments; EPFO approver may reject specifying grounds. SOP timelines: minor T+7 days, major T+15 days at field office after DA receipt (plus 3 days if referred to EO).",official_or_commonly_seen_status,KYC_Identity,high,high,https://www.epfindia.gov.in/site_docs/PDFs/Circulars/Y2023-2024/SOP_WSU_new.pdf | https://taxguru.in/corporate-law/epfo-joint-declaration-process-member-profile-updation.html | https://economictimes.indiatimes.com/wealth/invest/epf-members-can-do-kyc-correction-in-provident-fund-account-online-here-is-a-step-by-step-guide-to-do-it/articleshow/108634621.cms | https://epfigms.gov.in/,Circular WSU/2022/Rationalisation of work areas/Joint Declaration (E-54018)/3638 dated 22.08.2023; SOP No. JD/2022/1. Later SOP versions (e.g. JD/2024/1) may refine screens; verify current portal labels.
epfo-rr-014-a01,epfo-rr-014,PAN name or date of birth does not match UAN/Aadhaar,PAN demographic mismatch,alias_or_portal_remark,KYC_Identity,medium,medium,https://www.epfindia.gov.in/site_docs/PDFs/MiscPDFs/FAQ_OCS_050517_1017.pdf | https://economictimes.indiatimes.com/wealth/invest/epf-members-can-do-kyc-correction-in-provident-fund-account-online-here-is-a-step-by-step-guide-to-do-it/articleshow/108634621.cms | https://finright.in/blogs/most-common-reasons-for-epf-claim-rejections-and-tips-to-avoid-them,Compiled from source records. EPFO does not publish a numbered rejection-code list; portal remarks are the operative text.
epfo-rr-014-a02,epfo-rr-014,PAN name or date of birth does not match UAN/Aadhaar,PAN-Aadhaar mismatch,alias_or_portal_remark,KYC_Identity,medium,medium,https://www.epfindia.gov.in/site_docs/PDFs/MiscPDFs/FAQ_OCS_050517_1017.pdf | https://economictimes.indiatimes.com/wealth/invest/epf-members-can-do-kyc-correction-in-provident-fund-account-online-here-is-a-step-by-step-guide-to-do-it/articleshow/108634621.cms | https://finright.in/blogs/most-common-reasons-for-epf-claim-rejections-and-tips-to-avoid-them,Compiled from source records. EPFO does not publish a numbered rejection-code list; portal remarks are the operative text.
epfo-rr-014-a03,epfo-rr-014,PAN name or date of birth does not match UAN/Aadhaar,PAN KYC failed,alias_or_portal_remark,KYC_Identity,medium,medium,https://www.epfindia.gov.in/site_docs/PDFs/MiscPDFs/FAQ_OCS_050517_1017.pdf | https://economictimes.indiatimes.com/wealth/invest/epf-members-can-do-kyc-correction-in-provident-fund-account-online-here-is-a-step-by-step-guide-to-do-it/articleshow/108634621.cms | https://finright.in/blogs/most-common-reasons-for-epf-claim-rejections-and-tips-to-avoid-them,Compiled from source records. EPFO does not publish a numbered rejection-code list; portal remarks are the operative text.
epfo-rr-014-official,epfo-rr-014,PAN name or date of birth does not match UAN/Aadhaar,Appears as PAN KYC failed/rejected rather than a unique claim code. Distinct from 'PAN not seeded' (epfo-rr-006).,official_or_commonly_seen_status,KYC_Identity,medium,medium,https://www.epfindia.gov.in/site_docs/PDFs/MiscPDFs/FAQ_OCS_050517_1017.pdf | https://economictimes.indiatimes.com/wealth/invest/epf-members-can-do-kyc-correction-in-provident-fund-account-online-here-is-a-step-by-step-guide-to-do-it/articleshow/108634621.cms | https://finright.in/blogs/most-common-reasons-for-epf-claim-rejections-and-tips-to-avoid-them,PAN-Aadhaar linking is an Income Tax Department process; EPFO consumes the result.
epfo-rr-015-a01,epfo-rr-015,Bank account and IFSC not seeded in EPFO database,Bank details not seeded,alias_or_portal_remark,Bank_Payment,critical,high,https://www.epfindia.gov.in/site_docs/PDFs/MiscPDFs/FAQ_OCS_050517_1017.pdf | https://www.epfindia.gov.in/site_docs/PDFs/MiscPDFs/OCS_FAQ_Eligibility_102017.pdf | https://www.epfindia.gov.in/site_docs/PDFs/Downloads_PDFs/Instructions_CCF_aadhar.pdf | https://cleartax.in/c/pf-withdrawal-online | https://www.livemint.com/money/personal-finance/epfo-top-reasons-your-employees-provident-fund-settlement-claims-rejected-explained-epf-scheme-document-errors-mismatch-11783073513956.html | https://unifiedportal-mem.epfindia.gov.in/memberinterface/,Compiled from source records. EPFO does not publish a numbered rejection-code list; portal remarks are the operative text.
epfo-rr-015-a02,epfo-rr-015,Bank account and IFSC not seeded in EPFO database,Bank account not linked,alias_or_portal_remark,Bank_Payment,critical,high,https://www.epfindia.gov.in/site_docs/PDFs/MiscPDFs/FAQ_OCS_050517_1017.pdf | https://www.epfindia.gov.in/site_docs/PDFs/MiscPDFs/OCS_FAQ_Eligibility_102017.pdf | https://www.epfindia.gov.in/site_docs/PDFs/Downloads_PDFs/Instructions_CCF_aadhar.pdf | https://cleartax.in/c/pf-withdrawal-online | https://www.livemint.com/money/personal-finance/epfo-top-reasons-your-employees-provident-fund-settlement-claims-rejected-explained-epf-scheme-document-errors-mismatch-11783073513956.html | https://unifiedportal-mem.epfindia.gov.in/memberinterface/,Compiled from source records. EPFO does not publish a numbered rejection-code list; portal remarks are the operative text.
epfo-rr-015-a03,epfo-rr-015,Bank account and IFSC not seeded in EPFO database,IFSC not available in UAN,alias_or_portal_remark,Bank_Payment,critical,high,https://www.epfindia.gov.in/site_docs/PDFs/MiscPDFs/FAQ_OCS_050517_1017.pdf | https://www.epfindia.gov.in/site_docs/PDFs/MiscPDFs/OCS_FAQ_Eligibility_102017.pdf | https://www.epfindia.gov.in/site_docs/PDFs/Downloads_PDFs/Instructions_CCF_aadhar.pdf | https://cleartax.in/c/pf-withdrawal-online | https://www.livemint.com/money/personal-finance/epfo-top-reasons-your-employees-provident-fund-settlement-claims-rejected-explained-epf-scheme-document-errors-mismatch-11783073513956.html | https://unifiedportal-mem.epfindia.gov.in/memberinterface/,Compiled from source records. EPFO does not publish a numbered rejection-code list; portal remarks are the operative text.
epfo-rr-015-a04,epfo-rr-015,Bank account and IFSC not seeded in EPFO database,Bank KYC not uploaded,alias_or_portal_remark,Bank_Payment,critical,high,https://www.epfindia.gov.in/site_docs/PDFs/MiscPDFs/FAQ_OCS_050517_1017.pdf | https://www.epfindia.gov.in/site_docs/PDFs/MiscPDFs/OCS_FAQ_Eligibility_102017.pdf | https://www.epfindia.gov.in/site_docs/PDFs/Downloads_PDFs/Instructions_CCF_aadhar.pdf | https://cleartax.in/c/pf-withdrawal-online | https://www.livemint.com/money/personal-finance/epfo-top-reasons-your-employees-provident-fund-settlement-claims-rejected-explained-epf-scheme-document-errors-mismatch-11783073513956.html | https://unifiedportal-mem.epfindia.gov.in/memberinterface/,Compiled from source records. EPFO does not publish a numbered rejection-code list; portal remarks are the operative text.
epfo-rr-015-a05,epfo-rr-015,Bank account and IFSC not seeded in EPFO database,Bank account not linked to UAN,alias_or_portal_remark,Bank_Payment,critical,high,https://www.epfindia.gov.in/site_docs/PDFs/MiscPDFs/FAQ_OCS_050517_1017.pdf | https://www.epfindia.gov.in/site_docs/PDFs/MiscPDFs/OCS_FAQ_Eligibility_102017.pdf | https://www.epfindia.gov.in/site_docs/PDFs/Downloads_PDFs/Instructions_CCF_aadhar.pdf | https://cleartax.in/c/pf-withdrawal-online | https://www.livemint.com/money/personal-finance/epfo-top-reasons-your-employees-provident-fund-settlement-claims-rejected-explained-epf-scheme-document-errors-mismatch-11783073513956.html | https://unifiedportal-mem.epfindia.gov.in/memberinterface/,Compiled from source records. EPFO does not publish a numbered rejection-code list; portal remarks are the operative text.
epfo-rr-015-a06,epfo-rr-015,Bank account and IFSC not seeded in EPFO database,Add bank details before claim,alias_or_portal_remark,Bank_Payment,critical,high,https://www.epfindia.gov.in/site_docs/PDFs/MiscPDFs/FAQ_OCS_050517_1017.pdf | https://www.epfindia.gov.in/site_docs/PDFs/MiscPDFs/OCS_FAQ_Eligibility_102017.pdf | https://www.epfindia.gov.in/site_docs/PDFs/Downloads_PDFs/Instructions_CCF_aadhar.pdf | https://cleartax.in/c/pf-withdrawal-online | https://www.livemint.com/money/personal-finance/epfo-top-reasons-your-employees-provident-fund-settlement-claims-rejected-explained-epf-scheme-document-errors-mismatch-11783073513956.html | https://unifiedportal-mem.epfindia.gov.in/memberinterface/,Compiled from source records. EPFO does not publish a numbered rejection-code list; portal remarks are the operative text.
epfo-rr-015-a07,epfo-rr-015,Bank account and IFSC not seeded in EPFO database,IFSC not seeded,alias_or_portal_remark,Bank_Payment,critical,high,https://www.epfindia.gov.in/site_docs/PDFs/MiscPDFs/FAQ_OCS_050517_1017.pdf | https://www.epfindia.gov.in/site_docs/PDFs/MiscPDFs/OCS_FAQ_Eligibility_102017.pdf | https://www.epfindia.gov.in/site_docs/PDFs/Downloads_PDFs/Instructions_CCF_aadhar.pdf | https://cleartax.in/c/pf-withdrawal-online | https://www.livemint.com/money/personal-finance/epfo-top-reasons-your-employees-provident-fund-settlement-claims-rejected-explained-epf-scheme-document-errors-mismatch-11783073513956.html | https://unifiedportal-mem.epfindia.gov.in/memberinterface/,Compiled from source records. EPFO does not publish a numbered rejection-code list; portal remarks are the operative text.
epfo-rr-015-a08,epfo-rr-015,Bank account and IFSC not seeded in EPFO database,SMS: Bank details not available,alias_or_portal_remark,Bank_Payment,critical,high,https://www.epfindia.gov.in/site_docs/PDFs/MiscPDFs/FAQ_OCS_050517_1017.pdf | https://www.epfindia.gov.in/site_docs/PDFs/MiscPDFs/OCS_FAQ_Eligibility_102017.pdf | https://www.epfindia.gov.in/site_docs/PDFs/Downloads_PDFs/Instructions_CCF_aadhar.pdf | https://cleartax.in/c/pf-withdrawal-online | https://www.livemint.com/money/personal-finance/epfo-top-reasons-your-employees-provident-fund-settlement-claims-rejected-explained-epf-scheme-document-errors-mismatch-11783073513956.html | https://unifiedportal-mem.epfindia.gov.in/memberinterface/,Compiled from source records. EPFO does not publish a numbered rejection-code list; portal remarks are the operative text.
epfo-rr-015-official,epfo-rr-015,Bank account and IFSC not seeded in EPFO database,"Official OCS FAQ: Member's Bank Account along with IFSC code should be seeded in EPFO database. Without seeded bank details, online claims cannot be paid by NEFT.",official_or_commonly_seen_status,Bank_Payment,critical,high,https://www.epfindia.gov.in/site_docs/PDFs/MiscPDFs/FAQ_OCS_050517_1017.pdf | https://www.epfindia.gov.in/site_docs/PDFs/MiscPDFs/OCS_FAQ_Eligibility_102017.pdf | https://www.epfindia.gov.in/site_docs/PDFs/Downloads_PDFs/Instructions_CCF_aadhar.pdf | https://cleartax.in/c/pf-withdrawal-online | https://www.livemint.com/money/personal-finance/epfo-top-reasons-your-employees-provident-fund-settlement-claims-rejected-explained-epf-scheme-document-errors-mismatch-11783073513956.html | https://unifiedportal-mem.epfindia.gov.in/memberinterface/,OCS FAQ Q2(c) and Q8 (do not file online if you want a different bank account; change KYC first).
epfo-rr-016-a01,epfo-rr-016,Bank KYC not verified or NPCI account validation failed,Bank KYC not verified,alias_or_portal_remark,Bank_Payment,critical,high,https://www.epfindia.gov.in/site_docs/PDFs/MiscPDFs/FAQ_OCS_050517_1017.pdf | https://www.livemint.com/money/personal-finance/epfo-top-reasons-your-employees-provident-fund-settlement-claims-rejected-explained-epf-scheme-document-errors-mismatch-11783073513956.html | https://www.epfindia.gov.in/site_docs/PDFs/Circulars/Y2025-2026/Circular_RemovalOfUploadingImage.pdf | https://www.timesnownews.com/business-economy/personal-finance/epfo-processed-8-3-crore-claims-in-fy26-cancelled-cheque-upload-no-longer-required-article-155357857 | https://www.reddit.com/r/india/comments/1tp295c/epfo_rejected_your_pf_claim_dont_panic_after/ | https://finright.in/blogs/most-common-reasons-for-epf-claim-rejections-and-tips-to-avoid-them | https://kustodian.life/resources/epf-claim-rejected-reasons-guide,Compiled from source records. EPFO does not publish a numbered rejection-code list; portal remarks are the operative text.
epfo-rr-016-a02,epfo-rr-016,Bank KYC not verified or NPCI account validation failed,NPCI verification failed,alias_or_portal_remark,Bank_Payment,critical,high,https://www.epfindia.gov.in/site_docs/PDFs/MiscPDFs/FAQ_OCS_050517_1017.pdf | https://www.livemint.com/money/personal-finance/epfo-top-reasons-your-employees-provident-fund-settlement-claims-rejected-explained-epf-scheme-document-errors-mismatch-11783073513956.html | https://www.epfindia.gov.in/site_docs/PDFs/Circulars/Y2025-2026/Circular_RemovalOfUploadingImage.pdf | https://www.timesnownews.com/business-economy/personal-finance/epfo-processed-8-3-crore-claims-in-fy26-cancelled-cheque-upload-no-longer-required-article-155357857 | https://www.reddit.com/r/india/comments/1tp295c/epfo_rejected_your_pf_claim_dont_panic_after/ | https://finright.in/blogs/most-common-reasons-for-epf-claim-rejections-and-tips-to-avoid-them | https://kustodian.life/resources/epf-claim-rejected-reasons-guide,Compiled from source records. EPFO does not publish a numbered rejection-code list; portal remarks are the operative text.
epfo-rr-016-a03,epfo-rr-016,Bank KYC not verified or NPCI account validation failed,Bank details not verified,alias_or_portal_remark,Bank_Payment,critical,high,https://www.epfindia.gov.in/site_docs/PDFs/MiscPDFs/FAQ_OCS_050517_1017.pdf | https://www.livemint.com/money/personal-finance/epfo-top-reasons-your-employees-provident-fund-settlement-claims-rejected-explained-epf-scheme-document-errors-mismatch-11783073513956.html | https://www.epfindia.gov.in/site_docs/PDFs/Circulars/Y2025-2026/Circular_RemovalOfUploadingImage.pdf | https://www.timesnownews.com/business-economy/personal-finance/epfo-processed-8-3-crore-claims-in-fy26-cancelled-cheque-upload-no-longer-required-article-155357857 | https://www.reddit.com/r/india/comments/1tp295c/epfo_rejected_your_pf_claim_dont_panic_after/ | https://finright.in/blogs/most-common-reasons-for-epf-claim-rejections-and-tips-to-avoid-them | https://kustodian.life/resources/epf-claim-rejected-reasons-guide,Compiled from source records. EPFO does not publish a numbered rejection-code list; portal remarks are the operative text.
epfo-rr-016-a04,epfo-rr-016,Bank KYC not verified or NPCI account validation failed,Bank account validation failed,alias_or_portal_remark,Bank_Payment,critical,high,https://www.epfindia.gov.in/site_docs/PDFs/MiscPDFs/FAQ_OCS_050517_1017.pdf | https://www.livemint.com/money/personal-finance/epfo-top-reasons-your-employees-provident-fund-settlement-claims-rejected-explained-epf-scheme-document-errors-mismatch-11783073513956.html | https://www.epfindia.gov.in/site_docs/PDFs/Circulars/Y2025-2026/Circular_RemovalOfUploadingImage.pdf | https://www.timesnownews.com/business-economy/personal-finance/epfo-processed-8-3-crore-claims-in-fy26-cancelled-cheque-upload-no-longer-required-article-155357857 | https://www.reddit.com/r/india/comments/1tp295c/epfo_rejected_your_pf_claim_dont_panic_after/ | https://finright.in/blogs/most-common-reasons-for-epf-claim-rejections-and-tips-to-avoid-them | https://kustodian.life/resources/epf-claim-rejected-reasons-guide,Compiled from source records. EPFO does not publish a numbered rejection-code list; portal remarks are the operative text.
epfo-rr-016-a05,epfo-rr-016,Bank KYC not verified or NPCI account validation failed,Bank KYC not verified NPCI,alias_or_portal_remark,Bank_Payment,critical,high,https://www.epfindia.gov.in/site_docs/PDFs/MiscPDFs/FAQ_OCS_050517_1017.pdf | https://www.livemint.com/money/personal-finance/epfo-top-reasons-your-employees-provident-fund-settlement-claims-rejected-explained-epf-scheme-document-errors-mismatch-11783073513956.html | https://www.epfindia.gov.in/site_docs/PDFs/Circulars/Y2025-2026/Circular_RemovalOfUploadingImage.pdf | https://www.timesnownews.com/business-economy/personal-finance/epfo-processed-8-3-crore-claims-in-fy26-cancelled-cheque-upload-no-longer-required-article-155357857 | https://www.reddit.com/r/india/comments/1tp295c/epfo_rejected_your_pf_claim_dont_panic_after/ | https://finright.in/blogs/most-common-reasons-for-epf-claim-rejections-and-tips-to-avoid-them | https://kustodian.life/resources/epf-claim-rejected-reasons-guide,Compiled from source records. EPFO does not publish a numbered rejection-code list; portal remarks are the operative text.
epfo-rr-016-a06,epfo-rr-016,Bank KYC not verified or NPCI account validation failed,Account validation failed,alias_or_portal_remark,Bank_Payment,critical,high,https://www.epfindia.gov.in/site_docs/PDFs/MiscPDFs/FAQ_OCS_050517_1017.pdf | https://www.livemint.com/money/personal-finance/epfo-top-reasons-your-employees-provident-fund-settlement-claims-rejected-explained-epf-scheme-document-errors-mismatch-11783073513956.html | https://www.epfindia.gov.in/site_docs/PDFs/Circulars/Y2025-2026/Circular_RemovalOfUploadingImage.pdf | https://www.timesnownews.com/business-economy/personal-finance/epfo-processed-8-3-crore-claims-in-fy26-cancelled-cheque-upload-no-longer-required-article-155357857 | https://www.reddit.com/r/india/comments/1tp295c/epfo_rejected_your_pf_claim_dont_panic_after/ | https://finright.in/blogs/most-common-reasons-for-epf-claim-rejections-and-tips-to-avoid-them | https://kustodian.life/resources/epf-claim-rejected-reasons-guide,Compiled from source records. EPFO does not publish a numbered rejection-code list; portal remarks are the operative text.
epfo-rr-016-a07,epfo-rr-016,Bank KYC not verified or NPCI account validation failed,Bank details not verified on portal,alias_or_portal_remark,Bank_Payment,critical,high,https://www.epfindia.gov.in/site_docs/PDFs/MiscPDFs/FAQ_OCS_050517_1017.pdf | https://www.livemint.com/money/personal-finance/epfo-top-reasons-your-employees-provident-fund-settlement-claims-rejected-explained-epf-scheme-document-errors-mismatch-11783073513956.html | https://www.epfindia.gov.in/site_docs/PDFs/Circulars/Y2025-2026/Circular_RemovalOfUploadingImage.pdf | https://www.timesnownews.com/business-economy/personal-finance/epfo-processed-8-3-crore-claims-in-fy26-cancelled-cheque-upload-no-longer-required-article-155357857 | https://www.reddit.com/r/india/comments/1tp295c/epfo_rejected_your_pf_claim_dont_panic_after/ | https://finright.in/blogs/most-common-reasons-for-epf-claim-rejections-and-tips-to-avoid-them | https://kustodian.life/resources/epf-claim-rejected-reasons-guide,Compiled from source records. EPFO does not publish a numbered rejection-code list; portal remarks are the operative text.
epfo-rr-016-a08,epfo-rr-016,Bank KYC not verified or NPCI account validation failed,NPCI validation failed,alias_or_portal_remark,Bank_Payment,critical,high,https://www.epfindia.gov.in/site_docs/PDFs/MiscPDFs/FAQ_OCS_050517_1017.pdf | https://www.livemint.com/money/personal-finance/epfo-top-reasons-your-employees-provident-fund-settlement-claims-rejected-explained-epf-scheme-document-errors-mismatch-11783073513956.html | https://www.epfindia.gov.in/site_docs/PDFs/Circulars/Y2025-2026/Circular_RemovalOfUploadingImage.pdf | https://www.timesnownews.com/business-economy/personal-finance/epfo-processed-8-3-crore-claims-in-fy26-cancelled-cheque-upload-no-longer-required-article-155357857 | https://www.reddit.com/r/india/comments/1tp295c/epfo_rejected_your_pf_claim_dont_panic_after/ | https://finright.in/blogs/most-common-reasons-for-epf-claim-rejections-and-tips-to-avoid-them | https://kustodian.life/resources/epf-claim-rejected-reasons-guide,Compiled from source records. EPFO does not publish a numbered rejection-code list; portal remarks are the operative text.
epfo-rr-016-a09,epfo-rr-016,Bank KYC not verified or NPCI account validation failed,SMS: Bank KYC not verified,alias_or_portal_remark,Bank_Payment,critical,high,https://www.epfindia.gov.in/site_docs/PDFs/MiscPDFs/FAQ_OCS_050517_1017.pdf | https://www.livemint.com/money/personal-finance/epfo-top-reasons-your-employees-provident-fund-settlement-claims-rejected-explained-epf-scheme-document-errors-mismatch-11783073513956.html | https://www.epfindia.gov.in/site_docs/PDFs/Circulars/Y2025-2026/Circular_RemovalOfUploadingImage.pdf | https://www.timesnownews.com/business-economy/personal-finance/epfo-processed-8-3-crore-claims-in-fy26-cancelled-cheque-upload-no-longer-required-article-155357857 | https://www.reddit.com/r/india/comments/1tp295c/epfo_rejected_your_pf_claim_dont_panic_after/ | https://finright.in/blogs/most-common-reasons-for-epf-claim-rejections-and-tips-to-avoid-them | https://kustodian.life/resources/epf-claim-rejected-reasons-guide,Compiled from source records. EPFO does not publish a numbered rejection-code list; portal remarks are the operative text.
epfo-rr-016-official,epfo-rr-016,Bank KYC not verified or NPCI account validation failed,"Portal: 'KYC incomplete', 'Bank details not verified', 'Bank KYC not verified'. From April 2025, EPFO generally dropped cancelled-cheque upload when the bank/NPCI has already validated the account; unverified accounts may still need an image or get rejected.",official_or_commonly_seen_status,Bank_Payment,critical,high,https://www.epfindia.gov.in/site_docs/PDFs/MiscPDFs/FAQ_OCS_050517_1017.pdf | https://www.livemint.com/money/personal-finance/epfo-top-reasons-your-employees-provident-fund-settlement-claims-rejected-explained-epf-scheme-document-errors-mismatch-11783073513956.html | https://www.epfindia.gov.in/site_docs/PDFs/Circulars/Y2025-2026/Circular_RemovalOfUploadingImage.pdf | https://www.timesnownews.com/business-economy/personal-finance/epfo-processed-8-3-crore-claims-in-fy26-cancelled-cheque-upload-no-longer-required-article-155357857 | https://www.reddit.com/r/india/comments/1tp295c/epfo_rejected_your_pf_claim_dont_panic_after/ | https://finright.in/blogs/most-common-reasons-for-epf-claim-rejections-and-tips-to-avoid-them | https://kustodian.life/resources/epf-claim-rejected-reasons-guide,Cheque-upload relaxation is from EPFO circular on removal of uploading image (2025-26). Non-NPCI accounts can still be asked for images (Mint 3 Jul 2026).
epfo-rr-017-a01,epfo-rr-017,Incorrect bank account number entered in KYC or claim,Wrong account number,alias_or_portal_remark,Bank_Payment,high,high,https://www.epfindia.gov.in/site_docs/PDFs/MiscPDFs/FAQ_OCS_050517_1017.pdf | https://pfbalancecheck.com/epfo-claim-rejected-reason/ | https://finright.in/blogs/most-common-reasons-for-epf-claim-rejections-and-tips-to-avoid-them | https://cleartax.in/c/pf-withdrawal-online | https://www.epfindia.gov.in/site_docs/PDFs/Downloads_PDFs/Form5IF_Instructions_Eng.pdf,Compiled from source records. EPFO does not publish a numbered rejection-code list; portal remarks are the operative text.
epfo-rr-017-a02,epfo-rr-017,Incorrect bank account number entered in KYC or claim,Bank account number mismatch,alias_or_portal_remark,Bank_Payment,high,high,https://www.epfindia.gov.in/site_docs/PDFs/MiscPDFs/FAQ_OCS_050517_1017.pdf | https://pfbalancecheck.com/epfo-claim-rejected-reason/ | https://finright.in/blogs/most-common-reasons-for-epf-claim-rejections-and-tips-to-avoid-them | https://cleartax.in/c/pf-withdrawal-online | https://www.epfindia.gov.in/site_docs/PDFs/Downloads_PDFs/Form5IF_Instructions_Eng.pdf,Compiled from source records. EPFO does not publish a numbered rejection-code list; portal remarks are the operative text.
epfo-rr-017-a03,epfo-rr-017,Incorrect bank account number entered in KYC or claim,Invalid bank account,alias_or_portal_remark,Bank_Payment,high,high,https://www.epfindia.gov.in/site_docs/PDFs/MiscPDFs/FAQ_OCS_050517_1017.pdf | https://pfbalancecheck.com/epfo-claim-rejected-reason/ | https://finright.in/blogs/most-common-reasons-for-epf-claim-rejections-and-tips-to-avoid-them | https://cleartax.in/c/pf-withdrawal-online | https://www.epfindia.gov.in/site_docs/PDFs/Downloads_PDFs/Form5IF_Instructions_Eng.pdf,Compiled from source records. EPFO does not publish a numbered rejection-code list; portal remarks are the operative text.
epfo-rr-017-a04,epfo-rr-017,Incorrect bank account number entered in KYC or claim,One digit wrong in account number,alias_or_portal_remark,Bank_Payment,high,high,https://www.epfindia.gov.in/site_docs/PDFs/MiscPDFs/FAQ_OCS_050517_1017.pdf | https://pfbalancecheck.com/epfo-claim-rejected-reason/ | https://finright.in/blogs/most-common-reasons-for-epf-claim-rejections-and-tips-to-avoid-them | https://cleartax.in/c/pf-withdrawal-online | https://www.epfindia.gov.in/site_docs/PDFs/Downloads_PDFs/Form5IF_Instructions_Eng.pdf,Compiled from source records. EPFO does not publish a numbered rejection-code list; portal remarks are the operative text.
epfo-rr-017-official,epfo-rr-017,Incorrect bank account number entered in KYC or claim,"Common remarks: 'Bank details incorrect', 'Invalid bank account'. A single wrong digit is enough.",official_or_commonly_seen_status,Bank_Payment,high,high,https://www.epfindia.gov.in/site_docs/PDFs/MiscPDFs/FAQ_OCS_050517_1017.pdf | https://pfbalancecheck.com/epfo-claim-rejected-reason/ | https://finright.in/blogs/most-common-reasons-for-epf-claim-rejections-and-tips-to-avoid-them | https://cleartax.in/c/pf-withdrawal-online | https://www.epfindia.gov.in/site_docs/PDFs/Downloads_PDFs/Form5IF_Instructions_Eng.pdf,
epfo-rr-018-a01,epfo-rr-018,Invalid or outdated IFSC after bank merger or branch change,IFSC invalid,alias_or_portal_remark,Bank_Payment,high,high,https://www.livemint.com/money/personal-finance/epfo-top-reasons-your-employees-provident-fund-settlement-claims-rejected-explained-epf-scheme-document-errors-mismatch-11783073513956.html | https://www.epfindia.gov.in/site_docs/PDFs/MiscPDFs/FAQ_OCS_050517_1017.pdf | https://finright.in/blogs/most-common-reasons-for-epf-claim-rejections-and-tips-to-avoid-them | https://pfbalancecheck.com/epfo-claim-rejected-reason/ | https://cleartax.in/c/pf-withdrawal-online,Compiled from source records. EPFO does not publish a numbered rejection-code list; portal remarks are the operative text.
epfo-rr-018-a02,epfo-rr-018,Invalid or outdated IFSC after bank merger or branch change,Old IFSC after merger,alias_or_portal_remark,Bank_Payment,high,high,https://www.livemint.com/money/personal-finance/epfo-top-reasons-your-employees-provident-fund-settlement-claims-rejected-explained-epf-scheme-document-errors-mismatch-11783073513956.html | https://www.epfindia.gov.in/site_docs/PDFs/MiscPDFs/FAQ_OCS_050517_1017.pdf | https://finright.in/blogs/most-common-reasons-for-epf-claim-rejections-and-tips-to-avoid-them | https://pfbalancecheck.com/epfo-claim-rejected-reason/ | https://cleartax.in/c/pf-withdrawal-online,Compiled from source records. EPFO does not publish a numbered rejection-code list; portal remarks are the operative text.
epfo-rr-018-a03,epfo-rr-018,Invalid or outdated IFSC after bank merger or branch change,Signature or IFSC changes,alias_or_portal_remark,Bank_Payment,high,high,https://www.livemint.com/money/personal-finance/epfo-top-reasons-your-employees-provident-fund-settlement-claims-rejected-explained-epf-scheme-document-errors-mismatch-11783073513956.html | https://www.epfindia.gov.in/site_docs/PDFs/MiscPDFs/FAQ_OCS_050517_1017.pdf | https://finright.in/blogs/most-common-reasons-for-epf-claim-rejections-and-tips-to-avoid-them | https://pfbalancecheck.com/epfo-claim-rejected-reason/ | https://cleartax.in/c/pf-withdrawal-online,Compiled from source records. EPFO does not publish a numbered rejection-code list; portal remarks are the operative text.
epfo-rr-018-a04,epfo-rr-018,Invalid or outdated IFSC after bank merger or branch change,Allahabad Bank IFSC into Indian Bank,alias_or_portal_remark,Bank_Payment,high,high,https://www.livemint.com/money/personal-finance/epfo-top-reasons-your-employees-provident-fund-settlement-claims-rejected-explained-epf-scheme-document-errors-mismatch-11783073513956.html | https://www.epfindia.gov.in/site_docs/PDFs/MiscPDFs/FAQ_OCS_050517_1017.pdf | https://finright.in/blogs/most-common-reasons-for-epf-claim-rejections-and-tips-to-avoid-them | https://pfbalancecheck.com/epfo-claim-rejected-reason/ | https://cleartax.in/c/pf-withdrawal-online,Compiled from source records. EPFO does not publish a numbered rejection-code list; portal remarks are the operative text.
epfo-rr-018-official,epfo-rr-018,Invalid or outdated IFSC after bank merger or branch change,Mint (Jul 2026) lists 'Signature or IFSC Changes' after mergers (e.g. Allahabad Bank into Indian Bank) as a top rejection reason. Portal: 'IFSC invalid' / 'Bank details incorrect'.,official_or_commonly_seen_status,Bank_Payment,high,high,https://www.livemint.com/money/personal-finance/epfo-top-reasons-your-employees-provident-fund-settlement-claims-rejected-explained-epf-scheme-document-errors-mismatch-11783073513956.html | https://www.epfindia.gov.in/site_docs/PDFs/MiscPDFs/FAQ_OCS_050517_1017.pdf | https://finright.in/blogs/most-common-reasons-for-epf-claim-rejections-and-tips-to-avoid-them | https://pfbalancecheck.com/epfo-claim-rejected-reason/ | https://cleartax.in/c/pf-withdrawal-online,Mint 3 July 2026 explicitly uses the Allahabad Bank → Indian Bank example.
epfo-rr-019-a01,epfo-rr-019,"Joint, third-party, or not-sole-operated bank account used for claim payment",Joint bank account rejected,alias_or_portal_remark,Bank_Payment,high,high,https://finright.in/blogs/most-common-reasons-for-epf-claim-rejections-and-tips-to-avoid-them | https://hrsoftwaredelhi.com/pf-withdrawal-process/ | https://kustodian.life/resources/epf-form-10d-the-2026-guide-to-claiming-your-monthly-pension | https://www.epfindia.gov.in/site_docs/PDFs/MiscPDFs/FAQ_OCS_050517_1017.pdf | https://cleartax.in/c/pf-withdrawal-online,Compiled from source records. EPFO does not publish a numbered rejection-code list; portal remarks are the operative text.
epfo-rr-019-a02,epfo-rr-019,"Joint, third-party, or not-sole-operated bank account used for claim payment",Account not in member's sole name,alias_or_portal_remark,Bank_Payment,high,high,https://finright.in/blogs/most-common-reasons-for-epf-claim-rejections-and-tips-to-avoid-them | https://hrsoftwaredelhi.com/pf-withdrawal-process/ | https://kustodian.life/resources/epf-form-10d-the-2026-guide-to-claiming-your-monthly-pension | https://www.epfindia.gov.in/site_docs/PDFs/MiscPDFs/FAQ_OCS_050517_1017.pdf | https://cleartax.in/c/pf-withdrawal-online,Compiled from source records. EPFO does not publish a numbered rejection-code list; portal remarks are the operative text.
epfo-rr-019-a03,epfo-rr-019,"Joint, third-party, or not-sole-operated bank account used for claim payment",Third-party account,alias_or_portal_remark,Bank_Payment,high,high,https://finright.in/blogs/most-common-reasons-for-epf-claim-rejections-and-tips-to-avoid-them | https://hrsoftwaredelhi.com/pf-withdrawal-process/ | https://kustodian.life/resources/epf-form-10d-the-2026-guide-to-claiming-your-monthly-pension | https://www.epfindia.gov.in/site_docs/PDFs/MiscPDFs/FAQ_OCS_050517_1017.pdf | https://cleartax.in/c/pf-withdrawal-online,Compiled from source records. EPFO does not publish a numbered rejection-code list; portal remarks are the operative text.
epfo-rr-019-a04,epfo-rr-019,"Joint, third-party, or not-sole-operated bank account used for claim payment",Family joint account,alias_or_portal_remark,Bank_Payment,high,high,https://finright.in/blogs/most-common-reasons-for-epf-claim-rejections-and-tips-to-avoid-them | https://hrsoftwaredelhi.com/pf-withdrawal-process/ | https://kustodian.life/resources/epf-form-10d-the-2026-guide-to-claiming-your-monthly-pension | https://www.epfindia.gov.in/site_docs/PDFs/MiscPDFs/FAQ_OCS_050517_1017.pdf | https://cleartax.in/c/pf-withdrawal-online,Compiled from source records. EPFO does not publish a numbered rejection-code list; portal remarks are the operative text.
epfo-rr-019-official,epfo-rr-019,"Joint, third-party, or not-sole-operated bank account used for claim payment",Practitioner and EPFO-help guides: the account must be in the member's name only. Joint accounts with children or parents are often rejected for ordinary PF settlement. Pension (Form 10D) is a special case that may allow a joint account with spouse.,official_or_commonly_seen_status,Bank_Payment,high,high,https://finright.in/blogs/most-common-reasons-for-epf-claim-rejections-and-tips-to-avoid-them | https://hrsoftwaredelhi.com/pf-withdrawal-process/ | https://kustodian.life/resources/epf-form-10d-the-2026-guide-to-claiming-your-monthly-pension | https://www.epfindia.gov.in/site_docs/PDFs/MiscPDFs/FAQ_OCS_050517_1017.pdf | https://cleartax.in/c/pf-withdrawal-online,Pension joint-with-spouse exception is widely documented for Form 10D; ordinary PF claims still expect sole accounts. Confidence high on the pattern; exact product-type rules can vary by office.
epfo-rr-020-a01,epfo-rr-020,Bank account holder name does not match UAN/Aadhaar name,Name mismatch with bank,alias_or_portal_remark,Bank_Payment,high,high,https://www.livemint.com/money/personal-finance/epfo-top-reasons-your-employees-provident-fund-settlement-claims-rejected-explained-epf-scheme-document-errors-mismatch-11783073513956.html | https://www.epfindia.gov.in/site_docs/PDFs/MiscPDFs/FAQ_OCS_050517_1017.pdf | https://finright.in/blogs/most-common-reasons-for-epf-claim-rejections-and-tips-to-avoid-them | https://hrsoftwaredelhi.com/pf-withdrawal-process/ | https://www.taxbuddy.com/blog/how-incorrect-kyc-details-affect-pf-withdrawal-approval,Compiled from source records. EPFO does not publish a numbered rejection-code list; portal remarks are the operative text.
epfo-rr-020-a02,epfo-rr-020,Bank account holder name does not match UAN/Aadhaar name,Bank name not matching,alias_or_portal_remark,Bank_Payment,high,high,https://www.livemint.com/money/personal-finance/epfo-top-reasons-your-employees-provident-fund-settlement-claims-rejected-explained-epf-scheme-document-errors-mismatch-11783073513956.html | https://www.epfindia.gov.in/site_docs/PDFs/MiscPDFs/FAQ_OCS_050517_1017.pdf | https://finright.in/blogs/most-common-reasons-for-epf-claim-rejections-and-tips-to-avoid-them | https://hrsoftwaredelhi.com/pf-withdrawal-process/ | https://www.taxbuddy.com/blog/how-incorrect-kyc-details-affect-pf-withdrawal-approval,Compiled from source records. EPFO does not publish a numbered rejection-code list; portal remarks are the operative text.
epfo-rr-020-a03,epfo-rr-020,Bank account holder name does not match UAN/Aadhaar name,Account not in employee's name,alias_or_portal_remark,Bank_Payment,high,high,https://www.livemint.com/money/personal-finance/epfo-top-reasons-your-employees-provident-fund-settlement-claims-rejected-explained-epf-scheme-document-errors-mismatch-11783073513956.html | https://www.epfindia.gov.in/site_docs/PDFs/MiscPDFs/FAQ_OCS_050517_1017.pdf | https://finright.in/blogs/most-common-reasons-for-epf-claim-rejections-and-tips-to-avoid-them | https://hrsoftwaredelhi.com/pf-withdrawal-process/ | https://www.taxbuddy.com/blog/how-incorrect-kyc-details-affect-pf-withdrawal-approval,Compiled from source records. EPFO does not publish a numbered rejection-code list; portal remarks are the operative text.
epfo-rr-020-a04,epfo-rr-020,Bank account holder name does not match UAN/Aadhaar name,Bank name mismatch with UAN,alias_or_portal_remark,Bank_Payment,high,high,https://www.livemint.com/money/personal-finance/epfo-top-reasons-your-employees-provident-fund-settlement-claims-rejected-explained-epf-scheme-document-errors-mismatch-11783073513956.html | https://www.epfindia.gov.in/site_docs/PDFs/MiscPDFs/FAQ_OCS_050517_1017.pdf | https://finright.in/blogs/most-common-reasons-for-epf-claim-rejections-and-tips-to-avoid-them | https://hrsoftwaredelhi.com/pf-withdrawal-process/ | https://www.taxbuddy.com/blog/how-incorrect-kyc-details-affect-pf-withdrawal-approval,Compiled from source records. EPFO does not publish a numbered rejection-code list; portal remarks are the operative text.
epfo-rr-020-a05,epfo-rr-020,Bank account holder name does not match UAN/Aadhaar name,Account holder name differ,alias_or_portal_remark,Bank_Payment,high,high,https://www.livemint.com/money/personal-finance/epfo-top-reasons-your-employees-provident-fund-settlement-claims-rejected-explained-epf-scheme-document-errors-mismatch-11783073513956.html | https://www.epfindia.gov.in/site_docs/PDFs/MiscPDFs/FAQ_OCS_050517_1017.pdf | https://finright.in/blogs/most-common-reasons-for-epf-claim-rejections-and-tips-to-avoid-them | https://hrsoftwaredelhi.com/pf-withdrawal-process/ | https://www.taxbuddy.com/blog/how-incorrect-kyc-details-affect-pf-withdrawal-approval,Compiled from source records. EPFO does not publish a numbered rejection-code list; portal remarks are the operative text.
epfo-rr-020-a06,epfo-rr-020,Bank account holder name does not match UAN/Aadhaar name,Beneficiary name not matching,alias_or_portal_remark,Bank_Payment,high,high,https://www.livemint.com/money/personal-finance/epfo-top-reasons-your-employees-provident-fund-settlement-claims-rejected-explained-epf-scheme-document-errors-mismatch-11783073513956.html | https://www.epfindia.gov.in/site_docs/PDFs/MiscPDFs/FAQ_OCS_050517_1017.pdf | https://finright.in/blogs/most-common-reasons-for-epf-claim-rejections-and-tips-to-avoid-them | https://hrsoftwaredelhi.com/pf-withdrawal-process/ | https://www.taxbuddy.com/blog/how-incorrect-kyc-details-affect-pf-withdrawal-approval,Compiled from source records. EPFO does not publish a numbered rejection-code list; portal remarks are the operative text.
epfo-rr-020-official,epfo-rr-020,Bank account holder name does not match UAN/Aadhaar name,"Remarks: 'Bank details incorrect' / name not matching bank records. Mint: name must match perfectly across EPFO, Aadhaar, and bank.",official_or_commonly_seen_status,Bank_Payment,high,high,https://www.livemint.com/money/personal-finance/epfo-top-reasons-your-employees-provident-fund-settlement-claims-rejected-explained-epf-scheme-document-errors-mismatch-11783073513956.html | https://www.epfindia.gov.in/site_docs/PDFs/MiscPDFs/FAQ_OCS_050517_1017.pdf | https://finright.in/blogs/most-common-reasons-for-epf-claim-rejections-and-tips-to-avoid-them | https://hrsoftwaredelhi.com/pf-withdrawal-process/ | https://www.taxbuddy.com/blog/how-incorrect-kyc-details-affect-pf-withdrawal-approval,
epfo-rr-021-a01,epfo-rr-021,Unclear cancelled cheque or passbook image for non-NPCI-verified accounts,Blurry cheque scan,alias_or_portal_remark,Bank_Payment,medium,high,https://www.livemint.com/money/personal-finance/epfo-top-reasons-your-employees-provident-fund-settlement-claims-rejected-explained-epf-scheme-document-errors-mismatch-11783073513956.html | https://www.epfindia.gov.in/site_docs/PDFs/Circulars/Y2025-2026/Circular_RemovalOfUploadingImage.pdf | https://www.timesnownews.com/business-economy/personal-finance/epfo-processed-8-3-crore-claims-in-fy26-cancelled-cheque-upload-no-longer-required-article-155357857 | https://cleartax.in/c/pf-withdrawal-online,Compiled from source records. EPFO does not publish a numbered rejection-code list; portal remarks are the operative text.
epfo-rr-021-a02,epfo-rr-021,Unclear cancelled cheque or passbook image for non-NPCI-verified accounts,Cheque has no printed name,alias_or_portal_remark,Bank_Payment,medium,high,https://www.livemint.com/money/personal-finance/epfo-top-reasons-your-employees-provident-fund-settlement-claims-rejected-explained-epf-scheme-document-errors-mismatch-11783073513956.html | https://www.epfindia.gov.in/site_docs/PDFs/Circulars/Y2025-2026/Circular_RemovalOfUploadingImage.pdf | https://www.timesnownews.com/business-economy/personal-finance/epfo-processed-8-3-crore-claims-in-fy26-cancelled-cheque-upload-no-longer-required-article-155357857 | https://cleartax.in/c/pf-withdrawal-online,Compiled from source records. EPFO does not publish a numbered rejection-code list; portal remarks are the operative text.
epfo-rr-021-a03,epfo-rr-021,Unclear cancelled cheque or passbook image for non-NPCI-verified accounts,Passbook image rejected,alias_or_portal_remark,Bank_Payment,medium,high,https://www.livemint.com/money/personal-finance/epfo-top-reasons-your-employees-provident-fund-settlement-claims-rejected-explained-epf-scheme-document-errors-mismatch-11783073513956.html | https://www.epfindia.gov.in/site_docs/PDFs/Circulars/Y2025-2026/Circular_RemovalOfUploadingImage.pdf | https://www.timesnownews.com/business-economy/personal-finance/epfo-processed-8-3-crore-claims-in-fy26-cancelled-cheque-upload-no-longer-required-article-155357857 | https://cleartax.in/c/pf-withdrawal-online,Compiled from source records. EPFO does not publish a numbered rejection-code list; portal remarks are the operative text.
epfo-rr-021-a04,epfo-rr-021,Unclear cancelled cheque or passbook image for non-NPCI-verified accounts,Unclear cheque / passbook scan,alias_or_portal_remark,Bank_Payment,medium,high,https://www.livemint.com/money/personal-finance/epfo-top-reasons-your-employees-provident-fund-settlement-claims-rejected-explained-epf-scheme-document-errors-mismatch-11783073513956.html | https://www.epfindia.gov.in/site_docs/PDFs/Circulars/Y2025-2026/Circular_RemovalOfUploadingImage.pdf | https://www.timesnownews.com/business-economy/personal-finance/epfo-processed-8-3-crore-claims-in-fy26-cancelled-cheque-upload-no-longer-required-article-155357857 | https://cleartax.in/c/pf-withdrawal-online,Compiled from source records. EPFO does not publish a numbered rejection-code list; portal remarks are the operative text.
epfo-rr-021-official,epfo-rr-021,Unclear cancelled cheque or passbook image for non-NPCI-verified accounts,"Mint (Jul 2026): if the bank account is not NPCI-verified, the system prompts a cheque upload; no printed name or a blurry image causes automatic rejection. A 2025-26 EPFO circular removed image upload where bank/NPCI validation already succeeded.",official_or_commonly_seen_status,Bank_Payment,medium,high,https://www.livemint.com/money/personal-finance/epfo-top-reasons-your-employees-provident-fund-settlement-claims-rejected-explained-epf-scheme-document-errors-mismatch-11783073513956.html | https://www.epfindia.gov.in/site_docs/PDFs/Circulars/Y2025-2026/Circular_RemovalOfUploadingImage.pdf | https://www.timesnownews.com/business-economy/personal-finance/epfo-processed-8-3-crore-claims-in-fy26-cancelled-cheque-upload-no-longer-required-article-155357857 | https://cleartax.in/c/pf-withdrawal-online,Image requirement is now conditional. Circular_RemovalOfUploadingImage.pdf is the official 2025-26 instrument.
epfo-rr-022-a01,epfo-rr-022,"Claim settled but payment returned because account is dormant, frozen, closed, or KYC-pending at bank",Settled but money not credited,alias_or_portal_remark,Bank_Payment,high,high,https://cleartax.in/c/pf-withdrawal-online | https://epfwala.com/pf-claim-status-shows-settled-but-amount-not-credited/ | https://righttoinformation.wiki/practical-guides/epfo-claim-settled-money-not-credited | https://epfigms.gov.in/ | https://www.epfindia.gov.in/site_docs/PDFs/MiscPDFs/FAQ_OCS_050517_1017.pdf,Compiled from source records. EPFO does not publish a numbered rejection-code list; portal remarks are the operative text.
epfo-rr-022-a02,epfo-rr-022,"Claim settled but payment returned because account is dormant, frozen, closed, or KYC-pending at bank",NEFT returned,alias_or_portal_remark,Bank_Payment,high,high,https://cleartax.in/c/pf-withdrawal-online | https://epfwala.com/pf-claim-status-shows-settled-but-amount-not-credited/ | https://righttoinformation.wiki/practical-guides/epfo-claim-settled-money-not-credited | https://epfigms.gov.in/ | https://www.epfindia.gov.in/site_docs/PDFs/MiscPDFs/FAQ_OCS_050517_1017.pdf,Compiled from source records. EPFO does not publish a numbered rejection-code list; portal remarks are the operative text.
epfo-rr-022-a03,epfo-rr-022,"Claim settled but payment returned because account is dormant, frozen, closed, or KYC-pending at bank",Payment bounced,alias_or_portal_remark,Bank_Payment,high,high,https://cleartax.in/c/pf-withdrawal-online | https://epfwala.com/pf-claim-status-shows-settled-but-amount-not-credited/ | https://righttoinformation.wiki/practical-guides/epfo-claim-settled-money-not-credited | https://epfigms.gov.in/ | https://www.epfindia.gov.in/site_docs/PDFs/MiscPDFs/FAQ_OCS_050517_1017.pdf,Compiled from source records. EPFO does not publish a numbered rejection-code list; portal remarks are the operative text.
epfo-rr-022-a04,epfo-rr-022,"Claim settled but payment returned because account is dormant, frozen, closed, or KYC-pending at bank",Dormant account,alias_or_portal_remark,Bank_Payment,high,high,https://cleartax.in/c/pf-withdrawal-online | https://epfwala.com/pf-claim-status-shows-settled-but-amount-not-credited/ | https://righttoinformation.wiki/practical-guides/epfo-claim-settled-money-not-credited | https://epfigms.gov.in/ | https://www.epfindia.gov.in/site_docs/PDFs/MiscPDFs/FAQ_OCS_050517_1017.pdf,Compiled from source records. EPFO does not publish a numbered rejection-code list; portal remarks are the operative text.
epfo-rr-022-a05,epfo-rr-022,"Claim settled but payment returned because account is dormant, frozen, closed, or KYC-pending at bank",Claim settled amount not credited,alias_or_portal_remark,Bank_Payment,high,high,https://cleartax.in/c/pf-withdrawal-online | https://epfwala.com/pf-claim-status-shows-settled-but-amount-not-credited/ | https://righttoinformation.wiki/practical-guides/epfo-claim-settled-money-not-credited | https://epfigms.gov.in/ | https://www.epfindia.gov.in/site_docs/PDFs/MiscPDFs/FAQ_OCS_050517_1017.pdf,Compiled from source records. EPFO does not publish a numbered rejection-code list; portal remarks are the operative text.
epfo-rr-022-a06,epfo-rr-022,"Claim settled but payment returned because account is dormant, frozen, closed, or KYC-pending at bank",Settled but amount not credited,alias_or_portal_remark,Bank_Payment,high,high,https://cleartax.in/c/pf-withdrawal-online | https://epfwala.com/pf-claim-status-shows-settled-but-amount-not-credited/ | https://righttoinformation.wiki/practical-guides/epfo-claim-settled-money-not-credited | https://epfigms.gov.in/ | https://www.epfindia.gov.in/site_docs/PDFs/MiscPDFs/FAQ_OCS_050517_1017.pdf,Compiled from source records. EPFO does not publish a numbered rejection-code list; portal remarks are the operative text.
epfo-rr-022-a07,epfo-rr-022,"Claim settled but payment returned because account is dormant, frozen, closed, or KYC-pending at bank",NEFT returned to EPFO,alias_or_portal_remark,Bank_Payment,high,high,https://cleartax.in/c/pf-withdrawal-online | https://epfwala.com/pf-claim-status-shows-settled-but-amount-not-credited/ | https://righttoinformation.wiki/practical-guides/epfo-claim-settled-money-not-credited | https://epfigms.gov.in/ | https://www.epfindia.gov.in/site_docs/PDFs/MiscPDFs/FAQ_OCS_050517_1017.pdf,Compiled from source records. EPFO does not publish a numbered rejection-code list; portal remarks are the operative text.
epfo-rr-022-a08,epfo-rr-022,"Claim settled but payment returned because account is dormant, frozen, closed, or KYC-pending at bank",Payment failed after settlement,alias_or_portal_remark,Bank_Payment,high,high,https://cleartax.in/c/pf-withdrawal-online | https://epfwala.com/pf-claim-status-shows-settled-but-amount-not-credited/ | https://righttoinformation.wiki/practical-guides/epfo-claim-settled-money-not-credited | https://epfigms.gov.in/ | https://www.epfindia.gov.in/site_docs/PDFs/MiscPDFs/FAQ_OCS_050517_1017.pdf,Compiled from source records. EPFO does not publish a numbered rejection-code list; portal remarks are the operative text.
epfo-rr-022-a09,epfo-rr-022,"Claim settled but payment returned because account is dormant, frozen, closed, or KYC-pending at bank",UTR returned account dormant,alias_or_portal_remark,Bank_Payment,high,high,https://cleartax.in/c/pf-withdrawal-online | https://epfwala.com/pf-claim-status-shows-settled-but-amount-not-credited/ | https://righttoinformation.wiki/practical-guides/epfo-claim-settled-money-not-credited | https://epfigms.gov.in/ | https://www.epfindia.gov.in/site_docs/PDFs/MiscPDFs/FAQ_OCS_050517_1017.pdf,Compiled from source records. EPFO does not publish a numbered rejection-code list; portal remarks are the operative text.
epfo-rr-022-a10,epfo-rr-022,"Claim settled but payment returned because account is dormant, frozen, closed, or KYC-pending at bank",SMS: Payment returned by bank,alias_or_portal_remark,Bank_Payment,high,high,https://cleartax.in/c/pf-withdrawal-online | https://epfwala.com/pf-claim-status-shows-settled-but-amount-not-credited/ | https://righttoinformation.wiki/practical-guides/epfo-claim-settled-money-not-credited | https://epfigms.gov.in/ | https://www.epfindia.gov.in/site_docs/PDFs/MiscPDFs/FAQ_OCS_050517_1017.pdf,Compiled from source records. EPFO does not publish a numbered rejection-code list; portal remarks are the operative text.
epfo-rr-022-official,epfo-rr-022,"Claim settled but payment returned because account is dormant, frozen, closed, or KYC-pending at bank",Not always labelled 'Rejected' on the portal; status may remain Settled while the bank returns the credit. ClearTax lists this under why withdrawal 'fails' after filing.,official_or_commonly_seen_status,Bank_Payment,high,high,https://cleartax.in/c/pf-withdrawal-online | https://epfwala.com/pf-claim-status-shows-settled-but-amount-not-credited/ | https://righttoinformation.wiki/practical-guides/epfo-claim-settled-money-not-credited | https://epfigms.gov.in/ | https://www.epfindia.gov.in/site_docs/PDFs/MiscPDFs/FAQ_OCS_050517_1017.pdf,"Operational payment-return pattern, not a statutory 'rejection code'. Secondary blogs document UTR/re-payment practice."
epfo-rr-023-a01,epfo-rr-023,Pension (Form 10D) bank account is not single or joint with spouse,Pension joint account with children rejected,alias_or_portal_remark,Bank_Payment,high,medium,https://kustodian.life/resources/epf-form-10d-the-2026-guide-to-claiming-your-monthly-pension | https://www.financialexpress.com/money/epfo-pension-rules-settlement-in-20-days-but-heres-why-many-eps-claims-still-get-rejected-4168274/ | https://www.etnownews.com/personal-finance/epfo-pension-rules-why-eps-claims-get-rejected-govt-reveals-basis-errors-kyc-aadhaar-and-more-article-153801634 | https://www.epfindia.gov.in/site_en/WhichClaimForm.php?id=in_sm,Compiled from source records. EPFO does not publish a numbered rejection-code list; portal remarks are the operative text.
epfo-rr-023-a02,epfo-rr-023,Pension (Form 10D) bank account is not single or joint with spouse,Form 10D bank account mismatch,alias_or_portal_remark,Bank_Payment,high,medium,https://kustodian.life/resources/epf-form-10d-the-2026-guide-to-claiming-your-monthly-pension | https://www.financialexpress.com/money/epfo-pension-rules-settlement-in-20-days-but-heres-why-many-eps-claims-still-get-rejected-4168274/ | https://www.etnownews.com/personal-finance/epfo-pension-rules-why-eps-claims-get-rejected-govt-reveals-basis-errors-kyc-aadhaar-and-more-article-153801634 | https://www.epfindia.gov.in/site_en/WhichClaimForm.php?id=in_sm,Compiled from source records. EPFO does not publish a numbered rejection-code list; portal remarks are the operative text.
epfo-rr-023-a03,epfo-rr-023,Pension (Form 10D) bank account is not single or joint with spouse,Spouse joint account required,alias_or_portal_remark,Bank_Payment,high,medium,https://kustodian.life/resources/epf-form-10d-the-2026-guide-to-claiming-your-monthly-pension | https://www.financialexpress.com/money/epfo-pension-rules-settlement-in-20-days-but-heres-why-many-eps-claims-still-get-rejected-4168274/ | https://www.etnownews.com/personal-finance/epfo-pension-rules-why-eps-claims-get-rejected-govt-reveals-basis-errors-kyc-aadhaar-and-more-article-153801634 | https://www.epfindia.gov.in/site_en/WhichClaimForm.php?id=in_sm,Compiled from source records. EPFO does not publish a numbered rejection-code list; portal remarks are the operative text.
epfo-rr-023-official,epfo-rr-023,Pension (Form 10D) bank account is not single or joint with spouse,Common Form 10D rejection: bank account must be a single account or joint with spouse. Joint accounts with children or parents are often rejected because widow-pension continuity is designed around the spouse.,official_or_commonly_seen_status,Bank_Payment,high,medium,https://kustodian.life/resources/epf-form-10d-the-2026-guide-to-claiming-your-monthly-pension | https://www.financialexpress.com/money/epfo-pension-rules-settlement-in-20-days-but-heres-why-many-eps-claims-still-get-rejected-4168274/ | https://www.etnownews.com/personal-finance/epfo-pension-rules-why-eps-claims-get-rejected-govt-reveals-basis-errors-kyc-aadhaar-and-more-article-153801634 | https://www.epfindia.gov.in/site_en/WhichClaimForm.php?id=in_sm,Widely reported in Form 10D guides and consistent with family-pension design; not quoted verbatim from a public Form 10D instruction PDF in this build (official Form 10D PDF exists at epfindia).
epfo-rr-024-a01,epfo-rr-024,Date of exit (DOE) not updated by employer in EPFO service history,Date of exit not updated,alias_or_portal_remark,Employer_Related,critical,high,https://www.epfindia.gov.in/site_docs/PDFs/MiscPDFs/FAQ_OCS_050517_1017.pdf | https://www.epfindia.gov.in/site_docs/PDFs/MiscPDFs/OCS_FAQ_Eligibility_102017.pdf | https://epfindia.gov.in/site_docs/PDFs/Downloads_PDFs/Form19_instructions_Eng.pdf | https://www.livemint.com/money/personal-finance/epfo-top-reasons-your-employees-provident-fund-settlement-claims-rejected-explained-epf-scheme-document-errors-mismatch-11783073513956.html | https://www.epfindia.gov.in/site_docs/PDFs/Circulars/Y2023-2024/SOP_WSU_new.pdf | https://finright.in/blogs/most-common-reasons-for-epf-claim-rejections-and-tips-to-avoid-them | https://cleartax.in/c/pf-withdrawal-online | https://hrsoftwaredelhi.com/pf-withdrawal-process/,Compiled from source records. EPFO does not publish a numbered rejection-code list; portal remarks are the operative text.
epfo-rr-024-a02,epfo-rr-024,Date of exit (DOE) not updated by employer in EPFO service history,Missing employer exit date,alias_or_portal_remark,Employer_Related,critical,high,https://www.epfindia.gov.in/site_docs/PDFs/MiscPDFs/FAQ_OCS_050517_1017.pdf | https://www.epfindia.gov.in/site_docs/PDFs/MiscPDFs/OCS_FAQ_Eligibility_102017.pdf | https://epfindia.gov.in/site_docs/PDFs/Downloads_PDFs/Form19_instructions_Eng.pdf | https://www.livemint.com/money/personal-finance/epfo-top-reasons-your-employees-provident-fund-settlement-claims-rejected-explained-epf-scheme-document-errors-mismatch-11783073513956.html | https://www.epfindia.gov.in/site_docs/PDFs/Circulars/Y2023-2024/SOP_WSU_new.pdf | https://finright.in/blogs/most-common-reasons-for-epf-claim-rejections-and-tips-to-avoid-them | https://cleartax.in/c/pf-withdrawal-online | https://hrsoftwaredelhi.com/pf-withdrawal-process/,Compiled from source records. EPFO does not publish a numbered rejection-code list; portal remarks are the operative text.
epfo-rr-024-a03,epfo-rr-024,Date of exit (DOE) not updated by employer in EPFO service history,DOE not marked,alias_or_portal_remark,Employer_Related,critical,high,https://www.epfindia.gov.in/site_docs/PDFs/MiscPDFs/FAQ_OCS_050517_1017.pdf | https://www.epfindia.gov.in/site_docs/PDFs/MiscPDFs/OCS_FAQ_Eligibility_102017.pdf | https://epfindia.gov.in/site_docs/PDFs/Downloads_PDFs/Form19_instructions_Eng.pdf | https://www.livemint.com/money/personal-finance/epfo-top-reasons-your-employees-provident-fund-settlement-claims-rejected-explained-epf-scheme-document-errors-mismatch-11783073513956.html | https://www.epfindia.gov.in/site_docs/PDFs/Circulars/Y2023-2024/SOP_WSU_new.pdf | https://finright.in/blogs/most-common-reasons-for-epf-claim-rejections-and-tips-to-avoid-them | https://cleartax.in/c/pf-withdrawal-online | https://hrsoftwaredelhi.com/pf-withdrawal-process/,Compiled from source records. EPFO does not publish a numbered rejection-code list; portal remarks are the operative text.
epfo-rr-024-a04,epfo-rr-024,Date of exit (DOE) not updated by employer in EPFO service history,Exit date missing,alias_or_portal_remark,Employer_Related,critical,high,https://www.epfindia.gov.in/site_docs/PDFs/MiscPDFs/FAQ_OCS_050517_1017.pdf | https://www.epfindia.gov.in/site_docs/PDFs/MiscPDFs/OCS_FAQ_Eligibility_102017.pdf | https://epfindia.gov.in/site_docs/PDFs/Downloads_PDFs/Form19_instructions_Eng.pdf | https://www.livemint.com/money/personal-finance/epfo-top-reasons-your-employees-provident-fund-settlement-claims-rejected-explained-epf-scheme-document-errors-mismatch-11783073513956.html | https://www.epfindia.gov.in/site_docs/PDFs/Circulars/Y2023-2024/SOP_WSU_new.pdf | https://finright.in/blogs/most-common-reasons-for-epf-claim-rejections-and-tips-to-avoid-them | https://cleartax.in/c/pf-withdrawal-online | https://hrsoftwaredelhi.com/pf-withdrawal-process/,Compiled from source records. EPFO does not publish a numbered rejection-code list; portal remarks are the operative text.
epfo-rr-024-a05,epfo-rr-024,Date of exit (DOE) not updated by employer in EPFO service history,Still showing as employed,alias_or_portal_remark,Employer_Related,critical,high,https://www.epfindia.gov.in/site_docs/PDFs/MiscPDFs/FAQ_OCS_050517_1017.pdf | https://www.epfindia.gov.in/site_docs/PDFs/MiscPDFs/OCS_FAQ_Eligibility_102017.pdf | https://epfindia.gov.in/site_docs/PDFs/Downloads_PDFs/Form19_instructions_Eng.pdf | https://www.livemint.com/money/personal-finance/epfo-top-reasons-your-employees-provident-fund-settlement-claims-rejected-explained-epf-scheme-document-errors-mismatch-11783073513956.html | https://www.epfindia.gov.in/site_docs/PDFs/Circulars/Y2023-2024/SOP_WSU_new.pdf | https://finright.in/blogs/most-common-reasons-for-epf-claim-rejections-and-tips-to-avoid-them | https://cleartax.in/c/pf-withdrawal-online | https://hrsoftwaredelhi.com/pf-withdrawal-process/,Compiled from source records. EPFO does not publish a numbered rejection-code list; portal remarks are the operative text.
epfo-rr-024-a06,epfo-rr-024,Date of exit (DOE) not updated by employer in EPFO service history,Date of exit not updated by employer,alias_or_portal_remark,Employer_Related,critical,high,https://www.epfindia.gov.in/site_docs/PDFs/MiscPDFs/FAQ_OCS_050517_1017.pdf | https://www.epfindia.gov.in/site_docs/PDFs/MiscPDFs/OCS_FAQ_Eligibility_102017.pdf | https://epfindia.gov.in/site_docs/PDFs/Downloads_PDFs/Form19_instructions_Eng.pdf | https://www.livemint.com/money/personal-finance/epfo-top-reasons-your-employees-provident-fund-settlement-claims-rejected-explained-epf-scheme-document-errors-mismatch-11783073513956.html | https://www.epfindia.gov.in/site_docs/PDFs/Circulars/Y2023-2024/SOP_WSU_new.pdf | https://finright.in/blogs/most-common-reasons-for-epf-claim-rejections-and-tips-to-avoid-them | https://cleartax.in/c/pf-withdrawal-online | https://hrsoftwaredelhi.com/pf-withdrawal-process/,Compiled from source records. EPFO does not publish a numbered rejection-code list; portal remarks are the operative text.
epfo-rr-024-a07,epfo-rr-024,Date of exit (DOE) not updated by employer in EPFO service history,DOE missing Form 19 blocked,alias_or_portal_remark,Employer_Related,critical,high,https://www.epfindia.gov.in/site_docs/PDFs/MiscPDFs/FAQ_OCS_050517_1017.pdf | https://www.epfindia.gov.in/site_docs/PDFs/MiscPDFs/OCS_FAQ_Eligibility_102017.pdf | https://epfindia.gov.in/site_docs/PDFs/Downloads_PDFs/Form19_instructions_Eng.pdf | https://www.livemint.com/money/personal-finance/epfo-top-reasons-your-employees-provident-fund-settlement-claims-rejected-explained-epf-scheme-document-errors-mismatch-11783073513956.html | https://www.epfindia.gov.in/site_docs/PDFs/Circulars/Y2023-2024/SOP_WSU_new.pdf | https://finright.in/blogs/most-common-reasons-for-epf-claim-rejections-and-tips-to-avoid-them | https://cleartax.in/c/pf-withdrawal-online | https://hrsoftwaredelhi.com/pf-withdrawal-process/,Compiled from source records. EPFO does not publish a numbered rejection-code list; portal remarks are the operative text.
epfo-rr-024-a08,epfo-rr-024,Date of exit (DOE) not updated by employer in EPFO service history,Exit date not marked in service history,alias_or_portal_remark,Employer_Related,critical,high,https://www.epfindia.gov.in/site_docs/PDFs/MiscPDFs/FAQ_OCS_050517_1017.pdf | https://www.epfindia.gov.in/site_docs/PDFs/MiscPDFs/OCS_FAQ_Eligibility_102017.pdf | https://epfindia.gov.in/site_docs/PDFs/Downloads_PDFs/Form19_instructions_Eng.pdf | https://www.livemint.com/money/personal-finance/epfo-top-reasons-your-employees-provident-fund-settlement-claims-rejected-explained-epf-scheme-document-errors-mismatch-11783073513956.html | https://www.epfindia.gov.in/site_docs/PDFs/Circulars/Y2023-2024/SOP_WSU_new.pdf | https://finright.in/blogs/most-common-reasons-for-epf-claim-rejections-and-tips-to-avoid-them | https://cleartax.in/c/pf-withdrawal-online | https://hrsoftwaredelhi.com/pf-withdrawal-process/,Compiled from source records. EPFO does not publish a numbered rejection-code list; portal remarks are the operative text.
epfo-rr-024-a09,epfo-rr-024,Date of exit (DOE) not updated by employer in EPFO service history,SMS: Date of exit not updated,alias_or_portal_remark,Employer_Related,critical,high,https://www.epfindia.gov.in/site_docs/PDFs/MiscPDFs/FAQ_OCS_050517_1017.pdf | https://www.epfindia.gov.in/site_docs/PDFs/MiscPDFs/OCS_FAQ_Eligibility_102017.pdf | https://epfindia.gov.in/site_docs/PDFs/Downloads_PDFs/Form19_instructions_Eng.pdf | https://www.livemint.com/money/personal-finance/epfo-top-reasons-your-employees-provident-fund-settlement-claims-rejected-explained-epf-scheme-document-errors-mismatch-11783073513956.html | https://www.epfindia.gov.in/site_docs/PDFs/Circulars/Y2023-2024/SOP_WSU_new.pdf | https://finright.in/blogs/most-common-reasons-for-epf-claim-rejections-and-tips-to-avoid-them | https://cleartax.in/c/pf-withdrawal-online | https://hrsoftwaredelhi.com/pf-withdrawal-process/,Compiled from source records. EPFO does not publish a numbered rejection-code list; portal remarks are the operative text.
epfo-rr-024-a10,epfo-rr-024,Date of exit (DOE) not updated by employer in EPFO service history,Please update date of leaving,alias_or_portal_remark,Employer_Related,critical,high,https://www.epfindia.gov.in/site_docs/PDFs/MiscPDFs/FAQ_OCS_050517_1017.pdf | https://www.epfindia.gov.in/site_docs/PDFs/MiscPDFs/OCS_FAQ_Eligibility_102017.pdf | https://epfindia.gov.in/site_docs/PDFs/Downloads_PDFs/Form19_instructions_Eng.pdf | https://www.livemint.com/money/personal-finance/epfo-top-reasons-your-employees-provident-fund-settlement-claims-rejected-explained-epf-scheme-document-errors-mismatch-11783073513956.html | https://www.epfindia.gov.in/site_docs/PDFs/Circulars/Y2023-2024/SOP_WSU_new.pdf | https://finright.in/blogs/most-common-reasons-for-epf-claim-rejections-and-tips-to-avoid-them | https://cleartax.in/c/pf-withdrawal-online | https://hrsoftwaredelhi.com/pf-withdrawal-process/,Compiled from source records. EPFO does not publish a numbered rejection-code list; portal remarks are the operative text.
epfo-rr-024-official,epfo-rr-024,Date of exit (DOE) not updated by employer in EPFO service history,"Official OCS FAQ for Form 19: Date of Joining and Date of Exit of Member should be available in the EPFO Database. Mint: for Form 19, if the employer has not updated date of exit, the system blocks final settlement. Portal: 'Date of exit not updated'.",official_or_commonly_seen_status,Employer_Related,critical,high,https://www.epfindia.gov.in/site_docs/PDFs/MiscPDFs/FAQ_OCS_050517_1017.pdf | https://www.epfindia.gov.in/site_docs/PDFs/MiscPDFs/OCS_FAQ_Eligibility_102017.pdf | https://epfindia.gov.in/site_docs/PDFs/Downloads_PDFs/Form19_instructions_Eng.pdf | https://www.livemint.com/money/personal-finance/epfo-top-reasons-your-employees-provident-fund-settlement-claims-rejected-explained-epf-scheme-document-errors-mismatch-11783073513956.html | https://www.epfindia.gov.in/site_docs/PDFs/Circulars/Y2023-2024/SOP_WSU_new.pdf | https://finright.in/blogs/most-common-reasons-for-epf-claim-rejections-and-tips-to-avoid-them | https://cleartax.in/c/pf-withdrawal-online | https://hrsoftwaredelhi.com/pf-withdrawal-process/,OCS FAQ Q3(a). JD SOP parameters 8–9. Self-certification of exit is reported in 2025–26 secondary guides; treat portal UI as source of truth.
epfo-rr-025-a01,epfo-rr-025,Date of joining (DOJ) missing or incorrect in EPFO database,Date of joining not available,alias_or_portal_remark,Employer_Related,high,high,https://www.epfindia.gov.in/site_docs/PDFs/MiscPDFs/FAQ_OCS_050517_1017.pdf | https://www.epfindia.gov.in/site_docs/PDFs/Circulars/Y2023-2024/SOP_WSU_new.pdf | https://taxguru.in/corporate-law/epfo-joint-declaration-process-member-profile-updation.html | https://www.livemint.com/money/personal-finance/epfo-showing-wrong-service-history-what-employees-should-check-immediately-and-do-next-to-rectify-the-error-11786520369893.html,Compiled from source records. EPFO does not publish a numbered rejection-code list; portal remarks are the operative text.
epfo-rr-025-a02,epfo-rr-025,Date of joining (DOJ) missing or incorrect in EPFO database,DOJ missing,alias_or_portal_remark,Employer_Related,high,high,https://www.epfindia.gov.in/site_docs/PDFs/MiscPDFs/FAQ_OCS_050517_1017.pdf | https://www.epfindia.gov.in/site_docs/PDFs/Circulars/Y2023-2024/SOP_WSU_new.pdf | https://taxguru.in/corporate-law/epfo-joint-declaration-process-member-profile-updation.html | https://www.livemint.com/money/personal-finance/epfo-showing-wrong-service-history-what-employees-should-check-immediately-and-do-next-to-rectify-the-error-11786520369893.html,Compiled from source records. EPFO does not publish a numbered rejection-code list; portal remarks are the operative text.
epfo-rr-025-a03,epfo-rr-025,Date of joining (DOJ) missing or incorrect in EPFO database,Joining date mismatch,alias_or_portal_remark,Employer_Related,high,high,https://www.epfindia.gov.in/site_docs/PDFs/MiscPDFs/FAQ_OCS_050517_1017.pdf | https://www.epfindia.gov.in/site_docs/PDFs/Circulars/Y2023-2024/SOP_WSU_new.pdf | https://taxguru.in/corporate-law/epfo-joint-declaration-process-member-profile-updation.html | https://www.livemint.com/money/personal-finance/epfo-showing-wrong-service-history-what-employees-should-check-immediately-and-do-next-to-rectify-the-error-11786520369893.html,Compiled from source records. EPFO does not publish a numbered rejection-code list; portal remarks are the operative text.
epfo-rr-025-official,epfo-rr-025,Date of joining (DOJ) missing or incorrect in EPFO database,OCS FAQ: Date of Joining must be available for Form 19; Form 31 requires Date of Joining in the EPFO database. JD SOP lists Date of Joining as a correctable parameter.,official_or_commonly_seen_status,Employer_Related,high,high,https://www.epfindia.gov.in/site_docs/PDFs/MiscPDFs/FAQ_OCS_050517_1017.pdf | https://www.epfindia.gov.in/site_docs/PDFs/Circulars/Y2023-2024/SOP_WSU_new.pdf | https://taxguru.in/corporate-law/epfo-joint-declaration-process-member-profile-updation.html | https://www.livemint.com/money/personal-finance/epfo-showing-wrong-service-history-what-employees-should-check-immediately-and-do-next-to-rectify-the-error-11786520369893.html,OCS FAQ Q3 and Q5.
epfo-rr-026-a01,epfo-rr-026,Employer attestation missing on physical or Non-Aadhaar composite claim,Employer attestation not done,alias_or_portal_remark,Employer_Related,high,high,https://www.epfindia.gov.in/site_docs/PDFs/Downloads_PDFs/Instructions_CCF_aadhar.pdf | https://www.epfindia.gov.in/site_docs/PDFs/Circulars/Y2016-2017/Composite_Claim_Forms_31792.pdf | https://epfindia.gov.in/site_docs/PDFs/Downloads_PDFs/Form19_instructions_Eng.pdf | https://www.epfindia.gov.in/site_docs/PDFs/Downloads_PDFs/Form5IF_Instructions_Eng.pdf | https://epfindia.gov.in/site_docs/PDFs/OTCP_PDFs/MembersFAQ.pdf | https://www.paisabazaar.com/saving-schemes/epf-composite-claim-form/ | https://cleartax.in/c/pf-withdrawal-online,Compiled from source records. EPFO does not publish a numbered rejection-code list; portal remarks are the operative text.
epfo-rr-026-a02,epfo-rr-026,Employer attestation missing on physical or Non-Aadhaar composite claim,Claim not attested,alias_or_portal_remark,Employer_Related,high,high,https://www.epfindia.gov.in/site_docs/PDFs/Downloads_PDFs/Instructions_CCF_aadhar.pdf | https://www.epfindia.gov.in/site_docs/PDFs/Circulars/Y2016-2017/Composite_Claim_Forms_31792.pdf | https://epfindia.gov.in/site_docs/PDFs/Downloads_PDFs/Form19_instructions_Eng.pdf | https://www.epfindia.gov.in/site_docs/PDFs/Downloads_PDFs/Form5IF_Instructions_Eng.pdf | https://epfindia.gov.in/site_docs/PDFs/OTCP_PDFs/MembersFAQ.pdf | https://www.paisabazaar.com/saving-schemes/epf-composite-claim-form/ | https://cleartax.in/c/pf-withdrawal-online,Compiled from source records. EPFO does not publish a numbered rejection-code list; portal remarks are the operative text.
epfo-rr-026-a03,epfo-rr-026,Employer attestation missing on physical or Non-Aadhaar composite claim,Non-Aadhaar form without employer signature,alias_or_portal_remark,Employer_Related,high,high,https://www.epfindia.gov.in/site_docs/PDFs/Downloads_PDFs/Instructions_CCF_aadhar.pdf | https://www.epfindia.gov.in/site_docs/PDFs/Circulars/Y2016-2017/Composite_Claim_Forms_31792.pdf | https://epfindia.gov.in/site_docs/PDFs/Downloads_PDFs/Form19_instructions_Eng.pdf | https://www.epfindia.gov.in/site_docs/PDFs/Downloads_PDFs/Form5IF_Instructions_Eng.pdf | https://epfindia.gov.in/site_docs/PDFs/OTCP_PDFs/MembersFAQ.pdf | https://www.paisabazaar.com/saving-schemes/epf-composite-claim-form/ | https://cleartax.in/c/pf-withdrawal-online,Compiled from source records. EPFO does not publish a numbered rejection-code list; portal remarks are the operative text.
epfo-rr-026-official,epfo-rr-026,Employer attestation missing on physical or Non-Aadhaar composite claim,Composite Claim Form (Aadhaar) may be submitted without employer attestation if UAN is activated and Aadhaar+bank are seeded. Composite Claim Form (Non-Aadhaar) and most physical death/EDLI/IW claims require employer attestation. Form 19 instructions: application should be submitted through the last employer.,official_or_commonly_seen_status,Employer_Related,high,high,https://www.epfindia.gov.in/site_docs/PDFs/Downloads_PDFs/Instructions_CCF_aadhar.pdf | https://www.epfindia.gov.in/site_docs/PDFs/Circulars/Y2016-2017/Composite_Claim_Forms_31792.pdf | https://epfindia.gov.in/site_docs/PDFs/Downloads_PDFs/Form19_instructions_Eng.pdf | https://www.epfindia.gov.in/site_docs/PDFs/Downloads_PDFs/Form5IF_Instructions_Eng.pdf | https://epfindia.gov.in/site_docs/PDFs/OTCP_PDFs/MembersFAQ.pdf | https://www.paisabazaar.com/saving-schemes/epf-composite-claim-form/ | https://cleartax.in/c/pf-withdrawal-online,CCF circular 2016-17 and CCF Aadhaar instructions are the official split.
epfo-rr-027-a01,epfo-rr-027,Employer rejected the online/physical claim because member details do not match establishment records,Rejected by employer,alias_or_portal_remark,Employer_Related,high,high,https://epfindia.gov.in/site_docs/PDFs/OTCP_PDFs/MembersFAQ.pdf | https://www.epfindia.gov.in/site_en/OTCP_ForEmployers.php | https://kustodian.life/resources/epf-form-13-pf-transfer-online-offline-how-to-fill-pdf-status | https://www.citizennest.com/guide/epf-transfer-claim-rejected-fix,Compiled from source records. EPFO does not publish a numbered rejection-code list; portal remarks are the operative text.
epfo-rr-027-a02,epfo-rr-027,Employer rejected the online/physical claim because member details do not match establishment records,Member details do not match establishment records,alias_or_portal_remark,Employer_Related,high,high,https://epfindia.gov.in/site_docs/PDFs/OTCP_PDFs/MembersFAQ.pdf | https://www.epfindia.gov.in/site_en/OTCP_ForEmployers.php | https://kustodian.life/resources/epf-form-13-pf-transfer-online-offline-how-to-fill-pdf-status | https://www.citizennest.com/guide/epf-transfer-claim-rejected-fix,Compiled from source records. EPFO does not publish a numbered rejection-code list; portal remarks are the operative text.
epfo-rr-027-a03,epfo-rr-027,Employer rejected the online/physical claim because member details do not match establishment records,Employer rejected claim,alias_or_portal_remark,Employer_Related,high,high,https://epfindia.gov.in/site_docs/PDFs/OTCP_PDFs/MembersFAQ.pdf | https://www.epfindia.gov.in/site_en/OTCP_ForEmployers.php | https://kustodian.life/resources/epf-form-13-pf-transfer-online-offline-how-to-fill-pdf-status | https://www.citizennest.com/guide/epf-transfer-claim-rejected-fix,Compiled from source records. EPFO does not publish a numbered rejection-code list; portal remarks are the operative text.
epfo-rr-027-a04,epfo-rr-027,Employer rejected the online/physical claim because member details do not match establishment records,Signature of member does not match,alias_or_portal_remark,Employer_Related,high,high,https://epfindia.gov.in/site_docs/PDFs/OTCP_PDFs/MembersFAQ.pdf | https://www.epfindia.gov.in/site_en/OTCP_ForEmployers.php | https://kustodian.life/resources/epf-form-13-pf-transfer-online-offline-how-to-fill-pdf-status | https://www.citizennest.com/guide/epf-transfer-claim-rejected-fix,Compiled from source records. EPFO does not publish a numbered rejection-code list; portal remarks are the operative text.
epfo-rr-027-official,epfo-rr-027,Employer rejected the online/physical claim because member details do not match establishment records,"Official MembersFAQ (OTCP): probable reasons for rejection of an online claim by the employer include (a) claim already forwarded and not rejected, (b) signed printout not received (after 15 days), (c) member details do not match establishment records, (d) member signature does not match office records.",official_or_commonly_seen_status,Employer_Related,high,high,https://epfindia.gov.in/site_docs/PDFs/OTCP_PDFs/MembersFAQ.pdf | https://www.epfindia.gov.in/site_en/OTCP_ForEmployers.php | https://kustodian.life/resources/epf-form-13-pf-transfer-online-offline-how-to-fill-pdf-status | https://www.citizennest.com/guide/epf-transfer-claim-rejected-fix,MembersFAQ OTCP is the official list of employer rejection reasons. Do not invent additional codes.
epfo-rr-028-a01,epfo-rr-028,"Employer digital signature (DSC) or e-sign missing, expired, or not registered",DSC expired,alias_or_portal_remark,Employer_Related,high,high,https://www.epfindia.gov.in/site_docs/PDFs/Circulars/Y2020-2021/Faq_dsc.pdf | https://www.epfindia.gov.in/site_docs/PDFs/Circulars/Y2023-2024/SOP_WSU_new.pdf | https://www.epfindia.gov.in/site_en/OTCP_ForEmployers.php | https://orbitcareers.com/uan-kyc-pending-for-employer-approval/ | https://jurigram.com/blog/labour-law/epf-withdrawal-rules-online-process-tax,Compiled from source records. EPFO does not publish a numbered rejection-code list; portal remarks are the operative text.
epfo-rr-028-a02,epfo-rr-028,"Employer digital signature (DSC) or e-sign missing, expired, or not registered",Employer e-sign not available,alias_or_portal_remark,Employer_Related,high,high,https://www.epfindia.gov.in/site_docs/PDFs/Circulars/Y2020-2021/Faq_dsc.pdf | https://www.epfindia.gov.in/site_docs/PDFs/Circulars/Y2023-2024/SOP_WSU_new.pdf | https://www.epfindia.gov.in/site_en/OTCP_ForEmployers.php | https://orbitcareers.com/uan-kyc-pending-for-employer-approval/ | https://jurigram.com/blog/labour-law/epf-withdrawal-rules-online-process-tax,Compiled from source records. EPFO does not publish a numbered rejection-code list; portal remarks are the operative text.
epfo-rr-028-a03,epfo-rr-028,"Employer digital signature (DSC) or e-sign missing, expired, or not registered",Digital signature not registered,alias_or_portal_remark,Employer_Related,high,high,https://www.epfindia.gov.in/site_docs/PDFs/Circulars/Y2020-2021/Faq_dsc.pdf | https://www.epfindia.gov.in/site_docs/PDFs/Circulars/Y2023-2024/SOP_WSU_new.pdf | https://www.epfindia.gov.in/site_en/OTCP_ForEmployers.php | https://orbitcareers.com/uan-kyc-pending-for-employer-approval/ | https://jurigram.com/blog/labour-law/epf-withdrawal-rules-online-process-tax,Compiled from source records. EPFO does not publish a numbered rejection-code list; portal remarks are the operative text.
epfo-rr-028-a04,epfo-rr-028,"Employer digital signature (DSC) or e-sign missing, expired, or not registered",Cannot approve KYC without DSC,alias_or_portal_remark,Employer_Related,high,high,https://www.epfindia.gov.in/site_docs/PDFs/Circulars/Y2020-2021/Faq_dsc.pdf | https://www.epfindia.gov.in/site_docs/PDFs/Circulars/Y2023-2024/SOP_WSU_new.pdf | https://www.epfindia.gov.in/site_en/OTCP_ForEmployers.php | https://orbitcareers.com/uan-kyc-pending-for-employer-approval/ | https://jurigram.com/blog/labour-law/epf-withdrawal-rules-online-process-tax,Compiled from source records. EPFO does not publish a numbered rejection-code list; portal remarks are the operative text.
epfo-rr-028-a05,epfo-rr-028,"Employer digital signature (DSC) or e-sign missing, expired, or not registered",Employer DSC expired,alias_or_portal_remark,Employer_Related,high,high,https://www.epfindia.gov.in/site_docs/PDFs/Circulars/Y2020-2021/Faq_dsc.pdf | https://www.epfindia.gov.in/site_docs/PDFs/Circulars/Y2023-2024/SOP_WSU_new.pdf | https://www.epfindia.gov.in/site_en/OTCP_ForEmployers.php | https://orbitcareers.com/uan-kyc-pending-for-employer-approval/ | https://jurigram.com/blog/labour-law/epf-withdrawal-rules-online-process-tax,Compiled from source records. EPFO does not publish a numbered rejection-code list; portal remarks are the operative text.
epfo-rr-028-a06,epfo-rr-028,"Employer digital signature (DSC) or e-sign missing, expired, or not registered",e-sign pending employer,alias_or_portal_remark,Employer_Related,high,high,https://www.epfindia.gov.in/site_docs/PDFs/Circulars/Y2020-2021/Faq_dsc.pdf | https://www.epfindia.gov.in/site_docs/PDFs/Circulars/Y2023-2024/SOP_WSU_new.pdf | https://www.epfindia.gov.in/site_en/OTCP_ForEmployers.php | https://orbitcareers.com/uan-kyc-pending-for-employer-approval/ | https://jurigram.com/blog/labour-law/epf-withdrawal-rules-online-process-tax,Compiled from source records. EPFO does not publish a numbered rejection-code list; portal remarks are the operative text.
epfo-rr-028-official,epfo-rr-028,"Employer digital signature (DSC) or e-sign missing, expired, or not registered","JD SOP 6.15(iii): employer should have an active e-sign and be the person defined under section 2(e) of the EPF & MP Act. EPFO publishes a DSC FAQ for employers. Without a valid DSC/e-sign, KYC approvals, JD, and Form 13 attestations sit in the employer's login.",official_or_commonly_seen_status,Employer_Related,high,high,https://www.epfindia.gov.in/site_docs/PDFs/Circulars/Y2020-2021/Faq_dsc.pdf | https://www.epfindia.gov.in/site_docs/PDFs/Circulars/Y2023-2024/SOP_WSU_new.pdf | https://www.epfindia.gov.in/site_en/OTCP_ForEmployers.php | https://orbitcareers.com/uan-kyc-pending-for-employer-approval/ | https://jurigram.com/blog/labour-law/epf-withdrawal-rules-online-process-tax,Official DSC FAQ PDF: Faq_dsc.pdf (2020-21). SOP requires active e-sign.
epfo-rr-029-a01,epfo-rr-029,Employer PF/EPS contribution not deposited or ECR not filed for relevant months,Employer contribution pending,alias_or_portal_remark,Employer_Related,high,high,https://www.outlookmoney.com/retirement/pension/epf-claim-settlement-why-epfo-rejects-the-claims-and-what-subscribers-can-do | https://www.financialexpress.com/money/epfo-pension-rules-settlement-in-20-days-but-heres-why-many-eps-claims-still-get-rejected-4168274/ | https://www.etnownews.com/personal-finance/epfo-pension-rules-why-eps-claims-get-rejected-govt-reveals-basis-errors-kyc-aadhaar-and-more-article-153801634 | https://finright.in/blogs/most-common-reasons-for-epf-claim-rejections-and-tips-to-avoid-them | https://www.reddit.com/r/epfoindia/comments/1m6co8r/why_so_many_epf_claims_are_being_rejected_and/ | https://epfigms.gov.in/,Compiled from source records. EPFO does not publish a numbered rejection-code list; portal remarks are the operative text.
epfo-rr-029-a02,epfo-rr-029,Employer PF/EPS contribution not deposited or ECR not filed for relevant months,ECR not filed,alias_or_portal_remark,Employer_Related,high,high,https://www.outlookmoney.com/retirement/pension/epf-claim-settlement-why-epfo-rejects-the-claims-and-what-subscribers-can-do | https://www.financialexpress.com/money/epfo-pension-rules-settlement-in-20-days-but-heres-why-many-eps-claims-still-get-rejected-4168274/ | https://www.etnownews.com/personal-finance/epfo-pension-rules-why-eps-claims-get-rejected-govt-reveals-basis-errors-kyc-aadhaar-and-more-article-153801634 | https://finright.in/blogs/most-common-reasons-for-epf-claim-rejections-and-tips-to-avoid-them | https://www.reddit.com/r/epfoindia/comments/1m6co8r/why_so_many_epf_claims_are_being_rejected_and/ | https://epfigms.gov.in/,Compiled from source records. EPFO does not publish a numbered rejection-code list; portal remarks are the operative text.
epfo-rr-029-a03,epfo-rr-029,Employer PF/EPS contribution not deposited or ECR not filed for relevant months,Missing PF deposits,alias_or_portal_remark,Employer_Related,high,high,https://www.outlookmoney.com/retirement/pension/epf-claim-settlement-why-epfo-rejects-the-claims-and-what-subscribers-can-do | https://www.financialexpress.com/money/epfo-pension-rules-settlement-in-20-days-but-heres-why-many-eps-claims-still-get-rejected-4168274/ | https://www.etnownews.com/personal-finance/epfo-pension-rules-why-eps-claims-get-rejected-govt-reveals-basis-errors-kyc-aadhaar-and-more-article-153801634 | https://finright.in/blogs/most-common-reasons-for-epf-claim-rejections-and-tips-to-avoid-them | https://www.reddit.com/r/epfoindia/comments/1m6co8r/why_so_many_epf_claims_are_being_rejected_and/ | https://epfigms.gov.in/,Compiled from source records. EPFO does not publish a numbered rejection-code list; portal remarks are the operative text.
epfo-rr-029-a04,epfo-rr-029,Employer PF/EPS contribution not deposited or ECR not filed for relevant months,Contribution discrepancy,alias_or_portal_remark,Employer_Related,high,high,https://www.outlookmoney.com/retirement/pension/epf-claim-settlement-why-epfo-rejects-the-claims-and-what-subscribers-can-do | https://www.financialexpress.com/money/epfo-pension-rules-settlement-in-20-days-but-heres-why-many-eps-claims-still-get-rejected-4168274/ | https://www.etnownews.com/personal-finance/epfo-pension-rules-why-eps-claims-get-rejected-govt-reveals-basis-errors-kyc-aadhaar-and-more-article-153801634 | https://finright.in/blogs/most-common-reasons-for-epf-claim-rejections-and-tips-to-avoid-them | https://www.reddit.com/r/epfoindia/comments/1m6co8r/why_so_many_epf_claims_are_being_rejected_and/ | https://epfigms.gov.in/,Compiled from source records. EPFO does not publish a numbered rejection-code list; portal remarks are the operative text.
epfo-rr-029-a05,epfo-rr-029,Employer PF/EPS contribution not deposited or ECR not filed for relevant months,EPS contribution not available,alias_or_portal_remark,Employer_Related,high,high,https://www.outlookmoney.com/retirement/pension/epf-claim-settlement-why-epfo-rejects-the-claims-and-what-subscribers-can-do | https://www.financialexpress.com/money/epfo-pension-rules-settlement-in-20-days-but-heres-why-many-eps-claims-still-get-rejected-4168274/ | https://www.etnownews.com/personal-finance/epfo-pension-rules-why-eps-claims-get-rejected-govt-reveals-basis-errors-kyc-aadhaar-and-more-article-153801634 | https://finright.in/blogs/most-common-reasons-for-epf-claim-rejections-and-tips-to-avoid-them | https://www.reddit.com/r/epfoindia/comments/1m6co8r/why_so_many_epf_claims_are_being_rejected_and/ | https://epfigms.gov.in/,Compiled from source records. EPFO does not publish a numbered rejection-code list; portal remarks are the operative text.
epfo-rr-029-a06,epfo-rr-029,Employer PF/EPS contribution not deposited or ECR not filed for relevant months,Contribution not remitted,alias_or_portal_remark,Employer_Related,high,high,https://www.outlookmoney.com/retirement/pension/epf-claim-settlement-why-epfo-rejects-the-claims-and-what-subscribers-can-do | https://www.financialexpress.com/money/epfo-pension-rules-settlement-in-20-days-but-heres-why-many-eps-claims-still-get-rejected-4168274/ | https://www.etnownews.com/personal-finance/epfo-pension-rules-why-eps-claims-get-rejected-govt-reveals-basis-errors-kyc-aadhaar-and-more-article-153801634 | https://finright.in/blogs/most-common-reasons-for-epf-claim-rejections-and-tips-to-avoid-them | https://www.reddit.com/r/epfoindia/comments/1m6co8r/why_so_many_epf_claims_are_being_rejected_and/ | https://epfigms.gov.in/,Compiled from source records. EPFO does not publish a numbered rejection-code list; portal remarks are the operative text.
epfo-rr-029-a07,epfo-rr-029,Employer PF/EPS contribution not deposited or ECR not filed for relevant months,ECR not filed claim held,alias_or_portal_remark,Employer_Related,high,high,https://www.outlookmoney.com/retirement/pension/epf-claim-settlement-why-epfo-rejects-the-claims-and-what-subscribers-can-do | https://www.financialexpress.com/money/epfo-pension-rules-settlement-in-20-days-but-heres-why-many-eps-claims-still-get-rejected-4168274/ | https://www.etnownews.com/personal-finance/epfo-pension-rules-why-eps-claims-get-rejected-govt-reveals-basis-errors-kyc-aadhaar-and-more-article-153801634 | https://finright.in/blogs/most-common-reasons-for-epf-claim-rejections-and-tips-to-avoid-them | https://www.reddit.com/r/epfoindia/comments/1m6co8r/why_so_many_epf_claims_are_being_rejected_and/ | https://epfigms.gov.in/,Compiled from source records. EPFO does not publish a numbered rejection-code list; portal remarks are the operative text.
epfo-rr-029-a08,epfo-rr-029,Employer PF/EPS contribution not deposited or ECR not filed for relevant months,PF dues pending employer,alias_or_portal_remark,Employer_Related,high,high,https://www.outlookmoney.com/retirement/pension/epf-claim-settlement-why-epfo-rejects-the-claims-and-what-subscribers-can-do | https://www.financialexpress.com/money/epfo-pension-rules-settlement-in-20-days-but-heres-why-many-eps-claims-still-get-rejected-4168274/ | https://www.etnownews.com/personal-finance/epfo-pension-rules-why-eps-claims-get-rejected-govt-reveals-basis-errors-kyc-aadhaar-and-more-article-153801634 | https://finright.in/blogs/most-common-reasons-for-epf-claim-rejections-and-tips-to-avoid-them | https://www.reddit.com/r/epfoindia/comments/1m6co8r/why_so_many_epf_claims_are_being_rejected_and/ | https://epfigms.gov.in/,Compiled from source records. EPFO does not publish a numbered rejection-code list; portal remarks are the operative text.
epfo-rr-029-official,epfo-rr-029,Employer PF/EPS contribution not deposited or ECR not filed for relevant months,"MoS Labour reply (reported 2025–26): pension/claim rejections include irregularities in employer contributions, incorrect wage reporting, and gaps in contribution history. Reddit/practitioner reports also cite 'EPS contribution not available'.",official_or_commonly_seen_status,Employer_Related,high,high,https://www.outlookmoney.com/retirement/pension/epf-claim-settlement-why-epfo-rejects-the-claims-and-what-subscribers-can-do | https://www.financialexpress.com/money/epfo-pension-rules-settlement-in-20-days-but-heres-why-many-eps-claims-still-get-rejected-4168274/ | https://www.etnownews.com/personal-finance/epfo-pension-rules-why-eps-claims-get-rejected-govt-reveals-basis-errors-kyc-aadhaar-and-more-article-153801634 | https://finright.in/blogs/most-common-reasons-for-epf-claim-rejections-and-tips-to-avoid-them | https://www.reddit.com/r/epfoindia/comments/1m6co8r/why_so_many_epf_claims_are_being_rejected_and/ | https://epfigms.gov.in/,Government reply summarised by Outlook/Financial Express/ET Now. No invented circular number for the parliamentary reply.
epfo-rr-030-a01,epfo-rr-030,"Establishment closed, untraceable, or no authorised officer to attest or approve KYC",Closed establishment,alias_or_portal_remark,Employer_Related,high,high,https://www.epfindia.gov.in/site_docs/PDFs/Circulars/Y2023-2024/SOP_WSU_new.pdf | https://epfindia.gov.in/site_docs/PDFs/Downloads_PDFs/Form19_instructions_Eng.pdf | https://www.epfindia.gov.in/site_docs/PDFs/Downloads_PDFs/Form5IF_Instructions_Eng.pdf | https://www.epfindia.gov.in/site_docs/PDFs/Circulars/Y2024-2025/Circular_SOP_WSU_02082024.pdf | https://taxguru.in/corporate-law/epfo-joint-declaration-process-member-profile-updation.html,Compiled from source records. EPFO does not publish a numbered rejection-code list; portal remarks are the operative text.
epfo-rr-030-a02,epfo-rr-030,"Establishment closed, untraceable, or no authorised officer to attest or approve KYC",Employer untraceable,alias_or_portal_remark,Employer_Related,high,high,https://www.epfindia.gov.in/site_docs/PDFs/Circulars/Y2023-2024/SOP_WSU_new.pdf | https://epfindia.gov.in/site_docs/PDFs/Downloads_PDFs/Form19_instructions_Eng.pdf | https://www.epfindia.gov.in/site_docs/PDFs/Downloads_PDFs/Form5IF_Instructions_Eng.pdf | https://www.epfindia.gov.in/site_docs/PDFs/Circulars/Y2024-2025/Circular_SOP_WSU_02082024.pdf | https://taxguru.in/corporate-law/epfo-joint-declaration-process-member-profile-updation.html,Compiled from source records. EPFO does not publish a numbered rejection-code list; portal remarks are the operative text.
epfo-rr-030-a03,epfo-rr-030,"Establishment closed, untraceable, or no authorised officer to attest or approve KYC",Company shut down,alias_or_portal_remark,Employer_Related,high,high,https://www.epfindia.gov.in/site_docs/PDFs/Circulars/Y2023-2024/SOP_WSU_new.pdf | https://epfindia.gov.in/site_docs/PDFs/Downloads_PDFs/Form19_instructions_Eng.pdf | https://www.epfindia.gov.in/site_docs/PDFs/Downloads_PDFs/Form5IF_Instructions_Eng.pdf | https://www.epfindia.gov.in/site_docs/PDFs/Circulars/Y2024-2025/Circular_SOP_WSU_02082024.pdf | https://taxguru.in/corporate-law/epfo-joint-declaration-process-member-profile-updation.html,Compiled from source records. EPFO does not publish a numbered rejection-code list; portal remarks are the operative text.
epfo-rr-030-a04,epfo-rr-030,"Establishment closed, untraceable, or no authorised officer to attest or approve KYC",No authorised signatory,alias_or_portal_remark,Employer_Related,high,high,https://www.epfindia.gov.in/site_docs/PDFs/Circulars/Y2023-2024/SOP_WSU_new.pdf | https://epfindia.gov.in/site_docs/PDFs/Downloads_PDFs/Form19_instructions_Eng.pdf | https://www.epfindia.gov.in/site_docs/PDFs/Downloads_PDFs/Form5IF_Instructions_Eng.pdf | https://www.epfindia.gov.in/site_docs/PDFs/Circulars/Y2024-2025/Circular_SOP_WSU_02082024.pdf | https://taxguru.in/corporate-law/epfo-joint-declaration-process-member-profile-updation.html,Compiled from source records. EPFO does not publish a numbered rejection-code list; portal remarks are the operative text.
epfo-rr-030-official,epfo-rr-030,"Establishment closed, untraceable, or no authorised officer to attest or approve KYC","Form 19/5IF instructions and JD SOP Table-5 provide an alternative attestation list when the establishment is closed. Inoperative-account SOP: if establishment is marked closed, some member requests go directly to the Dealing Assistant.",official_or_commonly_seen_status,Employer_Related,high,high,https://www.epfindia.gov.in/site_docs/PDFs/Circulars/Y2023-2024/SOP_WSU_new.pdf | https://epfindia.gov.in/site_docs/PDFs/Downloads_PDFs/Form19_instructions_Eng.pdf | https://www.epfindia.gov.in/site_docs/PDFs/Downloads_PDFs/Form5IF_Instructions_Eng.pdf | https://www.epfindia.gov.in/site_docs/PDFs/Circulars/Y2024-2025/Circular_SOP_WSU_02082024.pdf | https://taxguru.in/corporate-law/epfo-joint-declaration-process-member-profile-updation.html,SOP 6.9 Table-5 and 6.14 list of attesting authorities.
epfo-rr-031-a01,epfo-rr-031,Exempted establishment or private PF trust complications blocking EPFO claim or transfer,Exempted trust,alias_or_portal_remark,Employer_Related,high,medium,https://www.epfindia.gov.in/site_docs/PDFs/Downloads_PDFs/Form5IF_Instructions_Eng.pdf | https://www.epfindia.gov.in/site_en/WhichClaimForm.php?id=in_sm | https://kustodian.life/resources/epf-form-13-pf-transfer-online-offline-how-to-fill-pdf-status | https://finright.in/blogs/most-common-reasons-for-epf-claim-rejections-and-tips-to-avoid-them,Compiled from source records. EPFO does not publish a numbered rejection-code list; portal remarks are the operative text.
epfo-rr-031-a02,epfo-rr-031,Exempted establishment or private PF trust complications blocking EPFO claim or transfer,Private PF trust,alias_or_portal_remark,Employer_Related,high,medium,https://www.epfindia.gov.in/site_docs/PDFs/Downloads_PDFs/Form5IF_Instructions_Eng.pdf | https://www.epfindia.gov.in/site_en/WhichClaimForm.php?id=in_sm | https://kustodian.life/resources/epf-form-13-pf-transfer-online-offline-how-to-fill-pdf-status | https://finright.in/blogs/most-common-reasons-for-epf-claim-rejections-and-tips-to-avoid-them,Compiled from source records. EPFO does not publish a numbered rejection-code list; portal remarks are the operative text.
epfo-rr-031-a03,epfo-rr-031,Exempted establishment or private PF trust complications blocking EPFO claim or transfer,Establishment exempted under EPF Scheme,alias_or_portal_remark,Employer_Related,high,medium,https://www.epfindia.gov.in/site_docs/PDFs/Downloads_PDFs/Form5IF_Instructions_Eng.pdf | https://www.epfindia.gov.in/site_en/WhichClaimForm.php?id=in_sm | https://kustodian.life/resources/epf-form-13-pf-transfer-online-offline-how-to-fill-pdf-status | https://finright.in/blogs/most-common-reasons-for-epf-claim-rejections-and-tips-to-avoid-them,Compiled from source records. EPFO does not publish a numbered rejection-code list; portal remarks are the operative text.
epfo-rr-031-a04,epfo-rr-031,Exempted establishment or private PF trust complications blocking EPFO claim or transfer,Trust transfer issues,alias_or_portal_remark,Employer_Related,high,medium,https://www.epfindia.gov.in/site_docs/PDFs/Downloads_PDFs/Form5IF_Instructions_Eng.pdf | https://www.epfindia.gov.in/site_en/WhichClaimForm.php?id=in_sm | https://kustodian.life/resources/epf-form-13-pf-transfer-online-offline-how-to-fill-pdf-status | https://finright.in/blogs/most-common-reasons-for-epf-claim-rejections-and-tips-to-avoid-them,Compiled from source records. EPFO does not publish a numbered rejection-code list; portal remarks are the operative text.
epfo-rr-031-official,epfo-rr-031,Exempted establishment or private PF trust complications blocking EPFO claim or transfer,"Form 5IF instructions: if last employed under an establishment exempted under the EPF Scheme 1952, the employer must furnish PF details of last 12 months and an attested copy of the member's nomination. Transfers between trusts and EPFO follow a different path than unexempted Form 13.",official_or_commonly_seen_status,Employer_Related,high,medium,https://www.epfindia.gov.in/site_docs/PDFs/Downloads_PDFs/Form5IF_Instructions_Eng.pdf | https://www.epfindia.gov.in/site_en/WhichClaimForm.php?id=in_sm | https://kustodian.life/resources/epf-form-13-pf-transfer-online-offline-how-to-fill-pdf-status | https://finright.in/blogs/most-common-reasons-for-epf-claim-rejections-and-tips-to-avoid-them,EDLI extra documents for exempted establishments are official (Form 5IF instructions). Broader trust-transfer mechanics summarised from practitioner guides.
epfo-rr-032-a01,epfo-rr-032,Employer rejected online claim because signed printout was not received within 15 days,Signed printout not received,alias_or_portal_remark,Employer_Related,medium,high,https://epfindia.gov.in/site_docs/PDFs/OTCP_PDFs/MembersFAQ.pdf | https://www.epfindia.gov.in/site_en/OTCP_ForEmployers.php,Compiled from source records. EPFO does not publish a numbered rejection-code list; portal remarks are the operative text.
epfo-rr-032-a02,epfo-rr-032,Employer rejected online claim because signed printout was not received within 15 days,Physical copy not submitted within 15 days,alias_or_portal_remark,Employer_Related,medium,high,https://epfindia.gov.in/site_docs/PDFs/OTCP_PDFs/MembersFAQ.pdf | https://www.epfindia.gov.in/site_en/OTCP_ForEmployers.php,Compiled from source records. EPFO does not publish a numbered rejection-code list; portal remarks are the operative text.
epfo-rr-032-a03,epfo-rr-032,Employer rejected online claim because signed printout was not received within 15 days,Employer option to reject after 15 days,alias_or_portal_remark,Employer_Related,medium,high,https://epfindia.gov.in/site_docs/PDFs/OTCP_PDFs/MembersFAQ.pdf | https://www.epfindia.gov.in/site_en/OTCP_ForEmployers.php,Compiled from source records. EPFO does not publish a numbered rejection-code list; portal remarks are the operative text.
epfo-rr-032-official,epfo-rr-032,Employer rejected online claim because signed printout was not received within 15 days,"Official MembersFAQ (OTCP): member should submit the duly signed printout immediately, not exceeding 15 days. The employer would have the option to reject the online claim application after 15 days if the signed copy is not received.",official_or_commonly_seen_status,Employer_Related,medium,high,https://epfindia.gov.in/site_docs/PDFs/OTCP_PDFs/MembersFAQ.pdf | https://www.epfindia.gov.in/site_en/OTCP_ForEmployers.php,Quoted from official MembersFAQ OTCP. Some later digital flows may have reduced printout dependence; check live portal.
epfo-rr-033-a01,epfo-rr-033,Form 19 filed before the mandatory waiting period after leaving employment,Claim submitted before two months,alias_or_portal_remark,Eligibility_Service,high,high,https://www.epfindia.gov.in/site_docs/PDFs/MiscPDFs/FAQ_OCS_050517_1017.pdf | https://epfindia.gov.in/site_docs/PDFs/Downloads_PDFs/Form19_instructions_Eng.pdf | https://www.livemint.com/money/personal-finance/epfo-top-reasons-your-employees-provident-fund-settlement-claims-rejected-explained-epf-scheme-document-errors-mismatch-11783073513956.html | https://cleartax.in/c/pf-withdrawal-online | https://www.jagranjosh.com/general-knowledge/epf-scheme-withdrawal-rules-2026-3day-settlement-limits-and-online-claim-1820010445-1 | https://www.bajajfinserv.in/investments/epf-or-pf-withdrawal-rules,Compiled from source records. EPFO does not publish a numbered rejection-code list; portal remarks are the operative text.
epfo-rr-033-a02,epfo-rr-033,Form 19 filed before the mandatory waiting period after leaving employment,Waiting period not completed,alias_or_portal_remark,Eligibility_Service,high,high,https://www.epfindia.gov.in/site_docs/PDFs/MiscPDFs/FAQ_OCS_050517_1017.pdf | https://epfindia.gov.in/site_docs/PDFs/Downloads_PDFs/Form19_instructions_Eng.pdf | https://www.livemint.com/money/personal-finance/epfo-top-reasons-your-employees-provident-fund-settlement-claims-rejected-explained-epf-scheme-document-errors-mismatch-11783073513956.html | https://cleartax.in/c/pf-withdrawal-online | https://www.jagranjosh.com/general-knowledge/epf-scheme-withdrawal-rules-2026-3day-settlement-limits-and-online-claim-1820010445-1 | https://www.bajajfinserv.in/investments/epf-or-pf-withdrawal-rules,Compiled from source records. EPFO does not publish a numbered rejection-code list; portal remarks are the operative text.
epfo-rr-033-a03,epfo-rr-033,Form 19 filed before the mandatory waiting period after leaving employment,60 days not over,alias_or_portal_remark,Eligibility_Service,high,high,https://www.epfindia.gov.in/site_docs/PDFs/MiscPDFs/FAQ_OCS_050517_1017.pdf | https://epfindia.gov.in/site_docs/PDFs/Downloads_PDFs/Form19_instructions_Eng.pdf | https://www.livemint.com/money/personal-finance/epfo-top-reasons-your-employees-provident-fund-settlement-claims-rejected-explained-epf-scheme-document-errors-mismatch-11783073513956.html | https://cleartax.in/c/pf-withdrawal-online | https://www.jagranjosh.com/general-knowledge/epf-scheme-withdrawal-rules-2026-3day-settlement-limits-and-online-claim-1820010445-1 | https://www.bajajfinserv.in/investments/epf-or-pf-withdrawal-rules,Compiled from source records. EPFO does not publish a numbered rejection-code list; portal remarks are the operative text.
epfo-rr-033-a04,epfo-rr-033,Form 19 filed before the mandatory waiting period after leaving employment,Applied too early after exit,alias_or_portal_remark,Eligibility_Service,high,high,https://www.epfindia.gov.in/site_docs/PDFs/MiscPDFs/FAQ_OCS_050517_1017.pdf | https://epfindia.gov.in/site_docs/PDFs/Downloads_PDFs/Form19_instructions_Eng.pdf | https://www.livemint.com/money/personal-finance/epfo-top-reasons-your-employees-provident-fund-settlement-claims-rejected-explained-epf-scheme-document-errors-mismatch-11783073513956.html | https://cleartax.in/c/pf-withdrawal-online | https://www.jagranjosh.com/general-knowledge/epf-scheme-withdrawal-rules-2026-3day-settlement-limits-and-online-claim-1820010445-1 | https://www.bajajfinserv.in/investments/epf-or-pf-withdrawal-rules,Compiled from source records. EPFO does not publish a numbered rejection-code list; portal remarks are the operative text.
epfo-rr-033-a05,epfo-rr-033,Form 19 filed before the mandatory waiting period after leaving employment,Applied Form 19 too early,alias_or_portal_remark,Eligibility_Service,high,high,https://www.epfindia.gov.in/site_docs/PDFs/MiscPDFs/FAQ_OCS_050517_1017.pdf | https://epfindia.gov.in/site_docs/PDFs/Downloads_PDFs/Form19_instructions_Eng.pdf | https://www.livemint.com/money/personal-finance/epfo-top-reasons-your-employees-provident-fund-settlement-claims-rejected-explained-epf-scheme-document-errors-mismatch-11783073513956.html | https://cleartax.in/c/pf-withdrawal-online | https://www.jagranjosh.com/general-knowledge/epf-scheme-withdrawal-rules-2026-3day-settlement-limits-and-online-claim-1820010445-1 | https://www.bajajfinserv.in/investments/epf-or-pf-withdrawal-rules,Compiled from source records. EPFO does not publish a numbered rejection-code list; portal remarks are the operative text.
epfo-rr-033-a06,epfo-rr-033,Form 19 filed before the mandatory waiting period after leaving employment,Two months waiting period not over,alias_or_portal_remark,Eligibility_Service,high,high,https://www.epfindia.gov.in/site_docs/PDFs/MiscPDFs/FAQ_OCS_050517_1017.pdf | https://epfindia.gov.in/site_docs/PDFs/Downloads_PDFs/Form19_instructions_Eng.pdf | https://www.livemint.com/money/personal-finance/epfo-top-reasons-your-employees-provident-fund-settlement-claims-rejected-explained-epf-scheme-document-errors-mismatch-11783073513956.html | https://cleartax.in/c/pf-withdrawal-online | https://www.jagranjosh.com/general-knowledge/epf-scheme-withdrawal-rules-2026-3day-settlement-limits-and-online-claim-1820010445-1 | https://www.bajajfinserv.in/investments/epf-or-pf-withdrawal-rules,Compiled from source records. EPFO does not publish a numbered rejection-code list; portal remarks are the operative text.
epfo-rr-033-a07,epfo-rr-033,Form 19 filed before the mandatory waiting period after leaving employment,60 days not completed after exit,alias_or_portal_remark,Eligibility_Service,high,high,https://www.epfindia.gov.in/site_docs/PDFs/MiscPDFs/FAQ_OCS_050517_1017.pdf | https://epfindia.gov.in/site_docs/PDFs/Downloads_PDFs/Form19_instructions_Eng.pdf | https://www.livemint.com/money/personal-finance/epfo-top-reasons-your-employees-provident-fund-settlement-claims-rejected-explained-epf-scheme-document-errors-mismatch-11783073513956.html | https://cleartax.in/c/pf-withdrawal-online | https://www.jagranjosh.com/general-knowledge/epf-scheme-withdrawal-rules-2026-3day-settlement-limits-and-online-claim-1820010445-1 | https://www.bajajfinserv.in/investments/epf-or-pf-withdrawal-rules,Compiled from source records. EPFO does not publish a numbered rejection-code list; portal remarks are the operative text.
epfo-rr-033-a08,epfo-rr-033,Form 19 filed before the mandatory waiting period after leaving employment,SMS: Waiting period not completed,alias_or_portal_remark,Eligibility_Service,high,high,https://www.epfindia.gov.in/site_docs/PDFs/MiscPDFs/FAQ_OCS_050517_1017.pdf | https://epfindia.gov.in/site_docs/PDFs/Downloads_PDFs/Form19_instructions_Eng.pdf | https://www.livemint.com/money/personal-finance/epfo-top-reasons-your-employees-provident-fund-settlement-claims-rejected-explained-epf-scheme-document-errors-mismatch-11783073513956.html | https://cleartax.in/c/pf-withdrawal-online | https://www.jagranjosh.com/general-knowledge/epf-scheme-withdrawal-rules-2026-3day-settlement-limits-and-online-claim-1820010445-1 | https://www.bajajfinserv.in/investments/epf-or-pf-withdrawal-rules,Compiled from source records. EPFO does not publish a numbered rejection-code list; portal remarks are the operative text.
epfo-rr-033-official,epfo-rr-033,Form 19 filed before the mandatory waiting period after leaving employment,"Official OCS FAQ Q3(c): The Claim should be submitted not before two months after leaving Establishment. Form 19 instructions also describe a waiting period from date of leaving with a non-employment certificate for certain reasons. Mint (Jul 2026) still cites at least two months (60 days) of continuous unemployment for Form 19. Secondary 2026 articles also discuss 75% withdrawal after a shorter unemployment period under EPF Scheme 2026 — members must follow the live portal eligibility, not blogs.",official_or_commonly_seen_status,Eligibility_Service,high,high,https://www.epfindia.gov.in/site_docs/PDFs/MiscPDFs/FAQ_OCS_050517_1017.pdf | https://epfindia.gov.in/site_docs/PDFs/Downloads_PDFs/Form19_instructions_Eng.pdf | https://www.livemint.com/money/personal-finance/epfo-top-reasons-your-employees-provident-fund-settlement-claims-rejected-explained-epf-scheme-document-errors-mismatch-11783073513956.html | https://cleartax.in/c/pf-withdrawal-online | https://www.jagranjosh.com/general-knowledge/epf-scheme-withdrawal-rules-2026-3day-settlement-limits-and-online-claim-1820010445-1 | https://www.bajajfinserv.in/investments/epf-or-pf-withdrawal-rules,OCS FAQ two-month rule is official. Scheme 2026 waiting-period variants are medium-confidence secondary reporting; portal wins.
epfo-rr-034-a01,epfo-rr-034,Form 19 filed while member is still in PF-covered employment,Still employed,alias_or_portal_remark,Eligibility_Service,critical,high,https://www.epfindia.gov.in/site_docs/PDFs/MiscPDFs/FAQ_OCS_050517_1017.pdf | https://cleartax.in/c/pf-withdrawal-online | https://epfindia.gov.in/site_docs/PDFs/Downloads_PDFs/Form19_instructions_Eng.pdf | https://pfbalancecheck.com/epfo-claim-rejected-reason/,Compiled from source records. EPFO does not publish a numbered rejection-code list; portal remarks are the operative text.
epfo-rr-034-a02,epfo-rr-034,Form 19 filed while member is still in PF-covered employment,Member working presently under establishment coverable under PF Act,alias_or_portal_remark,Eligibility_Service,critical,high,https://www.epfindia.gov.in/site_docs/PDFs/MiscPDFs/FAQ_OCS_050517_1017.pdf | https://cleartax.in/c/pf-withdrawal-online | https://epfindia.gov.in/site_docs/PDFs/Downloads_PDFs/Form19_instructions_Eng.pdf | https://pfbalancecheck.com/epfo-claim-rejected-reason/,Compiled from source records. EPFO does not publish a numbered rejection-code list; portal remarks are the operative text.
epfo-rr-034-a03,epfo-rr-034,Form 19 filed while member is still in PF-covered employment,Out of service reason selected while active,alias_or_portal_remark,Eligibility_Service,critical,high,https://www.epfindia.gov.in/site_docs/PDFs/MiscPDFs/FAQ_OCS_050517_1017.pdf | https://cleartax.in/c/pf-withdrawal-online | https://epfindia.gov.in/site_docs/PDFs/Downloads_PDFs/Form19_instructions_Eng.pdf | https://pfbalancecheck.com/epfo-claim-rejected-reason/,Compiled from source records. EPFO does not publish a numbered rejection-code list; portal remarks are the operative text.
epfo-rr-034-a04,epfo-rr-034,Form 19 filed while member is still in PF-covered employment,Wrongly claimed final settlement while working,alias_or_portal_remark,Eligibility_Service,critical,high,https://www.epfindia.gov.in/site_docs/PDFs/MiscPDFs/FAQ_OCS_050517_1017.pdf | https://cleartax.in/c/pf-withdrawal-online | https://epfindia.gov.in/site_docs/PDFs/Downloads_PDFs/Form19_instructions_Eng.pdf | https://pfbalancecheck.com/epfo-claim-rejected-reason/,Compiled from source records. EPFO does not publish a numbered rejection-code list; portal remarks are the operative text.
epfo-rr-034-a05,epfo-rr-034,Form 19 filed while member is still in PF-covered employment,Still showing as employed,alias_or_portal_remark,Eligibility_Service,critical,high,https://www.epfindia.gov.in/site_docs/PDFs/MiscPDFs/FAQ_OCS_050517_1017.pdf | https://cleartax.in/c/pf-withdrawal-online | https://epfindia.gov.in/site_docs/PDFs/Downloads_PDFs/Form19_instructions_Eng.pdf | https://pfbalancecheck.com/epfo-claim-rejected-reason/,Compiled from source records. EPFO does not publish a numbered rejection-code list; portal remarks are the operative text.
epfo-rr-034-a06,epfo-rr-034,Form 19 filed while member is still in PF-covered employment,Out of service selected while working,alias_or_portal_remark,Eligibility_Service,critical,high,https://www.epfindia.gov.in/site_docs/PDFs/MiscPDFs/FAQ_OCS_050517_1017.pdf | https://cleartax.in/c/pf-withdrawal-online | https://epfindia.gov.in/site_docs/PDFs/Downloads_PDFs/Form19_instructions_Eng.pdf | https://pfbalancecheck.com/epfo-claim-rejected-reason/,Compiled from source records. EPFO does not publish a numbered rejection-code list; portal remarks are the operative text.
epfo-rr-034-a07,epfo-rr-034,Form 19 filed while member is still in PF-covered employment,Cannot file Form 19 while in service,alias_or_portal_remark,Eligibility_Service,critical,high,https://www.epfindia.gov.in/site_docs/PDFs/MiscPDFs/FAQ_OCS_050517_1017.pdf | https://cleartax.in/c/pf-withdrawal-online | https://epfindia.gov.in/site_docs/PDFs/Downloads_PDFs/Form19_instructions_Eng.pdf | https://pfbalancecheck.com/epfo-claim-rejected-reason/,Compiled from source records. EPFO does not publish a numbered rejection-code list; portal remarks are the operative text.
epfo-rr-034-a08,epfo-rr-034,Form 19 filed while member is still in PF-covered employment,Presently employed in covered establishment,alias_or_portal_remark,Eligibility_Service,critical,high,https://www.epfindia.gov.in/site_docs/PDFs/MiscPDFs/FAQ_OCS_050517_1017.pdf | https://cleartax.in/c/pf-withdrawal-online | https://epfindia.gov.in/site_docs/PDFs/Downloads_PDFs/Form19_instructions_Eng.pdf | https://pfbalancecheck.com/epfo-claim-rejected-reason/,Compiled from source records. EPFO does not publish a numbered rejection-code list; portal remarks are the operative text.
epfo-rr-034-official,epfo-rr-034,Form 19 filed while member is still in PF-covered employment,OCS FAQ Q3(b): Member should not be working presently under any establishment coverable under PF Act. ClearTax: applying Form 31 but selecting 'Out of Service' (or the reverse) is a typical error.,official_or_commonly_seen_status,Eligibility_Service,critical,high,https://www.epfindia.gov.in/site_docs/PDFs/MiscPDFs/FAQ_OCS_050517_1017.pdf | https://cleartax.in/c/pf-withdrawal-online | https://epfindia.gov.in/site_docs/PDFs/Downloads_PDFs/Form19_instructions_Eng.pdf | https://pfbalancecheck.com/epfo-claim-rejected-reason/,OCS FAQ Q3(b).
epfo-rr-035-a01,epfo-rr-035,Form 10C pension withdrawal benefit claimed with less than six months' eligible service,EPS not eligible,alias_or_portal_remark,Eligibility_Service,high,high,https://www.epfindia.gov.in/site_docs/PDFs/MiscPDFs/FAQ_OCS_050517_1017.pdf | https://www.epfindia.gov.in/site_docs/PDFs/MiscPDFs/OCS_FAQ_Eligibility_102017.pdf | https://cleartax.in/c/pf-withdrawal-online | https://www.epfindia.gov.in/site_en/WhichClaimForm.php?id=in_sm | https://www.reddit.com/r/epfoindia/comments/1m6co8r/why_so_many_epf_claims_are_being_rejected_and/,Compiled from source records. EPFO does not publish a numbered rejection-code list; portal remarks are the operative text.
epfo-rr-035-a02,epfo-rr-035,Form 10C pension withdrawal benefit claimed with less than six months' eligible service,Service less than 6 months,alias_or_portal_remark,Eligibility_Service,high,high,https://www.epfindia.gov.in/site_docs/PDFs/MiscPDFs/FAQ_OCS_050517_1017.pdf | https://www.epfindia.gov.in/site_docs/PDFs/MiscPDFs/OCS_FAQ_Eligibility_102017.pdf | https://cleartax.in/c/pf-withdrawal-online | https://www.epfindia.gov.in/site_en/WhichClaimForm.php?id=in_sm | https://www.reddit.com/r/epfoindia/comments/1m6co8r/why_so_many_epf_claims_are_being_rejected_and/,Compiled from source records. EPFO does not publish a numbered rejection-code list; portal remarks are the operative text.
epfo-rr-035-a03,epfo-rr-035,Form 10C pension withdrawal benefit claimed with less than six months' eligible service,Pension withdrawal not eligible,alias_or_portal_remark,Eligibility_Service,high,high,https://www.epfindia.gov.in/site_docs/PDFs/MiscPDFs/FAQ_OCS_050517_1017.pdf | https://www.epfindia.gov.in/site_docs/PDFs/MiscPDFs/OCS_FAQ_Eligibility_102017.pdf | https://cleartax.in/c/pf-withdrawal-online | https://www.epfindia.gov.in/site_en/WhichClaimForm.php?id=in_sm | https://www.reddit.com/r/epfoindia/comments/1m6co8r/why_so_many_epf_claims_are_being_rejected_and/,Compiled from source records. EPFO does not publish a numbered rejection-code list; portal remarks are the operative text.
epfo-rr-035-a04,epfo-rr-035,Form 10C pension withdrawal benefit claimed with less than six months' eligible service,Do not file Form 10C if EPS service under 6 months,alias_or_portal_remark,Eligibility_Service,high,high,https://www.epfindia.gov.in/site_docs/PDFs/MiscPDFs/FAQ_OCS_050517_1017.pdf | https://www.epfindia.gov.in/site_docs/PDFs/MiscPDFs/OCS_FAQ_Eligibility_102017.pdf | https://cleartax.in/c/pf-withdrawal-online | https://www.epfindia.gov.in/site_en/WhichClaimForm.php?id=in_sm | https://www.reddit.com/r/epfoindia/comments/1m6co8r/why_so_many_epf_claims_are_being_rejected_and/,Compiled from source records. EPFO does not publish a numbered rejection-code list; portal remarks are the operative text.
epfo-rr-035-official,epfo-rr-035,Form 10C pension withdrawal benefit claimed with less than six months' eligible service,Official OCS FAQ Q4: Member's Total Service should be more than 6 months and less than 9.5 years in addition to Form 19 conditions for filing Pension Withdrawal Benefit Claim. ClearTax: service less than 6 months — generally cannot withdraw pension money.,official_or_commonly_seen_status,Eligibility_Service,high,high,https://www.epfindia.gov.in/site_docs/PDFs/MiscPDFs/FAQ_OCS_050517_1017.pdf | https://www.epfindia.gov.in/site_docs/PDFs/MiscPDFs/OCS_FAQ_Eligibility_102017.pdf | https://cleartax.in/c/pf-withdrawal-online | https://www.epfindia.gov.in/site_en/WhichClaimForm.php?id=in_sm | https://www.reddit.com/r/epfoindia/comments/1m6co8r/why_so_many_epf_claims_are_being_rejected_and/,OCS FAQ Q4 is the primary official source.
epfo-rr-036-a01,epfo-rr-036,Form 10C cash withdrawal filed when pensionable service is 10 years or more (Scheme Certificate / Form 10D required),Service 10 years or more,alias_or_portal_remark,Eligibility_Service,high,high,https://www.epfindia.gov.in/site_docs/PDFs/MiscPDFs/FAQ_OCS_050517_1017.pdf | https://www.epfindia.gov.in/site_en/WhichClaimForm.php?id=in_sm | https://www.livemint.com/money/personal-finance/epfo-top-reasons-your-employees-provident-fund-settlement-claims-rejected-explained-epf-scheme-document-errors-mismatch-11783073513956.html | https://kustodian.life/resources/epf-form-10d-the-2026-guide-to-claiming-your-monthly-pension | https://cleartax.in/c/pf-withdrawal-online,Compiled from source records. EPFO does not publish a numbered rejection-code list; portal remarks are the operative text.
epfo-rr-036-a02,epfo-rr-036,Form 10C cash withdrawal filed when pensionable service is 10 years or more (Scheme Certificate / Form 10D required),Cannot withdraw pension cash,alias_or_portal_remark,Eligibility_Service,high,high,https://www.epfindia.gov.in/site_docs/PDFs/MiscPDFs/FAQ_OCS_050517_1017.pdf | https://www.epfindia.gov.in/site_en/WhichClaimForm.php?id=in_sm | https://www.livemint.com/money/personal-finance/epfo-top-reasons-your-employees-provident-fund-settlement-claims-rejected-explained-epf-scheme-document-errors-mismatch-11783073513956.html | https://kustodian.life/resources/epf-form-10d-the-2026-guide-to-claiming-your-monthly-pension | https://cleartax.in/c/pf-withdrawal-online,Compiled from source records. EPFO does not publish a numbered rejection-code list; portal remarks are the operative text.
epfo-rr-036-a03,epfo-rr-036,Form 10C cash withdrawal filed when pensionable service is 10 years or more (Scheme Certificate / Form 10D required),Should take scheme certificate,alias_or_portal_remark,Eligibility_Service,high,high,https://www.epfindia.gov.in/site_docs/PDFs/MiscPDFs/FAQ_OCS_050517_1017.pdf | https://www.epfindia.gov.in/site_en/WhichClaimForm.php?id=in_sm | https://www.livemint.com/money/personal-finance/epfo-top-reasons-your-employees-provident-fund-settlement-claims-rejected-explained-epf-scheme-document-errors-mismatch-11783073513956.html | https://kustodian.life/resources/epf-form-10d-the-2026-guide-to-claiming-your-monthly-pension | https://cleartax.in/c/pf-withdrawal-online,Compiled from source records. EPFO does not publish a numbered rejection-code list; portal remarks are the operative text.
epfo-rr-036-a04,epfo-rr-036,Form 10C cash withdrawal filed when pensionable service is 10 years or more (Scheme Certificate / Form 10D required),Form 10C rejected because eligible for pension,alias_or_portal_remark,Eligibility_Service,high,high,https://www.epfindia.gov.in/site_docs/PDFs/MiscPDFs/FAQ_OCS_050517_1017.pdf | https://www.epfindia.gov.in/site_en/WhichClaimForm.php?id=in_sm | https://www.livemint.com/money/personal-finance/epfo-top-reasons-your-employees-provident-fund-settlement-claims-rejected-explained-epf-scheme-document-errors-mismatch-11783073513956.html | https://kustodian.life/resources/epf-form-10d-the-2026-guide-to-claiming-your-monthly-pension | https://cleartax.in/c/pf-withdrawal-online,Compiled from source records. EPFO does not publish a numbered rejection-code list; portal remarks are the operative text.
epfo-rr-036-a05,epfo-rr-036,Form 10C cash withdrawal filed when pensionable service is 10 years or more (Scheme Certificate / Form 10D required),Service 10 years Form 10C not allowed,alias_or_portal_remark,Eligibility_Service,high,high,https://www.epfindia.gov.in/site_docs/PDFs/MiscPDFs/FAQ_OCS_050517_1017.pdf | https://www.epfindia.gov.in/site_en/WhichClaimForm.php?id=in_sm | https://www.livemint.com/money/personal-finance/epfo-top-reasons-your-employees-provident-fund-settlement-claims-rejected-explained-epf-scheme-document-errors-mismatch-11783073513956.html | https://kustodian.life/resources/epf-form-10d-the-2026-guide-to-claiming-your-monthly-pension | https://cleartax.in/c/pf-withdrawal-online,Compiled from source records. EPFO does not publish a numbered rejection-code list; portal remarks are the operative text.
epfo-rr-036-a06,epfo-rr-036,Form 10C cash withdrawal filed when pensionable service is 10 years or more (Scheme Certificate / Form 10D required),Take scheme certificate not withdrawal benefit,alias_or_portal_remark,Eligibility_Service,high,high,https://www.epfindia.gov.in/site_docs/PDFs/MiscPDFs/FAQ_OCS_050517_1017.pdf | https://www.epfindia.gov.in/site_en/WhichClaimForm.php?id=in_sm | https://www.livemint.com/money/personal-finance/epfo-top-reasons-your-employees-provident-fund-settlement-claims-rejected-explained-epf-scheme-document-errors-mismatch-11783073513956.html | https://kustodian.life/resources/epf-form-10d-the-2026-guide-to-claiming-your-monthly-pension | https://cleartax.in/c/pf-withdrawal-online,Compiled from source records. EPFO does not publish a numbered rejection-code list; portal remarks are the operative text.
epfo-rr-036-a07,epfo-rr-036,Form 10C cash withdrawal filed when pensionable service is 10 years or more (Scheme Certificate / Form 10D required),Pensionable service >=10 Form 10C cash blocked,alias_or_portal_remark,Eligibility_Service,high,high,https://www.epfindia.gov.in/site_docs/PDFs/MiscPDFs/FAQ_OCS_050517_1017.pdf | https://www.epfindia.gov.in/site_en/WhichClaimForm.php?id=in_sm | https://www.livemint.com/money/personal-finance/epfo-top-reasons-your-employees-provident-fund-settlement-claims-rejected-explained-epf-scheme-document-errors-mismatch-11783073513956.html | https://kustodian.life/resources/epf-form-10d-the-2026-guide-to-claiming-your-monthly-pension | https://cleartax.in/c/pf-withdrawal-online,Compiled from source records. EPFO does not publish a numbered rejection-code list; portal remarks are the operative text.
epfo-rr-036-official,epfo-rr-036,Form 10C cash withdrawal filed when pensionable service is 10 years or more (Scheme Certificate / Form 10D required),"OCS FAQ Q4: Form 10C withdrawal benefit only if total service more than 6 months and less than 9.5 years. 9.5 years is rounded to 10 years of pensionable service. Beyond that, member is entitled to monthly pension (Form 10D) or a Scheme Certificate via 10C (certificate, not cash). Mint/Kustodian: lump sum 10C only if service < 10 years.",official_or_commonly_seen_status,Eligibility_Service,high,high,https://www.epfindia.gov.in/site_docs/PDFs/MiscPDFs/FAQ_OCS_050517_1017.pdf | https://www.epfindia.gov.in/site_en/WhichClaimForm.php?id=in_sm | https://www.livemint.com/money/personal-finance/epfo-top-reasons-your-employees-provident-fund-settlement-claims-rejected-explained-epf-scheme-document-errors-mismatch-11783073513956.html | https://kustodian.life/resources/epf-form-10d-the-2026-guide-to-claiming-your-monthly-pension | https://cleartax.in/c/pf-withdrawal-online,9.5-year threshold is official OCS FAQ wording.
epfo-rr-037-a01,epfo-rr-037,Form 10D monthly pension claimed with less than 10 years' eligible service,Service less than 10 years for pension,alias_or_portal_remark,Eligibility_Service,critical,high,https://kustodian.life/resources/epf-form-10d-the-2026-guide-to-claiming-your-monthly-pension | https://www.epfindia.gov.in/site_en/WhichClaimForm.php?id=in_sm | https://www.financialexpress.com/money/epfo-pension-rules-settlement-in-20-days-but-heres-why-many-eps-claims-still-get-rejected-4168274/ | https://www.epfindia.gov.in/site_docs/PDFs/MiscPDFs/FAQ_OCS_050517_1017.pdf | https://www.reddit.com/r/epfoindia/comments/1m6co8r/why_so_many_epf_claims_are_being_rejected_and/,Compiled from source records. EPFO does not publish a numbered rejection-code list; portal remarks are the operative text.
epfo-rr-037-a02,epfo-rr-037,Form 10D monthly pension claimed with less than 10 years' eligible service,Form 10D rejected service short,alias_or_portal_remark,Eligibility_Service,critical,high,https://kustodian.life/resources/epf-form-10d-the-2026-guide-to-claiming-your-monthly-pension | https://www.epfindia.gov.in/site_en/WhichClaimForm.php?id=in_sm | https://www.financialexpress.com/money/epfo-pension-rules-settlement-in-20-days-but-heres-why-many-eps-claims-still-get-rejected-4168274/ | https://www.epfindia.gov.in/site_docs/PDFs/MiscPDFs/FAQ_OCS_050517_1017.pdf | https://www.reddit.com/r/epfoindia/comments/1m6co8r/why_so_many_epf_claims_are_being_rejected_and/,Compiled from source records. EPFO does not publish a numbered rejection-code list; portal remarks are the operative text.
epfo-rr-037-a03,epfo-rr-037,Form 10D monthly pension claimed with less than 10 years' eligible service,Pensionable service deficit,alias_or_portal_remark,Eligibility_Service,critical,high,https://kustodian.life/resources/epf-form-10d-the-2026-guide-to-claiming-your-monthly-pension | https://www.epfindia.gov.in/site_en/WhichClaimForm.php?id=in_sm | https://www.financialexpress.com/money/epfo-pension-rules-settlement-in-20-days-but-heres-why-many-eps-claims-still-get-rejected-4168274/ | https://www.epfindia.gov.in/site_docs/PDFs/MiscPDFs/FAQ_OCS_050517_1017.pdf | https://www.reddit.com/r/epfoindia/comments/1m6co8r/why_so_many_epf_claims_are_being_rejected_and/,Compiled from source records. EPFO does not publish a numbered rejection-code list; portal remarks are the operative text.
epfo-rr-037-a04,epfo-rr-037,Form 10D monthly pension claimed with less than 10 years' eligible service,Service gaps making service <10 years,alias_or_portal_remark,Eligibility_Service,critical,high,https://kustodian.life/resources/epf-form-10d-the-2026-guide-to-claiming-your-monthly-pension | https://www.epfindia.gov.in/site_en/WhichClaimForm.php?id=in_sm | https://www.financialexpress.com/money/epfo-pension-rules-settlement-in-20-days-but-heres-why-many-eps-claims-still-get-rejected-4168274/ | https://www.epfindia.gov.in/site_docs/PDFs/MiscPDFs/FAQ_OCS_050517_1017.pdf | https://www.reddit.com/r/epfoindia/comments/1m6co8r/why_so_many_epf_claims_are_being_rejected_and/,Compiled from source records. EPFO does not publish a numbered rejection-code list; portal remarks are the operative text.
epfo-rr-037-official,epfo-rr-037,Form 10D monthly pension claimed with less than 10 years' eligible service,EPS-95: monthly pension generally requires 10 years' eligible service (9 years 6 months rounded up). Disablement pension is a documented exception even without 10 years. Form 10D guides list service gaps / non-contributory periods as a top rejection reason because the system calculates under 10 years.,official_or_commonly_seen_status,Eligibility_Service,critical,high,https://kustodian.life/resources/epf-form-10d-the-2026-guide-to-claiming-your-monthly-pension | https://www.epfindia.gov.in/site_en/WhichClaimForm.php?id=in_sm | https://www.financialexpress.com/money/epfo-pension-rules-settlement-in-20-days-but-heres-why-many-eps-claims-still-get-rejected-4168274/ | https://www.epfindia.gov.in/site_docs/PDFs/MiscPDFs/FAQ_OCS_050517_1017.pdf | https://www.reddit.com/r/epfoindia/comments/1m6co8r/why_so_many_epf_claims_are_being_rejected_and/,10-year rule is scheme-level; 9.5 rounding is OCS FAQ. Disablement exception is in Form 10D explainers.
epfo-rr-038-a01,epfo-rr-038,"Form 10D claimed before eligible age (normally 58, or 50 for reduced early pension)",Age not eligible for pension,alias_or_portal_remark,Eligibility_Service,high,high,https://kustodian.life/resources/epf-form-10d-the-2026-guide-to-claiming-your-monthly-pension | https://www.epfindia.gov.in/site_en/WhichClaimForm.php?id=in_sm | https://www.financialexpress.com/money/epfo-pension-rules-settlement-in-20-days-but-heres-why-many-eps-claims-still-get-rejected-4168274/,Compiled from source records. EPFO does not publish a numbered rejection-code list; portal remarks are the operative text.
epfo-rr-038-a02,epfo-rr-038,"Form 10D claimed before eligible age (normally 58, or 50 for reduced early pension)",Claimed pension before 58,alias_or_portal_remark,Eligibility_Service,high,high,https://kustodian.life/resources/epf-form-10d-the-2026-guide-to-claiming-your-monthly-pension | https://www.epfindia.gov.in/site_en/WhichClaimForm.php?id=in_sm | https://www.financialexpress.com/money/epfo-pension-rules-settlement-in-20-days-but-heres-why-many-eps-claims-still-get-rejected-4168274/,Compiled from source records. EPFO does not publish a numbered rejection-code list; portal remarks are the operative text.
epfo-rr-038-a03,epfo-rr-038,"Form 10D claimed before eligible age (normally 58, or 50 for reduced early pension)",Early pension not eligible,alias_or_portal_remark,Eligibility_Service,high,high,https://kustodian.life/resources/epf-form-10d-the-2026-guide-to-claiming-your-monthly-pension | https://www.epfindia.gov.in/site_en/WhichClaimForm.php?id=in_sm | https://www.financialexpress.com/money/epfo-pension-rules-settlement-in-20-days-but-heres-why-many-eps-claims-still-get-rejected-4168274/,Compiled from source records. EPFO does not publish a numbered rejection-code list; portal remarks are the operative text.
epfo-rr-038-a04,epfo-rr-038,"Form 10D claimed before eligible age (normally 58, or 50 for reduced early pension)",DOB makes member underage for 10D,alias_or_portal_remark,Eligibility_Service,high,high,https://kustodian.life/resources/epf-form-10d-the-2026-guide-to-claiming-your-monthly-pension | https://www.epfindia.gov.in/site_en/WhichClaimForm.php?id=in_sm | https://www.financialexpress.com/money/epfo-pension-rules-settlement-in-20-days-but-heres-why-many-eps-claims-still-get-rejected-4168274/,Compiled from source records. EPFO does not publish a numbered rejection-code list; portal remarks are the operative text.
epfo-rr-038-official,epfo-rr-038,"Form 10D claimed before eligible age (normally 58, or 50 for reduced early pension)",Superannuation pension at 58; reduced early pension generally from 50 with about 4% reduction per year of anticipation. Wrong DOB can make a 58-year-old look 47. Family pension on death has different age logic.,official_or_commonly_seen_status,Eligibility_Service,high,high,https://kustodian.life/resources/epf-form-10d-the-2026-guide-to-claiming-your-monthly-pension | https://www.epfindia.gov.in/site_en/WhichClaimForm.php?id=in_sm | https://www.financialexpress.com/money/epfo-pension-rules-settlement-in-20-days-but-heres-why-many-eps-claims-still-get-rejected-4168274/,Age 58/50 rules are standard EPS; reduction percentage is widely reported as 4% per year — verify current scheme text.
epfo-rr-039-a01,epfo-rr-039,Form 31 advance purpose ineligible or minimum membership/service not met,Not eligible for the reason selected,alias_or_portal_remark,Eligibility_Service,high,medium,https://www.epfindia.gov.in/site_docs/PDFs/MiscPDFs/FAQ_OCS_050517_1017.pdf | https://cleartax.in/c/pf-withdrawal-online | https://www.taxbuddy.com/blog/understanding-partial-pf-withdrawal-using-form-31 | https://www.shriramlife.com/blog/advice/form-31-in-epfo | https://www.jagranjosh.com/general-knowledge/epf-scheme-withdrawal-rules-2026-3day-settlement-limits-and-online-claim-1820010445-1 | https://kustodian.life/resources/provident-fund/epf-scheme-2026-withdrawal-rules-changed | https://www.pensionbazaar.com/epf/epf-withdrawal-rules/ | https://pfbalancecheck.com/epfo-claim-rejected-reason/,Compiled from source records. EPFO does not publish a numbered rejection-code list; portal remarks are the operative text.
epfo-rr-039-a02,epfo-rr-039,Form 31 advance purpose ineligible or minimum membership/service not met,Form 31 purpose mismatch,alias_or_portal_remark,Eligibility_Service,high,medium,https://www.epfindia.gov.in/site_docs/PDFs/MiscPDFs/FAQ_OCS_050517_1017.pdf | https://cleartax.in/c/pf-withdrawal-online | https://www.taxbuddy.com/blog/understanding-partial-pf-withdrawal-using-form-31 | https://www.shriramlife.com/blog/advice/form-31-in-epfo | https://www.jagranjosh.com/general-knowledge/epf-scheme-withdrawal-rules-2026-3day-settlement-limits-and-online-claim-1820010445-1 | https://kustodian.life/resources/provident-fund/epf-scheme-2026-withdrawal-rules-changed | https://www.pensionbazaar.com/epf/epf-withdrawal-rules/ | https://pfbalancecheck.com/epfo-claim-rejected-reason/,Compiled from source records. EPFO does not publish a numbered rejection-code list; portal remarks are the operative text.
epfo-rr-039-a03,epfo-rr-039,Form 31 advance purpose ineligible or minimum membership/service not met,Insufficient service for advance,alias_or_portal_remark,Eligibility_Service,high,medium,https://www.epfindia.gov.in/site_docs/PDFs/MiscPDFs/FAQ_OCS_050517_1017.pdf | https://cleartax.in/c/pf-withdrawal-online | https://www.taxbuddy.com/blog/understanding-partial-pf-withdrawal-using-form-31 | https://www.shriramlife.com/blog/advice/form-31-in-epfo | https://www.jagranjosh.com/general-knowledge/epf-scheme-withdrawal-rules-2026-3day-settlement-limits-and-online-claim-1820010445-1 | https://kustodian.life/resources/provident-fund/epf-scheme-2026-withdrawal-rules-changed | https://www.pensionbazaar.com/epf/epf-withdrawal-rules/ | https://pfbalancecheck.com/epfo-claim-rejected-reason/,Compiled from source records. EPFO does not publish a numbered rejection-code list; portal remarks are the operative text.
epfo-rr-039-a04,epfo-rr-039,Form 31 advance purpose ineligible or minimum membership/service not met,12 months membership not completed,alias_or_portal_remark,Eligibility_Service,high,medium,https://www.epfindia.gov.in/site_docs/PDFs/MiscPDFs/FAQ_OCS_050517_1017.pdf | https://cleartax.in/c/pf-withdrawal-online | https://www.taxbuddy.com/blog/understanding-partial-pf-withdrawal-using-form-31 | https://www.shriramlife.com/blog/advice/form-31-in-epfo | https://www.jagranjosh.com/general-knowledge/epf-scheme-withdrawal-rules-2026-3day-settlement-limits-and-online-claim-1820010445-1 | https://kustodian.life/resources/provident-fund/epf-scheme-2026-withdrawal-rules-changed | https://www.pensionbazaar.com/epf/epf-withdrawal-rules/ | https://pfbalancecheck.com/epfo-claim-rejected-reason/,Compiled from source records. EPFO does not publish a numbered rejection-code list; portal remarks are the operative text.
epfo-rr-039-a05,epfo-rr-039,Form 31 advance purpose ineligible or minimum membership/service not met,Wrong withdrawal reason,alias_or_portal_remark,Eligibility_Service,high,medium,https://www.epfindia.gov.in/site_docs/PDFs/MiscPDFs/FAQ_OCS_050517_1017.pdf | https://cleartax.in/c/pf-withdrawal-online | https://www.taxbuddy.com/blog/understanding-partial-pf-withdrawal-using-form-31 | https://www.shriramlife.com/blog/advice/form-31-in-epfo | https://www.jagranjosh.com/general-knowledge/epf-scheme-withdrawal-rules-2026-3day-settlement-limits-and-online-claim-1820010445-1 | https://kustodian.life/resources/provident-fund/epf-scheme-2026-withdrawal-rules-changed | https://www.pensionbazaar.com/epf/epf-withdrawal-rules/ | https://pfbalancecheck.com/epfo-claim-rejected-reason/,Compiled from source records. EPFO does not publish a numbered rejection-code list; portal remarks are the operative text.
epfo-rr-039-a06,epfo-rr-039,Form 31 advance purpose ineligible or minimum membership/service not met,Wrong reason selected in Form 31,alias_or_portal_remark,Eligibility_Service,high,medium,https://www.epfindia.gov.in/site_docs/PDFs/MiscPDFs/FAQ_OCS_050517_1017.pdf | https://cleartax.in/c/pf-withdrawal-online | https://www.taxbuddy.com/blog/understanding-partial-pf-withdrawal-using-form-31 | https://www.shriramlife.com/blog/advice/form-31-in-epfo | https://www.jagranjosh.com/general-knowledge/epf-scheme-withdrawal-rules-2026-3day-settlement-limits-and-online-claim-1820010445-1 | https://kustodian.life/resources/provident-fund/epf-scheme-2026-withdrawal-rules-changed | https://www.pensionbazaar.com/epf/epf-withdrawal-rules/ | https://pfbalancecheck.com/epfo-claim-rejected-reason/,Compiled from source records. EPFO does not publish a numbered rejection-code list; portal remarks are the operative text.
epfo-rr-039-a07,epfo-rr-039,Form 31 advance purpose ineligible or minimum membership/service not met,Insufficient member service for advance,alias_or_portal_remark,Eligibility_Service,high,medium,https://www.epfindia.gov.in/site_docs/PDFs/MiscPDFs/FAQ_OCS_050517_1017.pdf | https://cleartax.in/c/pf-withdrawal-online | https://www.taxbuddy.com/blog/understanding-partial-pf-withdrawal-using-form-31 | https://www.shriramlife.com/blog/advice/form-31-in-epfo | https://www.jagranjosh.com/general-knowledge/epf-scheme-withdrawal-rules-2026-3day-settlement-limits-and-online-claim-1820010445-1 | https://kustodian.life/resources/provident-fund/epf-scheme-2026-withdrawal-rules-changed | https://www.pensionbazaar.com/epf/epf-withdrawal-rules/ | https://pfbalancecheck.com/epfo-claim-rejected-reason/,Compiled from source records. EPFO does not publish a numbered rejection-code list; portal remarks are the operative text.
epfo-rr-039-a08,epfo-rr-039,Form 31 advance purpose ineligible or minimum membership/service not met,SMS: Not eligible for selected purpose,alias_or_portal_remark,Eligibility_Service,high,medium,https://www.epfindia.gov.in/site_docs/PDFs/MiscPDFs/FAQ_OCS_050517_1017.pdf | https://cleartax.in/c/pf-withdrawal-online | https://www.taxbuddy.com/blog/understanding-partial-pf-withdrawal-using-form-31 | https://www.shriramlife.com/blog/advice/form-31-in-epfo | https://www.jagranjosh.com/general-knowledge/epf-scheme-withdrawal-rules-2026-3day-settlement-limits-and-online-claim-1820010445-1 | https://kustodian.life/resources/provident-fund/epf-scheme-2026-withdrawal-rules-changed | https://www.pensionbazaar.com/epf/epf-withdrawal-rules/ | https://pfbalancecheck.com/epfo-claim-rejected-reason/,Compiled from source records. EPFO does not publish a numbered rejection-code list; portal remarks are the operative text.
epfo-rr-039-official,epfo-rr-039,Form 31 advance purpose ineligible or minimum membership/service not met,"OCS FAQ Q5: Date of Joining should be available for Form 31. Historically, purposes had different service locks (e.g. longer waits for housing/marriage). EPF Scheme 2026 reporting (from 29 June 2026) describes a uniform 12-month membership for partial withdrawals grouped as Essential Needs, Housing Needs, and Special Circumstances. Older articles still mention 5–7 years for house/marriage. Live portal purpose list and eligibility flags control the claim.",official_or_commonly_seen_status,Eligibility_Service,high,medium,https://www.epfindia.gov.in/site_docs/PDFs/MiscPDFs/FAQ_OCS_050517_1017.pdf | https://cleartax.in/c/pf-withdrawal-online | https://www.taxbuddy.com/blog/understanding-partial-pf-withdrawal-using-form-31 | https://www.shriramlife.com/blog/advice/form-31-in-epfo | https://www.jagranjosh.com/general-knowledge/epf-scheme-withdrawal-rules-2026-3day-settlement-limits-and-online-claim-1820010445-1 | https://kustodian.life/resources/provident-fund/epf-scheme-2026-withdrawal-rules-changed | https://www.pensionbazaar.com/epf/epf-withdrawal-rules/ | https://pfbalancecheck.com/epfo-claim-rejected-reason/,Pre-2026 purpose-wise service years varied; 2026 uniform 12-month rule is secondary-sourced. Confidence medium on exact 2026 purpose codes because official gazette text was not independently fetched (epfindia 403). Do not invent purpose codes.
epfo-rr-040-a01,epfo-rr-040,Form 31 amount exceeds permitted limit or would breach the mandatory retained balance,Amount exceeds limit,alias_or_portal_remark,Eligibility_Service,medium,medium,https://www.livemint.com/money/personal-finance/epfo-top-reasons-your-employees-provident-fund-settlement-claims-rejected-explained-epf-scheme-document-errors-mismatch-11783073513956.html | https://cleartax.in/c/pf-withdrawal-online | https://www.jagranjosh.com/general-knowledge/epf-scheme-withdrawal-rules-2026-3day-settlement-limits-and-online-claim-1820010445-1 | https://kustodian.life/resources/provident-fund/epf-scheme-2026-withdrawal-rules-changed | https://www.taxbuddy.com/blog/understanding-partial-pf-withdrawal-using-form-31,Compiled from source records. EPFO does not publish a numbered rejection-code list; portal remarks are the operative text.
epfo-rr-040-a02,epfo-rr-040,Form 31 amount exceeds permitted limit or would breach the mandatory retained balance,25 percent minimum balance,alias_or_portal_remark,Eligibility_Service,medium,medium,https://www.livemint.com/money/personal-finance/epfo-top-reasons-your-employees-provident-fund-settlement-claims-rejected-explained-epf-scheme-document-errors-mismatch-11783073513956.html | https://cleartax.in/c/pf-withdrawal-online | https://www.jagranjosh.com/general-knowledge/epf-scheme-withdrawal-rules-2026-3day-settlement-limits-and-online-claim-1820010445-1 | https://kustodian.life/resources/provident-fund/epf-scheme-2026-withdrawal-rules-changed | https://www.taxbuddy.com/blog/understanding-partial-pf-withdrawal-using-form-31,Compiled from source records. EPFO does not publish a numbered rejection-code list; portal remarks are the operative text.
epfo-rr-040-a03,epfo-rr-040,Form 31 amount exceeds permitted limit or would breach the mandatory retained balance,Advance more than eligible,alias_or_portal_remark,Eligibility_Service,medium,medium,https://www.livemint.com/money/personal-finance/epfo-top-reasons-your-employees-provident-fund-settlement-claims-rejected-explained-epf-scheme-document-errors-mismatch-11783073513956.html | https://cleartax.in/c/pf-withdrawal-online | https://www.jagranjosh.com/general-knowledge/epf-scheme-withdrawal-rules-2026-3day-settlement-limits-and-online-claim-1820010445-1 | https://kustodian.life/resources/provident-fund/epf-scheme-2026-withdrawal-rules-changed | https://www.taxbuddy.com/blog/understanding-partial-pf-withdrawal-using-form-31,Compiled from source records. EPFO does not publish a numbered rejection-code list; portal remarks are the operative text.
epfo-rr-040-a04,epfo-rr-040,Form 31 amount exceeds permitted limit or would breach the mandatory retained balance,75 percent cap,alias_or_portal_remark,Eligibility_Service,medium,medium,https://www.livemint.com/money/personal-finance/epfo-top-reasons-your-employees-provident-fund-settlement-claims-rejected-explained-epf-scheme-document-errors-mismatch-11783073513956.html | https://cleartax.in/c/pf-withdrawal-online | https://www.jagranjosh.com/general-knowledge/epf-scheme-withdrawal-rules-2026-3day-settlement-limits-and-online-claim-1820010445-1 | https://kustodian.life/resources/provident-fund/epf-scheme-2026-withdrawal-rules-changed | https://www.taxbuddy.com/blog/understanding-partial-pf-withdrawal-using-form-31,Compiled from source records. EPFO does not publish a numbered rejection-code list; portal remarks are the operative text.
epfo-rr-040-a05,epfo-rr-040,Form 31 amount exceeds permitted limit or would breach the mandatory retained balance,Amount exceeds eligible limit,alias_or_portal_remark,Eligibility_Service,medium,medium,https://www.livemint.com/money/personal-finance/epfo-top-reasons-your-employees-provident-fund-settlement-claims-rejected-explained-epf-scheme-document-errors-mismatch-11783073513956.html | https://cleartax.in/c/pf-withdrawal-online | https://www.jagranjosh.com/general-knowledge/epf-scheme-withdrawal-rules-2026-3day-settlement-limits-and-online-claim-1820010445-1 | https://kustodian.life/resources/provident-fund/epf-scheme-2026-withdrawal-rules-changed | https://www.taxbuddy.com/blog/understanding-partial-pf-withdrawal-using-form-31,Compiled from source records. EPFO does not publish a numbered rejection-code list; portal remarks are the operative text.
epfo-rr-040-a06,epfo-rr-040,Form 31 amount exceeds permitted limit or would breach the mandatory retained balance,25 percent minimum balance rule,alias_or_portal_remark,Eligibility_Service,medium,medium,https://www.livemint.com/money/personal-finance/epfo-top-reasons-your-employees-provident-fund-settlement-claims-rejected-explained-epf-scheme-document-errors-mismatch-11783073513956.html | https://cleartax.in/c/pf-withdrawal-online | https://www.jagranjosh.com/general-knowledge/epf-scheme-withdrawal-rules-2026-3day-settlement-limits-and-online-claim-1820010445-1 | https://kustodian.life/resources/provident-fund/epf-scheme-2026-withdrawal-rules-changed | https://www.taxbuddy.com/blog/understanding-partial-pf-withdrawal-using-form-31,Compiled from source records. EPFO does not publish a numbered rejection-code list; portal remarks are the operative text.
epfo-rr-040-a07,epfo-rr-040,Form 31 amount exceeds permitted limit or would breach the mandatory retained balance,Claim amount more than permitted,alias_or_portal_remark,Eligibility_Service,medium,medium,https://www.livemint.com/money/personal-finance/epfo-top-reasons-your-employees-provident-fund-settlement-claims-rejected-explained-epf-scheme-document-errors-mismatch-11783073513956.html | https://cleartax.in/c/pf-withdrawal-online | https://www.jagranjosh.com/general-knowledge/epf-scheme-withdrawal-rules-2026-3day-settlement-limits-and-online-claim-1820010445-1 | https://kustodian.life/resources/provident-fund/epf-scheme-2026-withdrawal-rules-changed | https://www.taxbuddy.com/blog/understanding-partial-pf-withdrawal-using-form-31,Compiled from source records. EPFO does not publish a numbered rejection-code list; portal remarks are the operative text.
epfo-rr-040-a08,epfo-rr-040,Form 31 amount exceeds permitted limit or would breach the mandatory retained balance,Retention balance breach Form 31,alias_or_portal_remark,Eligibility_Service,medium,medium,https://www.livemint.com/money/personal-finance/epfo-top-reasons-your-employees-provident-fund-settlement-claims-rejected-explained-epf-scheme-document-errors-mismatch-11783073513956.html | https://cleartax.in/c/pf-withdrawal-online | https://www.jagranjosh.com/general-knowledge/epf-scheme-withdrawal-rules-2026-3day-settlement-limits-and-online-claim-1820010445-1 | https://kustodian.life/resources/provident-fund/epf-scheme-2026-withdrawal-rules-changed | https://www.taxbuddy.com/blog/understanding-partial-pf-withdrawal-using-form-31,Compiled from source records. EPFO does not publish a numbered rejection-code list; portal remarks are the operative text.
epfo-rr-040-official,epfo-rr-040,Form 31 amount exceeds permitted limit or would breach the mandatory retained balance,"Mint (3 Jul 2026) on EPF Scheme 2026: members must maintain 25% minimum balance, i.e. access at most 75% on partial withdrawal. ClearTax and Jagran Josh report the same. Historical Form 31 had purpose-specific rupee/wage multiples (e.g. 6 months' wages for medical, 90% for housing). The portal now typically auto-calculates eligible amount.",official_or_commonly_seen_status,Eligibility_Service,medium,medium,https://www.livemint.com/money/personal-finance/epfo-top-reasons-your-employees-provident-fund-settlement-claims-rejected-explained-epf-scheme-document-errors-mismatch-11783073513956.html | https://cleartax.in/c/pf-withdrawal-online | https://www.jagranjosh.com/general-knowledge/epf-scheme-withdrawal-rules-2026-3day-settlement-limits-and-online-claim-1820010445-1 | https://kustodian.life/resources/provident-fund/epf-scheme-2026-withdrawal-rules-changed | https://www.taxbuddy.com/blog/understanding-partial-pf-withdrawal-using-form-31,25% retention is well reported for Scheme 2026 but gazette not fetched here. Historical purpose caps remain relevant if the portal still applies them.
epfo-rr-041-a01,epfo-rr-041,Overlapping service periods between two employments / member IDs,Service overlap detected,alias_or_portal_remark,Eligibility_Service,high,high,https://www.staffnews.in/2025/06/simplification-of-transfer-claim-process.html | https://www.news18.com/business/savings-and-investments/epfo-your-claims-cant-be-rejected-if-there-is-genuine-service-overlapping-read-official-clarification-ws-l-9352924.html | https://www.financialexpress.com/money/epfos-game-changer-move-on-fund-transfer-now-there-will-be-no-claim-rejection-due-to-this-problem-details-3854653/ | https://ascent-hr.com/notification/epfo-simplifies-the-transfer-claim-process-when-there-are-overlapping-service-periods/ | https://zerodha.com/z-connect/varsity/epfo-claim-rejections-what-is-service-overlap-and-how-to-merge-pf-accounts | https://www.epfindia.gov.in/site_docs/PDFs/Circulars/Y2025-2026/Revamped_F13_Functionality.pdf | https://kustodian.life/resources/epf-claim-rejected-reasons-guide,Compiled from source records. EPFO does not publish a numbered rejection-code list; portal remarks are the operative text.
epfo-rr-041-a02,epfo-rr-041,Overlapping service periods between two employments / member IDs,Employment date overlap,alias_or_portal_remark,Eligibility_Service,high,high,https://www.staffnews.in/2025/06/simplification-of-transfer-claim-process.html | https://www.news18.com/business/savings-and-investments/epfo-your-claims-cant-be-rejected-if-there-is-genuine-service-overlapping-read-official-clarification-ws-l-9352924.html | https://www.financialexpress.com/money/epfos-game-changer-move-on-fund-transfer-now-there-will-be-no-claim-rejection-due-to-this-problem-details-3854653/ | https://ascent-hr.com/notification/epfo-simplifies-the-transfer-claim-process-when-there-are-overlapping-service-periods/ | https://zerodha.com/z-connect/varsity/epfo-claim-rejections-what-is-service-overlap-and-how-to-merge-pf-accounts | https://www.epfindia.gov.in/site_docs/PDFs/Circulars/Y2025-2026/Revamped_F13_Functionality.pdf | https://kustodian.life/resources/epf-claim-rejected-reasons-guide,Compiled from source records. EPFO does not publish a numbered rejection-code list; portal remarks are the operative text.
epfo-rr-041-a03,epfo-rr-041,Overlapping service periods between two employments / member IDs,Overlapping service,alias_or_portal_remark,Eligibility_Service,high,high,https://www.staffnews.in/2025/06/simplification-of-transfer-claim-process.html | https://www.news18.com/business/savings-and-investments/epfo-your-claims-cant-be-rejected-if-there-is-genuine-service-overlapping-read-official-clarification-ws-l-9352924.html | https://www.financialexpress.com/money/epfos-game-changer-move-on-fund-transfer-now-there-will-be-no-claim-rejection-due-to-this-problem-details-3854653/ | https://ascent-hr.com/notification/epfo-simplifies-the-transfer-claim-process-when-there-are-overlapping-service-periods/ | https://zerodha.com/z-connect/varsity/epfo-claim-rejections-what-is-service-overlap-and-how-to-merge-pf-accounts | https://www.epfindia.gov.in/site_docs/PDFs/Circulars/Y2025-2026/Revamped_F13_Functionality.pdf | https://kustodian.life/resources/epf-claim-rejected-reasons-guide,Compiled from source records. EPFO does not publish a numbered rejection-code list; portal remarks are the operative text.
epfo-rr-041-a04,epfo-rr-041,Overlapping service periods between two employments / member IDs,Date overlap,alias_or_portal_remark,Eligibility_Service,high,high,https://www.staffnews.in/2025/06/simplification-of-transfer-claim-process.html | https://www.news18.com/business/savings-and-investments/epfo-your-claims-cant-be-rejected-if-there-is-genuine-service-overlapping-read-official-clarification-ws-l-9352924.html | https://www.financialexpress.com/money/epfos-game-changer-move-on-fund-transfer-now-there-will-be-no-claim-rejection-due-to-this-problem-details-3854653/ | https://ascent-hr.com/notification/epfo-simplifies-the-transfer-claim-process-when-there-are-overlapping-service-periods/ | https://zerodha.com/z-connect/varsity/epfo-claim-rejections-what-is-service-overlap-and-how-to-merge-pf-accounts | https://www.epfindia.gov.in/site_docs/PDFs/Circulars/Y2025-2026/Revamped_F13_Functionality.pdf | https://kustodian.life/resources/epf-claim-rejected-reasons-guide,Compiled from source records. EPFO does not publish a numbered rejection-code list; portal remarks are the operative text.
epfo-rr-041-a05,epfo-rr-041,Overlapping service periods between two employments / member IDs,Overlapping employment records,alias_or_portal_remark,Eligibility_Service,high,high,https://www.staffnews.in/2025/06/simplification-of-transfer-claim-process.html | https://www.news18.com/business/savings-and-investments/epfo-your-claims-cant-be-rejected-if-there-is-genuine-service-overlapping-read-official-clarification-ws-l-9352924.html | https://www.financialexpress.com/money/epfos-game-changer-move-on-fund-transfer-now-there-will-be-no-claim-rejection-due-to-this-problem-details-3854653/ | https://ascent-hr.com/notification/epfo-simplifies-the-transfer-claim-process-when-there-are-overlapping-service-periods/ | https://zerodha.com/z-connect/varsity/epfo-claim-rejections-what-is-service-overlap-and-how-to-merge-pf-accounts | https://www.epfindia.gov.in/site_docs/PDFs/Circulars/Y2025-2026/Revamped_F13_Functionality.pdf | https://kustodian.life/resources/epf-claim-rejected-reasons-guide,Compiled from source records. EPFO does not publish a numbered rejection-code list; portal remarks are the operative text.
epfo-rr-041-a06,epfo-rr-041,Overlapping service periods between two employments / member IDs,DOJ DOE overlap two member IDs,alias_or_portal_remark,Eligibility_Service,high,high,https://www.staffnews.in/2025/06/simplification-of-transfer-claim-process.html | https://www.news18.com/business/savings-and-investments/epfo-your-claims-cant-be-rejected-if-there-is-genuine-service-overlapping-read-official-clarification-ws-l-9352924.html | https://www.financialexpress.com/money/epfos-game-changer-move-on-fund-transfer-now-there-will-be-no-claim-rejection-due-to-this-problem-details-3854653/ | https://ascent-hr.com/notification/epfo-simplifies-the-transfer-claim-process-when-there-are-overlapping-service-periods/ | https://zerodha.com/z-connect/varsity/epfo-claim-rejections-what-is-service-overlap-and-how-to-merge-pf-accounts | https://www.epfindia.gov.in/site_docs/PDFs/Circulars/Y2025-2026/Revamped_F13_Functionality.pdf | https://kustodian.life/resources/epf-claim-rejected-reasons-guide,Compiled from source records. EPFO does not publish a numbered rejection-code list; portal remarks are the operative text.
epfo-rr-041-official,epfo-rr-041,Overlapping service periods between two employments / member IDs,Portal: 'Service overlap detected.' Historically a common transfer/settlement rejection. EPFO circular No. WSU/TransferClaim/E-52972/2025-26/07 dated 20 May 2025 instructs Regional Offices to process transfer claims even with overlapping services and not to reject overlap per se; clarification only if genuinely needed. Withdrawal claims may still be blocked until dates or contributions are rationalised.,official_or_commonly_seen_status,Eligibility_Service,high,high,https://www.staffnews.in/2025/06/simplification-of-transfer-claim-process.html | https://www.news18.com/business/savings-and-investments/epfo-your-claims-cant-be-rejected-if-there-is-genuine-service-overlapping-read-official-clarification-ws-l-9352924.html | https://www.financialexpress.com/money/epfos-game-changer-move-on-fund-transfer-now-there-will-be-no-claim-rejection-due-to-this-problem-details-3854653/ | https://ascent-hr.com/notification/epfo-simplifies-the-transfer-claim-process-when-there-are-overlapping-service-periods/ | https://zerodha.com/z-connect/varsity/epfo-claim-rejections-what-is-service-overlap-and-how-to-merge-pf-accounts | https://www.epfindia.gov.in/site_docs/PDFs/Circulars/Y2025-2026/Revamped_F13_Functionality.pdf | https://kustodian.life/resources/epf-claim-rejected-reasons-guide,"Circular number WSU/TransferClaim/E-52972/2025-26/07 dated 20/May/2025 is documented via StaffNews full text. It is about transfer claims, not a blanket ban on settlement rejections."
epfo-rr-042-a01,epfo-rr-042,"Service history gaps, missing EPS months, or incomplete contribution record",Service record incomplete,alias_or_portal_remark,Eligibility_Service,high,high,https://www.financialexpress.com/money/epfo-pension-rules-settlement-in-20-days-but-heres-why-many-eps-claims-still-get-rejected-4168274/ | https://www.etnownews.com/personal-finance/epfo-pension-rules-why-eps-claims-get-rejected-govt-reveals-basis-errors-kyc-aadhaar-and-more-article-153801634 | https://www.outlookmoney.com/retirement/pension/epf-claim-settlement-why-epfo-rejects-the-claims-and-what-subscribers-can-do | https://kustodian.life/resources/epf-form-10d-the-2026-guide-to-claiming-your-monthly-pension | https://www.reddit.com/r/epfoindia/comments/1m6co8r/why_so_many_epf_claims_are_being_rejected_and/ | https://www.livemint.com/money/personal-finance/epfo-showing-wrong-service-history-what-employees-should-check-immediately-and-do-next-to-rectify-the-error-11786520369893.html,Compiled from source records. EPFO does not publish a numbered rejection-code list; portal remarks are the operative text.
epfo-rr-042-a02,epfo-rr-042,"Service history gaps, missing EPS months, or incomplete contribution record",EPS contribution not available,alias_or_portal_remark,Eligibility_Service,high,high,https://www.financialexpress.com/money/epfo-pension-rules-settlement-in-20-days-but-heres-why-many-eps-claims-still-get-rejected-4168274/ | https://www.etnownews.com/personal-finance/epfo-pension-rules-why-eps-claims-get-rejected-govt-reveals-basis-errors-kyc-aadhaar-and-more-article-153801634 | https://www.outlookmoney.com/retirement/pension/epf-claim-settlement-why-epfo-rejects-the-claims-and-what-subscribers-can-do | https://kustodian.life/resources/epf-form-10d-the-2026-guide-to-claiming-your-monthly-pension | https://www.reddit.com/r/epfoindia/comments/1m6co8r/why_so_many_epf_claims_are_being_rejected_and/ | https://www.livemint.com/money/personal-finance/epfo-showing-wrong-service-history-what-employees-should-check-immediately-and-do-next-to-rectify-the-error-11786520369893.html,Compiled from source records. EPFO does not publish a numbered rejection-code list; portal remarks are the operative text.
epfo-rr-042-a03,epfo-rr-042,"Service history gaps, missing EPS months, or incomplete contribution record",Non-contributory period,alias_or_portal_remark,Eligibility_Service,high,high,https://www.financialexpress.com/money/epfo-pension-rules-settlement-in-20-days-but-heres-why-many-eps-claims-still-get-rejected-4168274/ | https://www.etnownews.com/personal-finance/epfo-pension-rules-why-eps-claims-get-rejected-govt-reveals-basis-errors-kyc-aadhaar-and-more-article-153801634 | https://www.outlookmoney.com/retirement/pension/epf-claim-settlement-why-epfo-rejects-the-claims-and-what-subscribers-can-do | https://kustodian.life/resources/epf-form-10d-the-2026-guide-to-claiming-your-monthly-pension | https://www.reddit.com/r/epfoindia/comments/1m6co8r/why_so_many_epf_claims_are_being_rejected_and/ | https://www.livemint.com/money/personal-finance/epfo-showing-wrong-service-history-what-employees-should-check-immediately-and-do-next-to-rectify-the-error-11786520369893.html,Compiled from source records. EPFO does not publish a numbered rejection-code list; portal remarks are the operative text.
epfo-rr-042-a04,epfo-rr-042,"Service history gaps, missing EPS months, or incomplete contribution record",Missing service history,alias_or_portal_remark,Eligibility_Service,high,high,https://www.financialexpress.com/money/epfo-pension-rules-settlement-in-20-days-but-heres-why-many-eps-claims-still-get-rejected-4168274/ | https://www.etnownews.com/personal-finance/epfo-pension-rules-why-eps-claims-get-rejected-govt-reveals-basis-errors-kyc-aadhaar-and-more-article-153801634 | https://www.outlookmoney.com/retirement/pension/epf-claim-settlement-why-epfo-rejects-the-claims-and-what-subscribers-can-do | https://kustodian.life/resources/epf-form-10d-the-2026-guide-to-claiming-your-monthly-pension | https://www.reddit.com/r/epfoindia/comments/1m6co8r/why_so_many_epf_claims_are_being_rejected_and/ | https://www.livemint.com/money/personal-finance/epfo-showing-wrong-service-history-what-employees-should-check-immediately-and-do-next-to-rectify-the-error-11786520369893.html,Compiled from source records. EPFO does not publish a numbered rejection-code list; portal remarks are the operative text.
epfo-rr-042-a05,epfo-rr-042,"Service history gaps, missing EPS months, or incomplete contribution record",Gaps in contribution history,alias_or_portal_remark,Eligibility_Service,high,high,https://www.financialexpress.com/money/epfo-pension-rules-settlement-in-20-days-but-heres-why-many-eps-claims-still-get-rejected-4168274/ | https://www.etnownews.com/personal-finance/epfo-pension-rules-why-eps-claims-get-rejected-govt-reveals-basis-errors-kyc-aadhaar-and-more-article-153801634 | https://www.outlookmoney.com/retirement/pension/epf-claim-settlement-why-epfo-rejects-the-claims-and-what-subscribers-can-do | https://kustodian.life/resources/epf-form-10d-the-2026-guide-to-claiming-your-monthly-pension | https://www.reddit.com/r/epfoindia/comments/1m6co8r/why_so_many_epf_claims_are_being_rejected_and/ | https://www.livemint.com/money/personal-finance/epfo-showing-wrong-service-history-what-employees-should-check-immediately-and-do-next-to-rectify-the-error-11786520369893.html,Compiled from source records. EPFO does not publish a numbered rejection-code list; portal remarks are the operative text.
epfo-rr-042-official,epfo-rr-042,"Service history gaps, missing EPS months, or incomplete contribution record","Government reply on EPS rejections: contribution-related discrepancies, incorrect wage reporting, gaps in contribution history. Form 10D guides: non-contributory/absent periods can drop calculated service below 10 years.",official_or_commonly_seen_status,Eligibility_Service,high,high,https://www.financialexpress.com/money/epfo-pension-rules-settlement-in-20-days-but-heres-why-many-eps-claims-still-get-rejected-4168274/ | https://www.etnownews.com/personal-finance/epfo-pension-rules-why-eps-claims-get-rejected-govt-reveals-basis-errors-kyc-aadhaar-and-more-article-153801634 | https://www.outlookmoney.com/retirement/pension/epf-claim-settlement-why-epfo-rejects-the-claims-and-what-subscribers-can-do | https://kustodian.life/resources/epf-form-10d-the-2026-guide-to-claiming-your-monthly-pension | https://www.reddit.com/r/epfoindia/comments/1m6co8r/why_so_many_epf_claims_are_being_rejected_and/ | https://www.livemint.com/money/personal-finance/epfo-showing-wrong-service-history-what-employees-should-check-immediately-and-do-next-to-rectify-the-error-11786520369893.html,
epfo-rr-043-a01,epfo-rr-043,Wrong claim form selected for the member's situation,Wrong form,alias_or_portal_remark,Eligibility_Service,high,high,https://www.epfindia.gov.in/site_en/WhichClaimForm.php?id=in_sm | https://www.outlookmoney.com/retirement/pension/epf-claim-settlement-why-epfo-rejects-the-claims-and-what-subscribers-can-do | https://finright.in/blogs/most-common-reasons-for-epf-claim-rejections-and-tips-to-avoid-them | https://cleartax.in/c/pf-withdrawal-online | https://pfbalancecheck.com/epfo-claim-rejected-reason/,Compiled from source records. EPFO does not publish a numbered rejection-code list; portal remarks are the operative text.
epfo-rr-043-a02,epfo-rr-043,Wrong claim form selected for the member's situation,Incorrect claim form,alias_or_portal_remark,Eligibility_Service,high,high,https://www.epfindia.gov.in/site_en/WhichClaimForm.php?id=in_sm | https://www.outlookmoney.com/retirement/pension/epf-claim-settlement-why-epfo-rejects-the-claims-and-what-subscribers-can-do | https://finright.in/blogs/most-common-reasons-for-epf-claim-rejections-and-tips-to-avoid-them | https://cleartax.in/c/pf-withdrawal-online | https://pfbalancecheck.com/epfo-claim-rejected-reason/,Compiled from source records. EPFO does not publish a numbered rejection-code list; portal remarks are the operative text.
epfo-rr-043-a03,epfo-rr-043,Wrong claim form selected for the member's situation,Form 19 vs 31 vs 10C mix-up,alias_or_portal_remark,Eligibility_Service,high,high,https://www.epfindia.gov.in/site_en/WhichClaimForm.php?id=in_sm | https://www.outlookmoney.com/retirement/pension/epf-claim-settlement-why-epfo-rejects-the-claims-and-what-subscribers-can-do | https://finright.in/blogs/most-common-reasons-for-epf-claim-rejections-and-tips-to-avoid-them | https://cleartax.in/c/pf-withdrawal-online | https://pfbalancecheck.com/epfo-claim-rejected-reason/,Compiled from source records. EPFO does not publish a numbered rejection-code list; portal remarks are the operative text.
epfo-rr-043-a04,epfo-rr-043,Wrong claim form selected for the member's situation,Wrong form / claim rejected due to wrong form,alias_or_portal_remark,Eligibility_Service,high,high,https://www.epfindia.gov.in/site_en/WhichClaimForm.php?id=in_sm | https://www.outlookmoney.com/retirement/pension/epf-claim-settlement-why-epfo-rejects-the-claims-and-what-subscribers-can-do | https://finright.in/blogs/most-common-reasons-for-epf-claim-rejections-and-tips-to-avoid-them | https://cleartax.in/c/pf-withdrawal-online | https://pfbalancecheck.com/epfo-claim-rejected-reason/,Compiled from source records. EPFO does not publish a numbered rejection-code list; portal remarks are the operative text.
epfo-rr-043-a05,epfo-rr-043,Wrong claim form selected for the member's situation,Wrong form selected 31 vs 19 vs 10C,alias_or_portal_remark,Eligibility_Service,high,high,https://www.epfindia.gov.in/site_en/WhichClaimForm.php?id=in_sm | https://www.outlookmoney.com/retirement/pension/epf-claim-settlement-why-epfo-rejects-the-claims-and-what-subscribers-can-do | https://finright.in/blogs/most-common-reasons-for-epf-claim-rejections-and-tips-to-avoid-them | https://cleartax.in/c/pf-withdrawal-online | https://pfbalancecheck.com/epfo-claim-rejected-reason/,Compiled from source records. EPFO does not publish a numbered rejection-code list; portal remarks are the operative text.
epfo-rr-043-a06,epfo-rr-043,Wrong claim form selected for the member's situation,Incorrect claim type,alias_or_portal_remark,Eligibility_Service,high,high,https://www.epfindia.gov.in/site_en/WhichClaimForm.php?id=in_sm | https://www.outlookmoney.com/retirement/pension/epf-claim-settlement-why-epfo-rejects-the-claims-and-what-subscribers-can-do | https://finright.in/blogs/most-common-reasons-for-epf-claim-rejections-and-tips-to-avoid-them | https://cleartax.in/c/pf-withdrawal-online | https://pfbalancecheck.com/epfo-claim-rejected-reason/,Compiled from source records. EPFO does not publish a numbered rejection-code list; portal remarks are the operative text.
epfo-rr-043-a07,epfo-rr-043,Wrong claim form selected for the member's situation,Please select correct claim form,alias_or_portal_remark,Eligibility_Service,high,high,https://www.epfindia.gov.in/site_en/WhichClaimForm.php?id=in_sm | https://www.outlookmoney.com/retirement/pension/epf-claim-settlement-why-epfo-rejects-the-claims-and-what-subscribers-can-do | https://finright.in/blogs/most-common-reasons-for-epf-claim-rejections-and-tips-to-avoid-them | https://cleartax.in/c/pf-withdrawal-online | https://pfbalancecheck.com/epfo-claim-rejected-reason/,Compiled from source records. EPFO does not publish a numbered rejection-code list; portal remarks are the operative text.
epfo-rr-043-official,epfo-rr-043,Wrong claim form selected for the member's situation,Outlook/MoS: incorrect claim form is a stated rejection cause. FinRight maps situations to forms. Official Which-Claim-Form page assigns 19/20/10C/10D/5IF by life event including death and service length.,official_or_commonly_seen_status,Eligibility_Service,high,high,https://www.epfindia.gov.in/site_en/WhichClaimForm.php?id=in_sm | https://www.outlookmoney.com/retirement/pension/epf-claim-settlement-why-epfo-rejects-the-claims-and-what-subscribers-can-do | https://finright.in/blogs/most-common-reasons-for-epf-claim-rejections-and-tips-to-avoid-them | https://cleartax.in/c/pf-withdrawal-online | https://pfbalancecheck.com/epfo-claim-rejected-reason/,
epfo-rr-044-a01,epfo-rr-044,Form 11 / EPS membership status discrepancy (EPS enrolled vs not enrolled),EPS discrepancy,alias_or_portal_remark,Eligibility_Service,high,medium,https://finright.in/blogs/most-common-reasons-for-epf-claim-rejections-and-tips-to-avoid-them | https://www.reddit.com/r/epfoindia/comments/1m6co8r/why_so_many_epf_claims_are_being_rejected_and/ | https://www.epfindia.gov.in/site_docs/PDFs/MiscPDFs/FAQ_OCS_050517_1017.pdf | https://cleartax.in/c/pf-withdrawal-online,Compiled from source records. EPFO does not publish a numbered rejection-code list; portal remarks are the operative text.
epfo-rr-044-a02,epfo-rr-044,Form 11 / EPS membership status discrepancy (EPS enrolled vs not enrolled),Form 11 error,alias_or_portal_remark,Eligibility_Service,high,medium,https://finright.in/blogs/most-common-reasons-for-epf-claim-rejections-and-tips-to-avoid-them | https://www.reddit.com/r/epfoindia/comments/1m6co8r/why_so_many_epf_claims_are_being_rejected_and/ | https://www.epfindia.gov.in/site_docs/PDFs/MiscPDFs/FAQ_OCS_050517_1017.pdf | https://cleartax.in/c/pf-withdrawal-online,Compiled from source records. EPFO does not publish a numbered rejection-code list; portal remarks are the operative text.
epfo-rr-044-a03,epfo-rr-044,Form 11 / EPS membership status discrepancy (EPS enrolled vs not enrolled),Pension contribution mismatch,alias_or_portal_remark,Eligibility_Service,high,medium,https://finright.in/blogs/most-common-reasons-for-epf-claim-rejections-and-tips-to-avoid-them | https://www.reddit.com/r/epfoindia/comments/1m6co8r/why_so_many_epf_claims_are_being_rejected_and/ | https://www.epfindia.gov.in/site_docs/PDFs/MiscPDFs/FAQ_OCS_050517_1017.pdf | https://cleartax.in/c/pf-withdrawal-online,Compiled from source records. EPFO does not publish a numbered rejection-code list; portal remarks are the operative text.
epfo-rr-044-a04,epfo-rr-044,Form 11 / EPS membership status discrepancy (EPS enrolled vs not enrolled),EPS membership status mismatch,alias_or_portal_remark,Eligibility_Service,high,medium,https://finright.in/blogs/most-common-reasons-for-epf-claim-rejections-and-tips-to-avoid-them | https://www.reddit.com/r/epfoindia/comments/1m6co8r/why_so_many_epf_claims_are_being_rejected_and/ | https://www.epfindia.gov.in/site_docs/PDFs/MiscPDFs/FAQ_OCS_050517_1017.pdf | https://cleartax.in/c/pf-withdrawal-online,Compiled from source records. EPFO does not publish a numbered rejection-code list; portal remarks are the operative text.
epfo-rr-044-a05,epfo-rr-044,Form 11 / EPS membership status discrepancy (EPS enrolled vs not enrolled),Salary above 15000 at joining so no EPS,alias_or_portal_remark,Eligibility_Service,high,medium,https://finright.in/blogs/most-common-reasons-for-epf-claim-rejections-and-tips-to-avoid-them | https://www.reddit.com/r/epfoindia/comments/1m6co8r/why_so_many_epf_claims_are_being_rejected_and/ | https://www.epfindia.gov.in/site_docs/PDFs/MiscPDFs/FAQ_OCS_050517_1017.pdf | https://cleartax.in/c/pf-withdrawal-online,Compiled from source records. EPFO does not publish a numbered rejection-code list; portal remarks are the operative text.
epfo-rr-044-official,epfo-rr-044,Form 11 / EPS membership status discrepancy (EPS enrolled vs not enrolled),"FinRight: Form 11 asks EPS membership; wrong status creates mismatch. New joiners with pay above the statutory pensionable wage ceiling at first covered employment may not have been enrolled in EPS (historical Rs 15,000 ceiling — confirm current ceiling). Passbook without EPS column vs a 10C claim is a typical fail.",official_or_commonly_seen_status,Eligibility_Service,high,medium,https://finright.in/blogs/most-common-reasons-for-epf-claim-rejections-and-tips-to-avoid-them | https://www.reddit.com/r/epfoindia/comments/1m6co8r/why_so_many_epf_claims_are_being_rejected_and/ | https://www.epfindia.gov.in/site_docs/PDFs/MiscPDFs/FAQ_OCS_050517_1017.pdf | https://cleartax.in/c/pf-withdrawal-online,Wage ceiling and Form 11 logic are standard EPF practice; exact current ceiling should be verified on epfindia. No invented Form 11 'error code'.
epfo-rr-045-a01,epfo-rr-045,Inoperative or blocked UAN/member account not unblocked before claim,Inoperative account,alias_or_portal_remark,Eligibility_Service,high,high,https://www.epfindia.gov.in/site_docs/PDFs/Circulars/Y2024-2025/Circular_SOP_WSU_02082024.pdf | https://www.business-standard.com/finance/personal-finance/epfo-issues-new-rules-for-inoperative-inactive-accounts-to-combat-fraud-124080600360_1.html | https://economictimes.indiatimes.com/wealth/save/latest-epfo-rules-how-to-unblock-inoperative-epf-account-settle-claims/articleshow/107544015.cms | https://www.outlookmoney.com/retirement/plan/news/explained-epfos-new-guidelines-for-inoperative-epf-accounts | https://www.business-standard.com/finance/personal-finance/unblocking-inactive-epf-account-what-employees-must-do-124100200247_1.html,Compiled from source records. EPFO does not publish a numbered rejection-code list; portal remarks are the operative text.
epfo-rr-045-a02,epfo-rr-045,Inoperative or blocked UAN/member account not unblocked before claim,Account blocked,alias_or_portal_remark,Eligibility_Service,high,high,https://www.epfindia.gov.in/site_docs/PDFs/Circulars/Y2024-2025/Circular_SOP_WSU_02082024.pdf | https://www.business-standard.com/finance/personal-finance/epfo-issues-new-rules-for-inoperative-inactive-accounts-to-combat-fraud-124080600360_1.html | https://economictimes.indiatimes.com/wealth/save/latest-epfo-rules-how-to-unblock-inoperative-epf-account-settle-claims/articleshow/107544015.cms | https://www.outlookmoney.com/retirement/plan/news/explained-epfos-new-guidelines-for-inoperative-epf-accounts | https://www.business-standard.com/finance/personal-finance/unblocking-inactive-epf-account-what-employees-must-do-124100200247_1.html,Compiled from source records. EPFO does not publish a numbered rejection-code list; portal remarks are the operative text.
epfo-rr-045-a03,epfo-rr-045,Inoperative or blocked UAN/member account not unblocked before claim,Transaction-less account,alias_or_portal_remark,Eligibility_Service,high,high,https://www.epfindia.gov.in/site_docs/PDFs/Circulars/Y2024-2025/Circular_SOP_WSU_02082024.pdf | https://www.business-standard.com/finance/personal-finance/epfo-issues-new-rules-for-inoperative-inactive-accounts-to-combat-fraud-124080600360_1.html | https://economictimes.indiatimes.com/wealth/save/latest-epfo-rules-how-to-unblock-inoperative-epf-account-settle-claims/articleshow/107544015.cms | https://www.outlookmoney.com/retirement/plan/news/explained-epfos-new-guidelines-for-inoperative-epf-accounts | https://www.business-standard.com/finance/personal-finance/unblocking-inactive-epf-account-what-employees-must-do-124100200247_1.html,Compiled from source records. EPFO does not publish a numbered rejection-code list; portal remarks are the operative text.
epfo-rr-045-a04,epfo-rr-045,Inoperative or blocked UAN/member account not unblocked before claim,Unblocking required,alias_or_portal_remark,Eligibility_Service,high,high,https://www.epfindia.gov.in/site_docs/PDFs/Circulars/Y2024-2025/Circular_SOP_WSU_02082024.pdf | https://www.business-standard.com/finance/personal-finance/epfo-issues-new-rules-for-inoperative-inactive-accounts-to-combat-fraud-124080600360_1.html | https://economictimes.indiatimes.com/wealth/save/latest-epfo-rules-how-to-unblock-inoperative-epf-account-settle-claims/articleshow/107544015.cms | https://www.outlookmoney.com/retirement/plan/news/explained-epfos-new-guidelines-for-inoperative-epf-accounts | https://www.business-standard.com/finance/personal-finance/unblocking-inactive-epf-account-what-employees-must-do-124100200247_1.html,Compiled from source records. EPFO does not publish a numbered rejection-code list; portal remarks are the operative text.
epfo-rr-045-official,epfo-rr-045,Inoperative or blocked UAN/member account not unblocked before claim,"EPFO SOP on inoperative/transaction-less accounts (Circular SOP WSU 02.08.2024) requires KYC seeding (Aadhaar, PAN, bank) and an unblocking request. Additional scrutiny and extra approval layers apply, especially for higher amounts and older inoperative accounts. Claims filed on a still-blocked account fail or face extra verification.",official_or_commonly_seen_status,Eligibility_Service,high,high,https://www.epfindia.gov.in/site_docs/PDFs/Circulars/Y2024-2025/Circular_SOP_WSU_02082024.pdf | https://www.business-standard.com/finance/personal-finance/epfo-issues-new-rules-for-inoperative-inactive-accounts-to-combat-fraud-124080600360_1.html | https://economictimes.indiatimes.com/wealth/save/latest-epfo-rules-how-to-unblock-inoperative-epf-account-settle-claims/articleshow/107544015.cms | https://www.outlookmoney.com/retirement/plan/news/explained-epfos-new-guidelines-for-inoperative-epf-accounts | https://www.business-standard.com/finance/personal-finance/unblocking-inactive-epf-account-what-employees-must-do-124100200247_1.html,SOP file Circular_SOP_WSU_02082024.pdf. Extra approval layers for flagged MIDs are in that SOP (e.g. additional officer for higher slabs).
epfo-rr-046-a01,epfo-rr-046,Multiple UANs not merged; service and EPS split across accounts,Multiple UAN,alias_or_portal_remark,Eligibility_Service,high,high,https://www.staffnews.in/2025/06/simplification-of-transfer-claim-process.html | https://zerodha.com/z-connect/varsity/epfo-claim-rejections-what-is-service-overlap-and-how-to-merge-pf-accounts | https://finright.in/blogs/most-common-reasons-for-epf-claim-rejections-and-tips-to-avoid-them | https://cleartax.in/c/pf-withdrawal-online | https://www.epfindia.gov.in/site_docs/PDFs/MiscPDFs/FAQ_OCS_050517_1017.pdf,Compiled from source records. EPFO does not publish a numbered rejection-code list; portal remarks are the operative text.
epfo-rr-046-a02,epfo-rr-046,Multiple UANs not merged; service and EPS split across accounts,Duplicate UAN,alias_or_portal_remark,Eligibility_Service,high,high,https://www.staffnews.in/2025/06/simplification-of-transfer-claim-process.html | https://zerodha.com/z-connect/varsity/epfo-claim-rejections-what-is-service-overlap-and-how-to-merge-pf-accounts | https://finright.in/blogs/most-common-reasons-for-epf-claim-rejections-and-tips-to-avoid-them | https://cleartax.in/c/pf-withdrawal-online | https://www.epfindia.gov.in/site_docs/PDFs/MiscPDFs/FAQ_OCS_050517_1017.pdf,Compiled from source records. EPFO does not publish a numbered rejection-code list; portal remarks are the operative text.
epfo-rr-046-a03,epfo-rr-046,Multiple UANs not merged; service and EPS split across accounts,UAN merge pending,alias_or_portal_remark,Eligibility_Service,high,high,https://www.staffnews.in/2025/06/simplification-of-transfer-claim-process.html | https://zerodha.com/z-connect/varsity/epfo-claim-rejections-what-is-service-overlap-and-how-to-merge-pf-accounts | https://finright.in/blogs/most-common-reasons-for-epf-claim-rejections-and-tips-to-avoid-them | https://cleartax.in/c/pf-withdrawal-online | https://www.epfindia.gov.in/site_docs/PDFs/MiscPDFs/FAQ_OCS_050517_1017.pdf,Compiled from source records. EPFO does not publish a numbered rejection-code list; portal remarks are the operative text.
epfo-rr-046-a04,epfo-rr-046,Multiple UANs not merged; service and EPS split across accounts,Split records,alias_or_portal_remark,Eligibility_Service,high,high,https://www.staffnews.in/2025/06/simplification-of-transfer-claim-process.html | https://zerodha.com/z-connect/varsity/epfo-claim-rejections-what-is-service-overlap-and-how-to-merge-pf-accounts | https://finright.in/blogs/most-common-reasons-for-epf-claim-rejections-and-tips-to-avoid-them | https://cleartax.in/c/pf-withdrawal-online | https://www.epfindia.gov.in/site_docs/PDFs/MiscPDFs/FAQ_OCS_050517_1017.pdf,Compiled from source records. EPFO does not publish a numbered rejection-code list; portal remarks are the operative text.
epfo-rr-046-a05,epfo-rr-046,Multiple UANs not merged; service and EPS split across accounts,Multiple UAN merge required,alias_or_portal_remark,Eligibility_Service,high,high,https://www.staffnews.in/2025/06/simplification-of-transfer-claim-process.html | https://zerodha.com/z-connect/varsity/epfo-claim-rejections-what-is-service-overlap-and-how-to-merge-pf-accounts | https://finright.in/blogs/most-common-reasons-for-epf-claim-rejections-and-tips-to-avoid-them | https://cleartax.in/c/pf-withdrawal-online | https://www.epfindia.gov.in/site_docs/PDFs/MiscPDFs/FAQ_OCS_050517_1017.pdf,Compiled from source records. EPFO does not publish a numbered rejection-code list; portal remarks are the operative text.
epfo-rr-046-a06,epfo-rr-046,Multiple UANs not merged; service and EPS split across accounts,Duplicate UAN claim blocked,alias_or_portal_remark,Eligibility_Service,high,high,https://www.staffnews.in/2025/06/simplification-of-transfer-claim-process.html | https://zerodha.com/z-connect/varsity/epfo-claim-rejections-what-is-service-overlap-and-how-to-merge-pf-accounts | https://finright.in/blogs/most-common-reasons-for-epf-claim-rejections-and-tips-to-avoid-them | https://cleartax.in/c/pf-withdrawal-online | https://www.epfindia.gov.in/site_docs/PDFs/MiscPDFs/FAQ_OCS_050517_1017.pdf,Compiled from source records. EPFO does not publish a numbered rejection-code list; portal remarks are the operative text.
epfo-rr-046-a07,epfo-rr-046,Multiple UANs not merged; service and EPS split across accounts,Aadhaar linked different UAN,alias_or_portal_remark,Eligibility_Service,high,high,https://www.staffnews.in/2025/06/simplification-of-transfer-claim-process.html | https://zerodha.com/z-connect/varsity/epfo-claim-rejections-what-is-service-overlap-and-how-to-merge-pf-accounts | https://finright.in/blogs/most-common-reasons-for-epf-claim-rejections-and-tips-to-avoid-them | https://cleartax.in/c/pf-withdrawal-online | https://www.epfindia.gov.in/site_docs/PDFs/MiscPDFs/FAQ_OCS_050517_1017.pdf,Compiled from source records. EPFO does not publish a numbered rejection-code list; portal remarks are the operative text.
epfo-rr-046-official,epfo-rr-046,Multiple UANs not merged; service and EPS split across accounts,"Practitioners and EPFO communications encourage one UAN lifelong. Split UANs cause Aadhaar-seeding conflicts, incomplete EPS service, and transfer failures. Pension Division circular E-597451/4406 dated 29.01.2024 is cited in the 20 May 2025 overlap circular regarding EPS entitlement of members having multiple account numbers.",official_or_commonly_seen_status,Eligibility_Service,high,high,https://www.staffnews.in/2025/06/simplification-of-transfer-claim-process.html | https://zerodha.com/z-connect/varsity/epfo-claim-rejections-what-is-service-overlap-and-how-to-merge-pf-accounts | https://finright.in/blogs/most-common-reasons-for-epf-claim-rejections-and-tips-to-avoid-them | https://cleartax.in/c/pf-withdrawal-online | https://www.epfindia.gov.in/site_docs/PDFs/MiscPDFs/FAQ_OCS_050517_1017.pdf,Pension Division circular E-597451/4406 dated 29/01/2024 is referenced by the 20 May 2025 WSU circular (not independently fetched).
epfo-rr-047-a01,epfo-rr-047,Incomplete or incorrectly filled claim application,Incomplete form,alias_or_portal_remark,Form_Documentation,medium,high,https://www.outlookmoney.com/retirement/pension/epf-claim-settlement-why-epfo-rejects-the-claims-and-what-subscribers-can-do | https://www.financialexpress.com/money/epfo-pension-rules-settlement-in-20-days-but-heres-why-many-eps-claims-still-get-rejected-4168274/ | https://www.etnownews.com/personal-finance/epfo-pension-rules-why-eps-claims-get-rejected-govt-reveals-basis-errors-kyc-aadhaar-and-more-article-153801634 | https://epfindia.gov.in/site_docs/PDFs/Downloads_PDFs/Form19_instructions_Eng.pdf | https://www.epfindia.gov.in/site_docs/PDFs/Downloads_PDFs/Form5IF_Instructions_Eng.pdf,Compiled from source records. EPFO does not publish a numbered rejection-code list; portal remarks are the operative text.
epfo-rr-047-a02,epfo-rr-047,Incomplete or incorrectly filled claim application,Incorrect or incomplete claim applications,alias_or_portal_remark,Form_Documentation,medium,high,https://www.outlookmoney.com/retirement/pension/epf-claim-settlement-why-epfo-rejects-the-claims-and-what-subscribers-can-do | https://www.financialexpress.com/money/epfo-pension-rules-settlement-in-20-days-but-heres-why-many-eps-claims-still-get-rejected-4168274/ | https://www.etnownews.com/personal-finance/epfo-pension-rules-why-eps-claims-get-rejected-govt-reveals-basis-errors-kyc-aadhaar-and-more-article-153801634 | https://epfindia.gov.in/site_docs/PDFs/Downloads_PDFs/Form19_instructions_Eng.pdf | https://www.epfindia.gov.in/site_docs/PDFs/Downloads_PDFs/Form5IF_Instructions_Eng.pdf,Compiled from source records. EPFO does not publish a numbered rejection-code list; portal remarks are the operative text.
epfo-rr-047-a03,epfo-rr-047,Incomplete or incorrectly filled claim application,Details missing on form,alias_or_portal_remark,Form_Documentation,medium,high,https://www.outlookmoney.com/retirement/pension/epf-claim-settlement-why-epfo-rejects-the-claims-and-what-subscribers-can-do | https://www.financialexpress.com/money/epfo-pension-rules-settlement-in-20-days-but-heres-why-many-eps-claims-still-get-rejected-4168274/ | https://www.etnownews.com/personal-finance/epfo-pension-rules-why-eps-claims-get-rejected-govt-reveals-basis-errors-kyc-aadhaar-and-more-article-153801634 | https://epfindia.gov.in/site_docs/PDFs/Downloads_PDFs/Form19_instructions_Eng.pdf | https://www.epfindia.gov.in/site_docs/PDFs/Downloads_PDFs/Form5IF_Instructions_Eng.pdf,Compiled from source records. EPFO does not publish a numbered rejection-code list; portal remarks are the operative text.
epfo-rr-047-a04,epfo-rr-047,Incomplete or incorrectly filled claim application,Wrongly filled bank or service fields,alias_or_portal_remark,Form_Documentation,medium,high,https://www.outlookmoney.com/retirement/pension/epf-claim-settlement-why-epfo-rejects-the-claims-and-what-subscribers-can-do | https://www.financialexpress.com/money/epfo-pension-rules-settlement-in-20-days-but-heres-why-many-eps-claims-still-get-rejected-4168274/ | https://www.etnownews.com/personal-finance/epfo-pension-rules-why-eps-claims-get-rejected-govt-reveals-basis-errors-kyc-aadhaar-and-more-article-153801634 | https://epfindia.gov.in/site_docs/PDFs/Downloads_PDFs/Form19_instructions_Eng.pdf | https://www.epfindia.gov.in/site_docs/PDFs/Downloads_PDFs/Form5IF_Instructions_Eng.pdf,Compiled from source records. EPFO does not publish a numbered rejection-code list; portal remarks are the operative text.
epfo-rr-047-official,epfo-rr-047,Incomplete or incorrectly filled claim application,"MoS Labour (Outlook/Financial Express/ET Now): most EPS/EPF rejections happen due to incorrect or incomplete claim applications — missing service records, bank details, or personal information — rather than policy changes.",official_or_commonly_seen_status,Form_Documentation,medium,high,https://www.outlookmoney.com/retirement/pension/epf-claim-settlement-why-epfo-rejects-the-claims-and-what-subscribers-can-do | https://www.financialexpress.com/money/epfo-pension-rules-settlement-in-20-days-but-heres-why-many-eps-claims-still-get-rejected-4168274/ | https://www.etnownews.com/personal-finance/epfo-pension-rules-why-eps-claims-get-rejected-govt-reveals-basis-errors-kyc-aadhaar-and-more-article-153801634 | https://epfindia.gov.in/site_docs/PDFs/Downloads_PDFs/Form19_instructions_Eng.pdf | https://www.epfindia.gov.in/site_docs/PDFs/Downloads_PDFs/Form5IF_Instructions_Eng.pdf,Government reply as reported by multiple national outlets.
epfo-rr-048-a01,epfo-rr-048,"Required supporting documents not submitted (especially death, pension, and physical claims)",Non-submission of required documents,alias_or_portal_remark,Form_Documentation,high,high,https://www.outlookmoney.com/retirement/pension/epf-claim-settlement-why-epfo-rejects-the-claims-and-what-subscribers-can-do | https://www.financialexpress.com/money/epfo-pension-rules-settlement-in-20-days-but-heres-why-many-eps-claims-still-get-rejected-4168274/ | https://www.epfindia.gov.in/site_docs/PDFs/Downloads_PDFs/Form5IF_Instructions_Eng.pdf | https://www.epfindia.gov.in/site_en/WhichClaimForm.php?id=in_sm | https://epfindia.gov.in/site_docs/PDFs/Downloads_PDFs/Form19_instructions_Eng.pdf,Compiled from source records. EPFO does not publish a numbered rejection-code list; portal remarks are the operative text.
epfo-rr-048-a02,epfo-rr-048,"Required supporting documents not submitted (especially death, pension, and physical claims)",Missing documents,alias_or_portal_remark,Form_Documentation,high,high,https://www.outlookmoney.com/retirement/pension/epf-claim-settlement-why-epfo-rejects-the-claims-and-what-subscribers-can-do | https://www.financialexpress.com/money/epfo-pension-rules-settlement-in-20-days-but-heres-why-many-eps-claims-still-get-rejected-4168274/ | https://www.epfindia.gov.in/site_docs/PDFs/Downloads_PDFs/Form5IF_Instructions_Eng.pdf | https://www.epfindia.gov.in/site_en/WhichClaimForm.php?id=in_sm | https://epfindia.gov.in/site_docs/PDFs/Downloads_PDFs/Form19_instructions_Eng.pdf,Compiled from source records. EPFO does not publish a numbered rejection-code list; portal remarks are the operative text.
epfo-rr-048-a03,epfo-rr-048,"Required supporting documents not submitted (especially death, pension, and physical claims)",Documents not attached,alias_or_portal_remark,Form_Documentation,high,high,https://www.outlookmoney.com/retirement/pension/epf-claim-settlement-why-epfo-rejects-the-claims-and-what-subscribers-can-do | https://www.financialexpress.com/money/epfo-pension-rules-settlement-in-20-days-but-heres-why-many-eps-claims-still-get-rejected-4168274/ | https://www.epfindia.gov.in/site_docs/PDFs/Downloads_PDFs/Form5IF_Instructions_Eng.pdf | https://www.epfindia.gov.in/site_en/WhichClaimForm.php?id=in_sm | https://epfindia.gov.in/site_docs/PDFs/Downloads_PDFs/Form19_instructions_Eng.pdf,Compiled from source records. EPFO does not publish a numbered rejection-code list; portal remarks are the operative text.
epfo-rr-048-a04,epfo-rr-048,"Required supporting documents not submitted (especially death, pension, and physical claims)",Death certificate/legal heir not submitted,alias_or_portal_remark,Form_Documentation,high,high,https://www.outlookmoney.com/retirement/pension/epf-claim-settlement-why-epfo-rejects-the-claims-and-what-subscribers-can-do | https://www.financialexpress.com/money/epfo-pension-rules-settlement-in-20-days-but-heres-why-many-eps-claims-still-get-rejected-4168274/ | https://www.epfindia.gov.in/site_docs/PDFs/Downloads_PDFs/Form5IF_Instructions_Eng.pdf | https://www.epfindia.gov.in/site_en/WhichClaimForm.php?id=in_sm | https://epfindia.gov.in/site_docs/PDFs/Downloads_PDFs/Form19_instructions_Eng.pdf,Compiled from source records. EPFO does not publish a numbered rejection-code list; portal remarks are the operative text.
epfo-rr-048-official,epfo-rr-048,"Required supporting documents not submitted (especially death, pension, and physical claims)","MoS Labour: claims rejected for non-submission of death certificate, legal heir or succession documents, family details and nomination records. Form 5IF instructions list death certificate, guardianship certificate, succession certificate, cancelled cheque.",official_or_commonly_seen_status,Form_Documentation,high,high,https://www.outlookmoney.com/retirement/pension/epf-claim-settlement-why-epfo-rejects-the-claims-and-what-subscribers-can-do | https://www.financialexpress.com/money/epfo-pension-rules-settlement-in-20-days-but-heres-why-many-eps-claims-still-get-rejected-4168274/ | https://www.epfindia.gov.in/site_docs/PDFs/Downloads_PDFs/Form5IF_Instructions_Eng.pdf | https://www.epfindia.gov.in/site_en/WhichClaimForm.php?id=in_sm | https://epfindia.gov.in/site_docs/PDFs/Downloads_PDFs/Form19_instructions_Eng.pdf,
epfo-rr-049-a01,epfo-rr-049,Wrong Composite Claim Form used (Aadhaar vs Non-Aadhaar) or CCF filed without meeting seeding conditions,CCF Aadhaar without seeding,alias_or_portal_remark,Form_Documentation,medium,high,https://www.epfindia.gov.in/site_docs/PDFs/Downloads_PDFs/Instructions_CCF_aadhar.pdf | https://www.epfindia.gov.in/site_docs/PDFs/Circulars/Y2016-2017/Composite_Claim_Forms_31792.pdf | https://www.paisabazaar.com/saving-schemes/epf-composite-claim-form/ | https://cleartax.in/c/pf-withdrawal-online | https://www.epfindia.gov.in/site_en/WhichClaimForm.php?id=in_sm,Compiled from source records. EPFO does not publish a numbered rejection-code list; portal remarks are the operative text.
epfo-rr-049-a02,epfo-rr-049,Wrong Composite Claim Form used (Aadhaar vs Non-Aadhaar) or CCF filed without meeting seeding conditions,Non-Aadhaar form used when Aadhaar seeded,alias_or_portal_remark,Form_Documentation,medium,high,https://www.epfindia.gov.in/site_docs/PDFs/Downloads_PDFs/Instructions_CCF_aadhar.pdf | https://www.epfindia.gov.in/site_docs/PDFs/Circulars/Y2016-2017/Composite_Claim_Forms_31792.pdf | https://www.paisabazaar.com/saving-schemes/epf-composite-claim-form/ | https://cleartax.in/c/pf-withdrawal-online | https://www.epfindia.gov.in/site_en/WhichClaimForm.php?id=in_sm,Compiled from source records. EPFO does not publish a numbered rejection-code list; portal remarks are the operative text.
epfo-rr-049-a03,epfo-rr-049,Wrong Composite Claim Form used (Aadhaar vs Non-Aadhaar) or CCF filed without meeting seeding conditions,Composite claim form incorrect,alias_or_portal_remark,Form_Documentation,medium,high,https://www.epfindia.gov.in/site_docs/PDFs/Downloads_PDFs/Instructions_CCF_aadhar.pdf | https://www.epfindia.gov.in/site_docs/PDFs/Circulars/Y2016-2017/Composite_Claim_Forms_31792.pdf | https://www.paisabazaar.com/saving-schemes/epf-composite-claim-form/ | https://cleartax.in/c/pf-withdrawal-online | https://www.epfindia.gov.in/site_en/WhichClaimForm.php?id=in_sm,Compiled from source records. EPFO does not publish a numbered rejection-code list; portal remarks are the operative text.
epfo-rr-049-official,epfo-rr-049,Wrong Composite Claim Form used (Aadhaar vs Non-Aadhaar) or CCF filed without meeting seeding conditions,Official CCF (Aadhaar) instructions: use only if UAN activated and Aadhaar + bank seeded; can be submitted without employer attestation. Non-Aadhaar CCF requires employer attestation. Mixing the two is a documentary reject.,official_or_commonly_seen_status,Form_Documentation,medium,high,https://www.epfindia.gov.in/site_docs/PDFs/Downloads_PDFs/Instructions_CCF_aadhar.pdf | https://www.epfindia.gov.in/site_docs/PDFs/Circulars/Y2016-2017/Composite_Claim_Forms_31792.pdf | https://www.paisabazaar.com/saving-schemes/epf-composite-claim-form/ | https://cleartax.in/c/pf-withdrawal-online | https://www.epfindia.gov.in/site_en/WhichClaimForm.php?id=in_sm,Composite_Claim_Forms_31792.pdf (2016-17) introduced the two CCFs.
epfo-rr-050-a01,epfo-rr-050,Missing claimant or employer signature / stamp on physical claim,Missing signature,alias_or_portal_remark,Form_Documentation,medium,high,https://epfindia.gov.in/site_docs/PDFs/Downloads_PDFs/Form19_instructions_Eng.pdf | https://www.epfindia.gov.in/site_docs/PDFs/Downloads_PDFs/Form5IF_Instructions_Eng.pdf | https://epfindia.gov.in/site_docs/PDFs/OTCP_PDFs/MembersFAQ.pdf | https://kustodian.life/resources/provident-fund/form-5if-guide,Compiled from source records. EPFO does not publish a numbered rejection-code list; portal remarks are the operative text.
epfo-rr-050-a02,epfo-rr-050,Missing claimant or employer signature / stamp on physical claim,Unsigned form,alias_or_portal_remark,Form_Documentation,medium,high,https://epfindia.gov.in/site_docs/PDFs/Downloads_PDFs/Form19_instructions_Eng.pdf | https://www.epfindia.gov.in/site_docs/PDFs/Downloads_PDFs/Form5IF_Instructions_Eng.pdf | https://epfindia.gov.in/site_docs/PDFs/OTCP_PDFs/MembersFAQ.pdf | https://kustodian.life/resources/provident-fund/form-5if-guide,Compiled from source records. EPFO does not publish a numbered rejection-code list; portal remarks are the operative text.
epfo-rr-050-a03,epfo-rr-050,Missing claimant or employer signature / stamp on physical claim,Employer stamp missing,alias_or_portal_remark,Form_Documentation,medium,high,https://epfindia.gov.in/site_docs/PDFs/Downloads_PDFs/Form19_instructions_Eng.pdf | https://www.epfindia.gov.in/site_docs/PDFs/Downloads_PDFs/Form5IF_Instructions_Eng.pdf | https://epfindia.gov.in/site_docs/PDFs/OTCP_PDFs/MembersFAQ.pdf | https://kustodian.life/resources/provident-fund/form-5if-guide,Compiled from source records. EPFO does not publish a numbered rejection-code list; portal remarks are the operative text.
epfo-rr-050-a04,epfo-rr-050,Missing claimant or employer signature / stamp on physical claim,All pages not signed,alias_or_portal_remark,Form_Documentation,medium,high,https://epfindia.gov.in/site_docs/PDFs/Downloads_PDFs/Form19_instructions_Eng.pdf | https://www.epfindia.gov.in/site_docs/PDFs/Downloads_PDFs/Form5IF_Instructions_Eng.pdf | https://epfindia.gov.in/site_docs/PDFs/OTCP_PDFs/MembersFAQ.pdf | https://kustodian.life/resources/provident-fund/form-5if-guide,Compiled from source records. EPFO does not publish a numbered rejection-code list; portal remarks are the operative text.
epfo-rr-050-official,epfo-rr-050,Missing claimant or employer signature / stamp on physical claim,"Form 19 instructions: if downloaded from epfindia, all pages should be signed by claimant and employer. Form 5IF: missing signatures are a top return reason in practitioner guides; official form requires attestation.",official_or_commonly_seen_status,Form_Documentation,medium,high,https://epfindia.gov.in/site_docs/PDFs/Downloads_PDFs/Form19_instructions_Eng.pdf | https://www.epfindia.gov.in/site_docs/PDFs/Downloads_PDFs/Form5IF_Instructions_Eng.pdf | https://epfindia.gov.in/site_docs/PDFs/OTCP_PDFs/MembersFAQ.pdf | https://kustodian.life/resources/provident-fund/form-5if-guide,
epfo-rr-051-a01,epfo-rr-051,Wrong Member ID selected or unknown Member ID linked under the UAN,Wrong Member ID,alias_or_portal_remark,Form_Documentation,medium,medium,https://pfbalancecheck.com/epfo-claim-rejected-reason/ | https://www.livemint.com/money/personal-finance/epfo-showing-wrong-service-history-what-employees-should-check-immediately-and-do-next-to-rectify-the-error-11786520369893.html | https://unifiedportal-mem.epfindia.gov.in/memberinterface/ | https://www.epfindia.gov.in/site_docs/PDFs/MiscPDFs/FAQ_OCS_050517_1017.pdf,Compiled from source records. EPFO does not publish a numbered rejection-code list; portal remarks are the operative text.
epfo-rr-051-a02,epfo-rr-051,Wrong Member ID selected or unknown Member ID linked under the UAN,Unknown employer linked,alias_or_portal_remark,Form_Documentation,medium,medium,https://pfbalancecheck.com/epfo-claim-rejected-reason/ | https://www.livemint.com/money/personal-finance/epfo-showing-wrong-service-history-what-employees-should-check-immediately-and-do-next-to-rectify-the-error-11786520369893.html | https://unifiedportal-mem.epfindia.gov.in/memberinterface/ | https://www.epfindia.gov.in/site_docs/PDFs/MiscPDFs/FAQ_OCS_050517_1017.pdf,Compiled from source records. EPFO does not publish a numbered rejection-code list; portal remarks are the operative text.
epfo-rr-051-a03,epfo-rr-051,Wrong Member ID selected or unknown Member ID linked under the UAN,Incorrect member ID,alias_or_portal_remark,Form_Documentation,medium,medium,https://pfbalancecheck.com/epfo-claim-rejected-reason/ | https://www.livemint.com/money/personal-finance/epfo-showing-wrong-service-history-what-employees-should-check-immediately-and-do-next-to-rectify-the-error-11786520369893.html | https://unifiedportal-mem.epfindia.gov.in/memberinterface/ | https://www.epfindia.gov.in/site_docs/PDFs/MiscPDFs/FAQ_OCS_050517_1017.pdf,Compiled from source records. EPFO does not publish a numbered rejection-code list; portal remarks are the operative text.
epfo-rr-051-a04,epfo-rr-051,Wrong Member ID selected or unknown Member ID linked under the UAN,Delink member ID,alias_or_portal_remark,Form_Documentation,medium,medium,https://pfbalancecheck.com/epfo-claim-rejected-reason/ | https://www.livemint.com/money/personal-finance/epfo-showing-wrong-service-history-what-employees-should-check-immediately-and-do-next-to-rectify-the-error-11786520369893.html | https://unifiedportal-mem.epfindia.gov.in/memberinterface/ | https://www.epfindia.gov.in/site_docs/PDFs/MiscPDFs/FAQ_OCS_050517_1017.pdf,Compiled from source records. EPFO does not publish a numbered rejection-code list; portal remarks are the operative text.
epfo-rr-051-official,epfo-rr-051,Wrong Member ID selected or unknown Member ID linked under the UAN,"Service History can show multiple member IDs. Selecting the wrong one, or having a mistakenly linked ID, produces wrong office, wrong DOE, or overlap. Practitioner guides describe delinking a wrong member ID from UAN.",official_or_commonly_seen_status,Form_Documentation,medium,medium,https://pfbalancecheck.com/epfo-claim-rejected-reason/ | https://www.livemint.com/money/personal-finance/epfo-showing-wrong-service-history-what-employees-should-check-immediately-and-do-next-to-rectify-the-error-11786520369893.html | https://unifiedportal-mem.epfindia.gov.in/memberinterface/ | https://www.epfindia.gov.in/site_docs/PDFs/MiscPDFs/FAQ_OCS_050517_1017.pdf,Delink UI labels vary; do not invent a delink circular number.
epfo-rr-052-a01,epfo-rr-052,Duplicate claim already in process or previously forwarded and not rejected,Claim already forwarded,alias_or_portal_remark,Form_Documentation,medium,high,https://epfindia.gov.in/site_docs/PDFs/OTCP_PDFs/MembersFAQ.pdf | https://pfbalancecheck.com/epfo-claim-rejected-reason/ | https://cleartax.in/c/pf-withdrawal-online,Compiled from source records. EPFO does not publish a numbered rejection-code list; portal remarks are the operative text.
epfo-rr-052-a02,epfo-rr-052,Duplicate claim already in process or previously forwarded and not rejected,Duplicate claim,alias_or_portal_remark,Form_Documentation,medium,high,https://epfindia.gov.in/site_docs/PDFs/OTCP_PDFs/MembersFAQ.pdf | https://pfbalancecheck.com/epfo-claim-rejected-reason/ | https://cleartax.in/c/pf-withdrawal-online,Compiled from source records. EPFO does not publish a numbered rejection-code list; portal remarks are the operative text.
epfo-rr-052-a03,epfo-rr-052,Duplicate claim already in process or previously forwarded and not rejected,Second claim while first pending,alias_or_portal_remark,Form_Documentation,medium,high,https://epfindia.gov.in/site_docs/PDFs/OTCP_PDFs/MembersFAQ.pdf | https://pfbalancecheck.com/epfo-claim-rejected-reason/ | https://cleartax.in/c/pf-withdrawal-online,Compiled from source records. EPFO does not publish a numbered rejection-code list; portal remarks are the operative text.
epfo-rr-052-a04,epfo-rr-052,Duplicate claim already in process or previously forwarded and not rejected,Multiple claims same day,alias_or_portal_remark,Form_Documentation,medium,high,https://epfindia.gov.in/site_docs/PDFs/OTCP_PDFs/MembersFAQ.pdf | https://pfbalancecheck.com/epfo-claim-rejected-reason/ | https://cleartax.in/c/pf-withdrawal-online,Compiled from source records. EPFO does not publish a numbered rejection-code list; portal remarks are the operative text.
epfo-rr-052-a05,epfo-rr-052,Duplicate claim already in process or previously forwarded and not rejected,Duplicate claim pending,alias_or_portal_remark,Form_Documentation,medium,high,https://epfindia.gov.in/site_docs/PDFs/OTCP_PDFs/MembersFAQ.pdf | https://pfbalancecheck.com/epfo-claim-rejected-reason/ | https://cleartax.in/c/pf-withdrawal-online,Compiled from source records. EPFO does not publish a numbered rejection-code list; portal remarks are the operative text.
epfo-rr-052-a06,epfo-rr-052,Duplicate claim already in process or previously forwarded and not rejected,Another claim already in process,alias_or_portal_remark,Form_Documentation,medium,high,https://epfindia.gov.in/site_docs/PDFs/OTCP_PDFs/MembersFAQ.pdf | https://pfbalancecheck.com/epfo-claim-rejected-reason/ | https://cleartax.in/c/pf-withdrawal-online,Compiled from source records. EPFO does not publish a numbered rejection-code list; portal remarks are the operative text.
epfo-rr-052-official,epfo-rr-052,Duplicate claim already in process or previously forwarded and not rejected,MembersFAQ: employer can reject a new claim if a claim (physical or online) has already been forwarded to EPFO and has not been rejected. Practitioner guides warn against multiple same-day resubmissions after rejection.,official_or_commonly_seen_status,Form_Documentation,medium,high,https://epfindia.gov.in/site_docs/PDFs/OTCP_PDFs/MembersFAQ.pdf | https://pfbalancecheck.com/epfo-claim-rejected-reason/ | https://cleartax.in/c/pf-withdrawal-online,
epfo-rr-053-a01,epfo-rr-053,Form 31 purpose documents or self-certification deficient,Self-certification missing,alias_or_portal_remark,Form_Documentation,low,medium,https://cleartax.in/c/pf-withdrawal-online | https://www.epfindia.gov.in/site_docs/PDFs/MiscPDFs/FAQ_OCS_050517_1017.pdf | https://www.taxbuddy.com/blog/understanding-partial-pf-withdrawal-using-form-31,Compiled from source records. EPFO does not publish a numbered rejection-code list; portal remarks are the operative text.
epfo-rr-053-a02,epfo-rr-053,Form 31 purpose documents or self-certification deficient,Purpose proof not attached,alias_or_portal_remark,Form_Documentation,low,medium,https://cleartax.in/c/pf-withdrawal-online | https://www.epfindia.gov.in/site_docs/PDFs/MiscPDFs/FAQ_OCS_050517_1017.pdf | https://www.taxbuddy.com/blog/understanding-partial-pf-withdrawal-using-form-31,Compiled from source records. EPFO does not publish a numbered rejection-code list; portal remarks are the operative text.
epfo-rr-053-a03,epfo-rr-053,Form 31 purpose documents or self-certification deficient,Medical/housing documents missing,alias_or_portal_remark,Form_Documentation,low,medium,https://cleartax.in/c/pf-withdrawal-online | https://www.epfindia.gov.in/site_docs/PDFs/MiscPDFs/FAQ_OCS_050517_1017.pdf | https://www.taxbuddy.com/blog/understanding-partial-pf-withdrawal-using-form-31,Compiled from source records. EPFO does not publish a numbered rejection-code list; portal remarks are the operative text.
epfo-rr-053-a04,epfo-rr-053,Form 31 purpose documents or self-certification deficient,Purpose proof / self-certification deficient Form 31,alias_or_portal_remark,Form_Documentation,low,medium,https://cleartax.in/c/pf-withdrawal-online | https://www.epfindia.gov.in/site_docs/PDFs/MiscPDFs/FAQ_OCS_050517_1017.pdf | https://www.taxbuddy.com/blog/understanding-partial-pf-withdrawal-using-form-31,Compiled from source records. EPFO does not publish a numbered rejection-code list; portal remarks are the operative text.
epfo-rr-053-a05,epfo-rr-053,Form 31 purpose documents or self-certification deficient,Medical housing documents missing,alias_or_portal_remark,Form_Documentation,low,medium,https://cleartax.in/c/pf-withdrawal-online | https://www.epfindia.gov.in/site_docs/PDFs/MiscPDFs/FAQ_OCS_050517_1017.pdf | https://www.taxbuddy.com/blog/understanding-partial-pf-withdrawal-using-form-31,Compiled from source records. EPFO does not publish a numbered rejection-code list; portal remarks are the operative text.
epfo-rr-053-a06,epfo-rr-053,Form 31 purpose documents or self-certification deficient,Self declaration not acceptable,alias_or_portal_remark,Form_Documentation,low,medium,https://cleartax.in/c/pf-withdrawal-online | https://www.epfindia.gov.in/site_docs/PDFs/MiscPDFs/FAQ_OCS_050517_1017.pdf | https://www.taxbuddy.com/blog/understanding-partial-pf-withdrawal-using-form-31,Compiled from source records. EPFO does not publish a numbered rejection-code list; portal remarks are the operative text.
epfo-rr-053-official,epfo-rr-053,Form 31 purpose documents or self-certification deficient,ClearTax notes EPFO order dated 20.02.2017 allowing self-certification instead of multiple certificates for many advances. OCS FAQ also said online part-withdrawal may not require supporting documents. Some purposes or later scrutiny can still demand proof; uploading random extra PDFs can confuse the file.,official_or_commonly_seen_status,Form_Documentation,low,medium,https://cleartax.in/c/pf-withdrawal-online | https://www.epfindia.gov.in/site_docs/PDFs/MiscPDFs/FAQ_OCS_050517_1017.pdf | https://www.taxbuddy.com/blog/understanding-partial-pf-withdrawal-using-form-31,20.02.2017 self-certification order cited by ClearTax; PDF not bundled in this dataset.
epfo-rr-054-a01,epfo-rr-054,"OTP expired, portal session timeout, or claim not fully submitted",OTP expired,alias_or_portal_remark,Technical_Portal,medium,high,https://www.epfindia.gov.in/site_docs/PDFs/MiscPDFs/FAQ_OCS_050517_1017.pdf | https://unifiedportal-mem.epfindia.gov.in/memberinterface/ | https://cleartax.in/c/pf-withdrawal-online,Compiled from source records. EPFO does not publish a numbered rejection-code list; portal remarks are the operative text.
epfo-rr-054-a02,epfo-rr-054,"OTP expired, portal session timeout, or claim not fully submitted",Session timeout,alias_or_portal_remark,Technical_Portal,medium,high,https://www.epfindia.gov.in/site_docs/PDFs/MiscPDFs/FAQ_OCS_050517_1017.pdf | https://unifiedportal-mem.epfindia.gov.in/memberinterface/ | https://cleartax.in/c/pf-withdrawal-online,Compiled from source records. EPFO does not publish a numbered rejection-code list; portal remarks are the operative text.
epfo-rr-054-a03,epfo-rr-054,"OTP expired, portal session timeout, or claim not fully submitted",Claim not submitted,alias_or_portal_remark,Technical_Portal,medium,high,https://www.epfindia.gov.in/site_docs/PDFs/MiscPDFs/FAQ_OCS_050517_1017.pdf | https://unifiedportal-mem.epfindia.gov.in/memberinterface/ | https://cleartax.in/c/pf-withdrawal-online,Compiled from source records. EPFO does not publish a numbered rejection-code list; portal remarks are the operative text.
epfo-rr-054-a04,epfo-rr-054,"OTP expired, portal session timeout, or claim not fully submitted",Captcha/OTP failure,alias_or_portal_remark,Technical_Portal,medium,high,https://www.epfindia.gov.in/site_docs/PDFs/MiscPDFs/FAQ_OCS_050517_1017.pdf | https://unifiedportal-mem.epfindia.gov.in/memberinterface/ | https://cleartax.in/c/pf-withdrawal-online,Compiled from source records. EPFO does not publish a numbered rejection-code list; portal remarks are the operative text.
epfo-rr-054-a05,epfo-rr-054,"OTP expired, portal session timeout, or claim not fully submitted",OTP expired please retry,alias_or_portal_remark,Technical_Portal,medium,high,https://www.epfindia.gov.in/site_docs/PDFs/MiscPDFs/FAQ_OCS_050517_1017.pdf | https://unifiedportal-mem.epfindia.gov.in/memberinterface/ | https://cleartax.in/c/pf-withdrawal-online,Compiled from source records. EPFO does not publish a numbered rejection-code list; portal remarks are the operative text.
epfo-rr-054-a06,epfo-rr-054,"OTP expired, portal session timeout, or claim not fully submitted",Session timeout claim not submitted,alias_or_portal_remark,Technical_Portal,medium,high,https://www.epfindia.gov.in/site_docs/PDFs/MiscPDFs/FAQ_OCS_050517_1017.pdf | https://unifiedportal-mem.epfindia.gov.in/memberinterface/ | https://cleartax.in/c/pf-withdrawal-online,Compiled from source records. EPFO does not publish a numbered rejection-code list; portal remarks are the operative text.
epfo-rr-054-a07,epfo-rr-054,"OTP expired, portal session timeout, or claim not fully submitted",Claim submission incomplete,alias_or_portal_remark,Technical_Portal,medium,high,https://www.epfindia.gov.in/site_docs/PDFs/MiscPDFs/FAQ_OCS_050517_1017.pdf | https://unifiedportal-mem.epfindia.gov.in/memberinterface/ | https://cleartax.in/c/pf-withdrawal-online,Compiled from source records. EPFO does not publish a numbered rejection-code list; portal remarks are the operative text.
epfo-rr-054-official,epfo-rr-054,"OTP expired, portal session timeout, or claim not fully submitted","OCS process: authenticate using OTP to UIDAI-registered mobile to complete submission. If OTP is not completed, there is no claim to settle — members may think it was rejected.",official_or_commonly_seen_status,Technical_Portal,medium,high,https://www.epfindia.gov.in/site_docs/PDFs/MiscPDFs/FAQ_OCS_050517_1017.pdf | https://unifiedportal-mem.epfindia.gov.in/memberinterface/ | https://cleartax.in/c/pf-withdrawal-online,
epfo-rr-055-a01,epfo-rr-055,UMANG app claim failed to sync or duplicated against the member portal,UMANG claim failed,alias_or_portal_remark,Technical_Portal,medium,medium,https://cleartax.in/c/pf-withdrawal-online | https://web.umang.gov.in | https://unifiedportal-mem.epfindia.gov.in/memberinterface/ | https://www.epfindia.gov.in/site_docs/PDFs/MiscPDFs/FAQ_OCS_050517_1017.pdf,Compiled from source records. EPFO does not publish a numbered rejection-code list; portal remarks are the operative text.
epfo-rr-055-a02,epfo-rr-055,UMANG app claim failed to sync or duplicated against the member portal,UMANG not reflecting,alias_or_portal_remark,Technical_Portal,medium,medium,https://cleartax.in/c/pf-withdrawal-online | https://web.umang.gov.in | https://unifiedportal-mem.epfindia.gov.in/memberinterface/ | https://www.epfindia.gov.in/site_docs/PDFs/MiscPDFs/FAQ_OCS_050517_1017.pdf,Compiled from source records. EPFO does not publish a numbered rejection-code list; portal remarks are the operative text.
epfo-rr-055-a03,epfo-rr-055,UMANG app claim failed to sync or duplicated against the member portal,Raise claim on UMANG rejected,alias_or_portal_remark,Technical_Portal,medium,medium,https://cleartax.in/c/pf-withdrawal-online | https://web.umang.gov.in | https://unifiedportal-mem.epfindia.gov.in/memberinterface/ | https://www.epfindia.gov.in/site_docs/PDFs/MiscPDFs/FAQ_OCS_050517_1017.pdf,Compiled from source records. EPFO does not publish a numbered rejection-code list; portal remarks are the operative text.
epfo-rr-055-official,epfo-rr-055,UMANG app claim failed to sync or duplicated against the member portal,EPFO services on UMANG allow Raise Claim with UAN and Aadhaar OTP. There is no separate law for UMANG rejections — they are the same KYC/eligibility rules plus app/sync failures.,official_or_commonly_seen_status,Technical_Portal,medium,medium,https://cleartax.in/c/pf-withdrawal-online | https://web.umang.gov.in | https://unifiedportal-mem.epfindia.gov.in/memberinterface/ | https://www.epfindia.gov.in/site_docs/PDFs/MiscPDFs/FAQ_OCS_050517_1017.pdf,UMANG is an official GoI app front-end; rejection reasons are not uniquely documented beyond the same OCS rules.
epfo-rr-056-a01,epfo-rr-056,"e-Nomination filed but PDF not e-signed, so nomination is incomplete",e-nomination not e-signed,alias_or_portal_remark,Technical_Portal,high,high,https://zeenews.india.com/personal-finance/pf-settlement-money-may-not-reach-your-family-for-a-common-mistake-your-e-nomination-will-not-be-valid-until-you-do-this-3054752.html | https://unifiedportal-mem.epfindia.gov.in/memberinterface/ | https://www.outlookmoney.com/retirement/pension/epf-claim-settlement-why-epfo-rejects-the-claims-and-what-subscribers-can-do | https://kustodian.life/resources/epf-death-claim-process-india,Compiled from source records. EPFO does not publish a numbered rejection-code list; portal remarks are the operative text.
epfo-rr-056-a02,epfo-rr-056,"e-Nomination filed but PDF not e-signed, so nomination is incomplete",Nomination PDF not digitally signed,alias_or_portal_remark,Technical_Portal,high,high,https://zeenews.india.com/personal-finance/pf-settlement-money-may-not-reach-your-family-for-a-common-mistake-your-e-nomination-will-not-be-valid-until-you-do-this-3054752.html | https://unifiedportal-mem.epfindia.gov.in/memberinterface/ | https://www.outlookmoney.com/retirement/pension/epf-claim-settlement-why-epfo-rejects-the-claims-and-what-subscribers-can-do | https://kustodian.life/resources/epf-death-claim-process-india,Compiled from source records. EPFO does not publish a numbered rejection-code list; portal remarks are the operative text.
epfo-rr-056-a03,epfo-rr-056,"e-Nomination filed but PDF not e-signed, so nomination is incomplete",e-nomination incomplete,alias_or_portal_remark,Technical_Portal,high,high,https://zeenews.india.com/personal-finance/pf-settlement-money-may-not-reach-your-family-for-a-common-mistake-your-e-nomination-will-not-be-valid-until-you-do-this-3054752.html | https://unifiedportal-mem.epfindia.gov.in/memberinterface/ | https://www.outlookmoney.com/retirement/pension/epf-claim-settlement-why-epfo-rejects-the-claims-and-what-subscribers-can-do | https://kustodian.life/resources/epf-death-claim-process-india,Compiled from source records. EPFO does not publish a numbered rejection-code list; portal remarks are the operative text.
epfo-rr-056-official,epfo-rr-056,"e-Nomination filed but PDF not e-signed, so nomination is incomplete",EPFO e-nomination guidance (reported by Zee and help sites): e-nominations that are only filed and whose PDF is not e-signed will not be considered on the member's death. E-nomination becomes complete only when the PDF is e-signed.,official_or_commonly_seen_status,Technical_Portal,high,high,https://zeenews.india.com/personal-finance/pf-settlement-money-may-not-reach-your-family-for-a-common-mistake-your-e-nomination-will-not-be-valid-until-you-do-this-3054752.html | https://unifiedportal-mem.epfindia.gov.in/memberinterface/ | https://www.outlookmoney.com/retirement/pension/epf-claim-settlement-why-epfo-rejects-the-claims-and-what-subscribers-can-do | https://kustodian.life/resources/epf-death-claim-process-india,Zee quotes EPFO eNomination document language on unsigned PDFs.
epfo-rr-057-a01,epfo-rr-057,Repeated same-day resubmissions after rejection without fixing the root cause,Multiple attempts same day,alias_or_portal_remark,Technical_Portal,low,medium,https://pfbalancecheck.com/epfo-claim-rejected-reason/ | https://finright.in/blogs/most-common-reasons-for-epf-claim-rejections-and-tips-to-avoid-them | https://www.citizennest.com/guide/pf-claim-rejected-fix,Compiled from source records. EPFO does not publish a numbered rejection-code list; portal remarks are the operative text.
epfo-rr-057-a02,epfo-rr-057,Repeated same-day resubmissions after rejection without fixing the root cause,Refile without correction,alias_or_portal_remark,Technical_Portal,low,medium,https://pfbalancecheck.com/epfo-claim-rejected-reason/ | https://finright.in/blogs/most-common-reasons-for-epf-claim-rejections-and-tips-to-avoid-them | https://www.citizennest.com/guide/pf-claim-rejected-fix,Compiled from source records. EPFO does not publish a numbered rejection-code list; portal remarks are the operative text.
epfo-rr-057-a03,epfo-rr-057,Repeated same-day resubmissions after rejection without fixing the root cause,Serial rejections,alias_or_portal_remark,Technical_Portal,low,medium,https://pfbalancecheck.com/epfo-claim-rejected-reason/ | https://finright.in/blogs/most-common-reasons-for-epf-claim-rejections-and-tips-to-avoid-them | https://www.citizennest.com/guide/pf-claim-rejected-fix,Compiled from source records. EPFO does not publish a numbered rejection-code list; portal remarks are the operative text.
epfo-rr-057-a04,epfo-rr-057,Repeated same-day resubmissions after rejection without fixing the root cause,Refile without fixing root cause,alias_or_portal_remark,Technical_Portal,low,medium,https://pfbalancecheck.com/epfo-claim-rejected-reason/ | https://finright.in/blogs/most-common-reasons-for-epf-claim-rejections-and-tips-to-avoid-them | https://www.citizennest.com/guide/pf-claim-rejected-fix,Compiled from source records. EPFO does not publish a numbered rejection-code list; portal remarks are the operative text.
epfo-rr-057-a05,epfo-rr-057,Repeated same-day resubmissions after rejection without fixing the root cause,Repeated submission blocked,alias_or_portal_remark,Technical_Portal,low,medium,https://pfbalancecheck.com/epfo-claim-rejected-reason/ | https://finright.in/blogs/most-common-reasons-for-epf-claim-rejections-and-tips-to-avoid-them | https://www.citizennest.com/guide/pf-claim-rejected-fix,Compiled from source records. EPFO does not publish a numbered rejection-code list; portal remarks are the operative text.
epfo-rr-057-official,epfo-rr-057,Repeated same-day resubmissions after rejection without fixing the root cause,"Not a statutory offence, but practitioner guides (PFBalanceCheck and others) warn that same-day refiles without correction create mixed statuses and waste the 20-day settlement clock.",official_or_commonly_seen_status,Technical_Portal,low,medium,https://pfbalancecheck.com/epfo-claim-rejected-reason/ | https://finright.in/blogs/most-common-reasons-for-epf-claim-rejections-and-tips-to-avoid-them | https://www.citizennest.com/guide/pf-claim-rejected-fix,Secondary process advice; no official 'three-strikes' code.
epfo-rr-058-a01,epfo-rr-058,Claim returned for clarification rather than finally rejected,Returned,alias_or_portal_remark,Technical_Portal,medium,high,https://www.epfindia.gov.in/site_docs/PDFs/Circulars/Y2023-2024/SOP_WSU_new.pdf | https://epfindia.gov.in/site_docs/PDFs/OTCP_PDFs/MembersFAQ.pdf | https://taxguru.in/corporate-law/standard-operating-procedure-sop-settlement-claims-epfo.html | https://righttoinformation.wiki/pf-withdrawal-claim-rejected-without-reason-epfo-india,Compiled from source records. EPFO does not publish a numbered rejection-code list; portal remarks are the operative text.
epfo-rr-058-a02,epfo-rr-058,Claim returned for clarification rather than finally rejected,Clarification sought,alias_or_portal_remark,Technical_Portal,medium,high,https://www.epfindia.gov.in/site_docs/PDFs/Circulars/Y2023-2024/SOP_WSU_new.pdf | https://epfindia.gov.in/site_docs/PDFs/OTCP_PDFs/MembersFAQ.pdf | https://taxguru.in/corporate-law/standard-operating-procedure-sop-settlement-claims-epfo.html | https://righttoinformation.wiki/pf-withdrawal-claim-rejected-without-reason-epfo-india,Compiled from source records. EPFO does not publish a numbered rejection-code list; portal remarks are the operative text.
epfo-rr-058-a03,epfo-rr-058,Claim returned for clarification rather than finally rejected,Query raised,alias_or_portal_remark,Technical_Portal,medium,high,https://www.epfindia.gov.in/site_docs/PDFs/Circulars/Y2023-2024/SOP_WSU_new.pdf | https://epfindia.gov.in/site_docs/PDFs/OTCP_PDFs/MembersFAQ.pdf | https://taxguru.in/corporate-law/standard-operating-procedure-sop-settlement-claims-epfo.html | https://righttoinformation.wiki/pf-withdrawal-claim-rejected-without-reason-epfo-india,Compiled from source records. EPFO does not publish a numbered rejection-code list; portal remarks are the operative text.
epfo-rr-058-a04,epfo-rr-058,Claim returned for clarification rather than finally rejected,Returned by FO,alias_or_portal_remark,Technical_Portal,medium,high,https://www.epfindia.gov.in/site_docs/PDFs/Circulars/Y2023-2024/SOP_WSU_new.pdf | https://epfindia.gov.in/site_docs/PDFs/OTCP_PDFs/MembersFAQ.pdf | https://taxguru.in/corporate-law/standard-operating-procedure-sop-settlement-claims-epfo.html | https://righttoinformation.wiki/pf-withdrawal-claim-rejected-without-reason-epfo-india,Compiled from source records. EPFO does not publish a numbered rejection-code list; portal remarks are the operative text.
epfo-rr-058-official,epfo-rr-058,Claim returned for clarification rather than finally rejected,JD SOP and claim processing distinguish Return (send back for correction) from Rejection. MembersFAQ also uses return/reject language for employer actions. A returned claim is not a denial of benefit.,official_or_commonly_seen_status,Technical_Portal,medium,high,https://www.epfindia.gov.in/site_docs/PDFs/Circulars/Y2023-2024/SOP_WSU_new.pdf | https://epfindia.gov.in/site_docs/PDFs/OTCP_PDFs/MembersFAQ.pdf | https://taxguru.in/corporate-law/standard-operating-procedure-sop-settlement-claims-epfo.html | https://righttoinformation.wiki/pf-withdrawal-claim-rejected-without-reason-epfo-india,
epfo-rr-059-a01,epfo-rr-059,Claim initially shown approved or under process then rejected after backend validation,Rejected after approval,alias_or_portal_remark,Technical_Portal,medium,medium,https://kustodian.life/resources/epf-claim-rejected-reasons-guide | https://www.epfindia.gov.in/site_docs/PDFs/Circulars/Y2024-2025/Circular_SOP_WSU_02082024.pdf | https://taxguru.in/corporate-law/standard-operating-procedure-sop-settlement-claims-epfo.html,Compiled from source records. EPFO does not publish a numbered rejection-code list; portal remarks are the operative text.
epfo-rr-059-a02,epfo-rr-059,Claim initially shown approved or under process then rejected after backend validation,Backend validation failed,alias_or_portal_remark,Technical_Portal,medium,medium,https://kustodian.life/resources/epf-claim-rejected-reasons-guide | https://www.epfindia.gov.in/site_docs/PDFs/Circulars/Y2024-2025/Circular_SOP_WSU_02082024.pdf | https://taxguru.in/corporate-law/standard-operating-procedure-sop-settlement-claims-epfo.html,Compiled from source records. EPFO does not publish a numbered rejection-code list; portal remarks are the operative text.
epfo-rr-059-a03,epfo-rr-059,Claim initially shown approved or under process then rejected after backend validation,Rejected at later stage,alias_or_portal_remark,Technical_Portal,medium,medium,https://kustodian.life/resources/epf-claim-rejected-reasons-guide | https://www.epfindia.gov.in/site_docs/PDFs/Circulars/Y2024-2025/Circular_SOP_WSU_02082024.pdf | https://taxguru.in/corporate-law/standard-operating-procedure-sop-settlement-claims-epfo.html,Compiled from source records. EPFO does not publish a numbered rejection-code list; portal remarks are the operative text.
epfo-rr-059-official,epfo-rr-059,Claim initially shown approved or under process then rejected after backend validation,"Kustodian FAQ: a claim may be initially approved then later rejected due to backend validation (mismatched details, contribution issues, employer-level checks). Multi-level approval SOPs (including extra layers for inoperative/high-value) explain late-stage fails.",official_or_commonly_seen_status,Technical_Portal,medium,medium,https://kustodian.life/resources/epf-claim-rejected-reasons-guide | https://www.epfindia.gov.in/site_docs/PDFs/Circulars/Y2024-2025/Circular_SOP_WSU_02082024.pdf | https://taxguru.in/corporate-law/standard-operating-procedure-sop-settlement-claims-epfo.html,
epfo-rr-060-a01,epfo-rr-060,No valid nomination on record (Form 2 / e-nomination absent or incomplete),No nomination,alias_or_portal_remark,Nominee_Death,high,high,https://www.epfindia.gov.in/site_docs/PDFs/Downloads_PDFs/Form5IF_Instructions_Eng.pdf | https://www.epfindia.gov.in/site_en/WhichClaimForm.php?id=in_sm | https://www.outlookmoney.com/retirement/pension/epf-claim-settlement-why-epfo-rejects-the-claims-and-what-subscribers-can-do | https://zeenews.india.com/personal-finance/pf-settlement-money-may-not-reach-your-family-for-a-common-mistake-your-e-nomination-will-not-be-valid-until-you-do-this-3054752.html | https://kustodian.life/resources/epf-death-claim-process-india,Compiled from source records. EPFO does not publish a numbered rejection-code list; portal remarks are the operative text.
epfo-rr-060-a02,epfo-rr-060,No valid nomination on record (Form 2 / e-nomination absent or incomplete),Nomination not found,alias_or_portal_remark,Nominee_Death,high,high,https://www.epfindia.gov.in/site_docs/PDFs/Downloads_PDFs/Form5IF_Instructions_Eng.pdf | https://www.epfindia.gov.in/site_en/WhichClaimForm.php?id=in_sm | https://www.outlookmoney.com/retirement/pension/epf-claim-settlement-why-epfo-rejects-the-claims-and-what-subscribers-can-do | https://zeenews.india.com/personal-finance/pf-settlement-money-may-not-reach-your-family-for-a-common-mistake-your-e-nomination-will-not-be-valid-until-you-do-this-3054752.html | https://kustodian.life/resources/epf-death-claim-process-india,Compiled from source records. EPFO does not publish a numbered rejection-code list; portal remarks are the operative text.
epfo-rr-060-a03,epfo-rr-060,No valid nomination on record (Form 2 / e-nomination absent or incomplete),Form 2 missing,alias_or_portal_remark,Nominee_Death,high,high,https://www.epfindia.gov.in/site_docs/PDFs/Downloads_PDFs/Form5IF_Instructions_Eng.pdf | https://www.epfindia.gov.in/site_en/WhichClaimForm.php?id=in_sm | https://www.outlookmoney.com/retirement/pension/epf-claim-settlement-why-epfo-rejects-the-claims-and-what-subscribers-can-do | https://zeenews.india.com/personal-finance/pf-settlement-money-may-not-reach-your-family-for-a-common-mistake-your-e-nomination-will-not-be-valid-until-you-do-this-3054752.html | https://kustodian.life/resources/epf-death-claim-process-india,Compiled from source records. EPFO does not publish a numbered rejection-code list; portal remarks are the operative text.
epfo-rr-060-a04,epfo-rr-060,No valid nomination on record (Form 2 / e-nomination absent or incomplete),e-nomination not valid,alias_or_portal_remark,Nominee_Death,high,high,https://www.epfindia.gov.in/site_docs/PDFs/Downloads_PDFs/Form5IF_Instructions_Eng.pdf | https://www.epfindia.gov.in/site_en/WhichClaimForm.php?id=in_sm | https://www.outlookmoney.com/retirement/pension/epf-claim-settlement-why-epfo-rejects-the-claims-and-what-subscribers-can-do | https://zeenews.india.com/personal-finance/pf-settlement-money-may-not-reach-your-family-for-a-common-mistake-your-e-nomination-will-not-be-valid-until-you-do-this-3054752.html | https://kustodian.life/resources/epf-death-claim-process-india,Compiled from source records. EPFO does not publish a numbered rejection-code list; portal remarks are the operative text.
epfo-rr-060-a05,epfo-rr-060,No valid nomination on record (Form 2 / e-nomination absent or incomplete),Nomination not available,alias_or_portal_remark,Nominee_Death,high,high,https://www.epfindia.gov.in/site_docs/PDFs/Downloads_PDFs/Form5IF_Instructions_Eng.pdf | https://www.epfindia.gov.in/site_en/WhichClaimForm.php?id=in_sm | https://www.outlookmoney.com/retirement/pension/epf-claim-settlement-why-epfo-rejects-the-claims-and-what-subscribers-can-do | https://zeenews.india.com/personal-finance/pf-settlement-money-may-not-reach-your-family-for-a-common-mistake-your-e-nomination-will-not-be-valid-until-you-do-this-3054752.html | https://kustodian.life/resources/epf-death-claim-process-india,Compiled from source records. EPFO does not publish a numbered rejection-code list; portal remarks are the operative text.
epfo-rr-060-a06,epfo-rr-060,No valid nomination on record (Form 2 / e-nomination absent or incomplete),e-Nomination not e-signed,alias_or_portal_remark,Nominee_Death,high,high,https://www.epfindia.gov.in/site_docs/PDFs/Downloads_PDFs/Form5IF_Instructions_Eng.pdf | https://www.epfindia.gov.in/site_en/WhichClaimForm.php?id=in_sm | https://www.outlookmoney.com/retirement/pension/epf-claim-settlement-why-epfo-rejects-the-claims-and-what-subscribers-can-do | https://zeenews.india.com/personal-finance/pf-settlement-money-may-not-reach-your-family-for-a-common-mistake-your-e-nomination-will-not-be-valid-until-you-do-this-3054752.html | https://kustodian.life/resources/epf-death-claim-process-india,Compiled from source records. EPFO does not publish a numbered rejection-code list; portal remarks are the operative text.
epfo-rr-060-a07,epfo-rr-060,No valid nomination on record (Form 2 / e-nomination absent or incomplete),No valid Form 2 on record,alias_or_portal_remark,Nominee_Death,high,high,https://www.epfindia.gov.in/site_docs/PDFs/Downloads_PDFs/Form5IF_Instructions_Eng.pdf | https://www.epfindia.gov.in/site_en/WhichClaimForm.php?id=in_sm | https://www.outlookmoney.com/retirement/pension/epf-claim-settlement-why-epfo-rejects-the-claims-and-what-subscribers-can-do | https://zeenews.india.com/personal-finance/pf-settlement-money-may-not-reach-your-family-for-a-common-mistake-your-e-nomination-will-not-be-valid-until-you-do-this-3054752.html | https://kustodian.life/resources/epf-death-claim-process-india,Compiled from source records. EPFO does not publish a numbered rejection-code list; portal remarks are the operative text.
epfo-rr-060-official,epfo-rr-060,No valid nomination on record (Form 2 / e-nomination absent or incomplete),"Form 5IF instructions: claimants are (1) nominees under EPF Scheme, else (2) family as defined (excluding certain major sons/married daughters), else (3) legal heirs. Outlook/MoS: fill e-nomination to avoid delay. Unsigned e-nomination is not valid (epfo-rr-056).",official_or_commonly_seen_status,Nominee_Death,high,high,https://www.epfindia.gov.in/site_docs/PDFs/Downloads_PDFs/Form5IF_Instructions_Eng.pdf | https://www.epfindia.gov.in/site_en/WhichClaimForm.php?id=in_sm | https://www.outlookmoney.com/retirement/pension/epf-claim-settlement-why-epfo-rejects-the-claims-and-what-subscribers-can-do | https://zeenews.india.com/personal-finance/pf-settlement-money-may-not-reach-your-family-for-a-common-mistake-your-e-nomination-will-not-be-valid-until-you-do-this-3054752.html | https://kustodian.life/resources/epf-death-claim-process-india,
epfo-rr-061-a01,epfo-rr-061,Claimant is not the nominee and does not qualify as family or legal heir under the scheme,Claimant not matching nominee,alias_or_portal_remark,Nominee_Death,critical,high,https://www.epfindia.gov.in/site_docs/PDFs/Downloads_PDFs/Form5IF_Instructions_Eng.pdf | https://www.epfindia.gov.in/site_en/WhichClaimForm.php?id=in_sm | https://kustodian.life/resources/provident-fund/form-5if-guide | https://righttoinformation.wiki/epf-death-claim-without-nominee-legal-heir-india,Compiled from source records. EPFO does not publish a numbered rejection-code list; portal remarks are the operative text.
epfo-rr-061-a02,epfo-rr-061,Claimant is not the nominee and does not qualify as family or legal heir under the scheme,Wrong claimant,alias_or_portal_remark,Nominee_Death,critical,high,https://www.epfindia.gov.in/site_docs/PDFs/Downloads_PDFs/Form5IF_Instructions_Eng.pdf | https://www.epfindia.gov.in/site_en/WhichClaimForm.php?id=in_sm | https://kustodian.life/resources/provident-fund/form-5if-guide | https://righttoinformation.wiki/epf-death-claim-without-nominee-legal-heir-india,Compiled from source records. EPFO does not publish a numbered rejection-code list; portal remarks are the operative text.
epfo-rr-061-a03,epfo-rr-061,Claimant is not the nominee and does not qualify as family or legal heir under the scheme,Relationship does not match nomination,alias_or_portal_remark,Nominee_Death,critical,high,https://www.epfindia.gov.in/site_docs/PDFs/Downloads_PDFs/Form5IF_Instructions_Eng.pdf | https://www.epfindia.gov.in/site_en/WhichClaimForm.php?id=in_sm | https://kustodian.life/resources/provident-fund/form-5if-guide | https://righttoinformation.wiki/epf-death-claim-without-nominee-legal-heir-india,Compiled from source records. EPFO does not publish a numbered rejection-code list; portal remarks are the operative text.
epfo-rr-061-a04,epfo-rr-061,Claimant is not the nominee and does not qualify as family or legal heir under the scheme,Ineligible family member,alias_or_portal_remark,Nominee_Death,critical,high,https://www.epfindia.gov.in/site_docs/PDFs/Downloads_PDFs/Form5IF_Instructions_Eng.pdf | https://www.epfindia.gov.in/site_en/WhichClaimForm.php?id=in_sm | https://kustodian.life/resources/provident-fund/form-5if-guide | https://righttoinformation.wiki/epf-death-claim-without-nominee-legal-heir-india,Compiled from source records. EPFO does not publish a numbered rejection-code list; portal remarks are the operative text.
epfo-rr-061-official,epfo-rr-061,Claimant is not the nominee and does not qualify as family or legal heir under the scheme,"Form 5IF: EDLI is payable to persons entitled to PF accumulations, in the order nominee → family (with exclusions) → legal heir. Major son and married daughter with husband alive are excluded from 'family' for EDLI in the instruction text when there is no nomination.",official_or_commonly_seen_status,Nominee_Death,critical,high,https://www.epfindia.gov.in/site_docs/PDFs/Downloads_PDFs/Form5IF_Instructions_Eng.pdf | https://www.epfindia.gov.in/site_en/WhichClaimForm.php?id=in_sm | https://kustodian.life/resources/provident-fund/form-5if-guide | https://righttoinformation.wiki/epf-death-claim-without-nominee-legal-heir-india,Read Form 5IF family exclusions carefully; EPF Scheme family definition for Form 20 may not be identical in every clause.
epfo-rr-062-a01,epfo-rr-062,"Death certificate missing, unreadable, or particulars not matching UAN records",Death certificate not submitted,alias_or_portal_remark,Nominee_Death,critical,high,https://www.epfindia.gov.in/site_docs/PDFs/Downloads_PDFs/Form5IF_Instructions_Eng.pdf | https://www.outlookmoney.com/retirement/pension/epf-claim-settlement-why-epfo-rejects-the-claims-and-what-subscribers-can-do | https://www.financialexpress.com/money/epfo-pension-rules-settlement-in-20-days-but-heres-why-many-eps-claims-still-get-rejected-4168274/ | https://kustodian.life/resources/epf-death-claim-process-india,Compiled from source records. EPFO does not publish a numbered rejection-code list; portal remarks are the operative text.
epfo-rr-062-a02,epfo-rr-062,"Death certificate missing, unreadable, or particulars not matching UAN records",Death certificate mismatch,alias_or_portal_remark,Nominee_Death,critical,high,https://www.epfindia.gov.in/site_docs/PDFs/Downloads_PDFs/Form5IF_Instructions_Eng.pdf | https://www.outlookmoney.com/retirement/pension/epf-claim-settlement-why-epfo-rejects-the-claims-and-what-subscribers-can-do | https://www.financialexpress.com/money/epfo-pension-rules-settlement-in-20-days-but-heres-why-many-eps-claims-still-get-rejected-4168274/ | https://kustodian.life/resources/epf-death-claim-process-india,Compiled from source records. EPFO does not publish a numbered rejection-code list; portal remarks are the operative text.
epfo-rr-062-a03,epfo-rr-062,"Death certificate missing, unreadable, or particulars not matching UAN records",Date of death not matching,alias_or_portal_remark,Nominee_Death,critical,high,https://www.epfindia.gov.in/site_docs/PDFs/Downloads_PDFs/Form5IF_Instructions_Eng.pdf | https://www.outlookmoney.com/retirement/pension/epf-claim-settlement-why-epfo-rejects-the-claims-and-what-subscribers-can-do | https://www.financialexpress.com/money/epfo-pension-rules-settlement-in-20-days-but-heres-why-many-eps-claims-still-get-rejected-4168274/ | https://kustodian.life/resources/epf-death-claim-process-india,Compiled from source records. EPFO does not publish a numbered rejection-code list; portal remarks are the operative text.
epfo-rr-062-a04,epfo-rr-062,"Death certificate missing, unreadable, or particulars not matching UAN records",Death certificate not matching,alias_or_portal_remark,Nominee_Death,critical,high,https://www.epfindia.gov.in/site_docs/PDFs/Downloads_PDFs/Form5IF_Instructions_Eng.pdf | https://www.outlookmoney.com/retirement/pension/epf-claim-settlement-why-epfo-rejects-the-claims-and-what-subscribers-can-do | https://www.financialexpress.com/money/epfo-pension-rules-settlement-in-20-days-but-heres-why-many-eps-claims-still-get-rejected-4168274/ | https://kustodian.life/resources/epf-death-claim-process-india,Compiled from source records. EPFO does not publish a numbered rejection-code list; portal remarks are the operative text.
epfo-rr-062-a05,epfo-rr-062,"Death certificate missing, unreadable, or particulars not matching UAN records",Death certificate particulars mismatch,alias_or_portal_remark,Nominee_Death,critical,high,https://www.epfindia.gov.in/site_docs/PDFs/Downloads_PDFs/Form5IF_Instructions_Eng.pdf | https://www.outlookmoney.com/retirement/pension/epf-claim-settlement-why-epfo-rejects-the-claims-and-what-subscribers-can-do | https://www.financialexpress.com/money/epfo-pension-rules-settlement-in-20-days-but-heres-why-many-eps-claims-still-get-rejected-4168274/ | https://kustodian.life/resources/epf-death-claim-process-india,Compiled from source records. EPFO does not publish a numbered rejection-code list; portal remarks are the operative text.
epfo-rr-062-a06,epfo-rr-062,"Death certificate missing, unreadable, or particulars not matching UAN records",Unreadable death certificate,alias_or_portal_remark,Nominee_Death,critical,high,https://www.epfindia.gov.in/site_docs/PDFs/Downloads_PDFs/Form5IF_Instructions_Eng.pdf | https://www.outlookmoney.com/retirement/pension/epf-claim-settlement-why-epfo-rejects-the-claims-and-what-subscribers-can-do | https://www.financialexpress.com/money/epfo-pension-rules-settlement-in-20-days-but-heres-why-many-eps-claims-still-get-rejected-4168274/ | https://kustodian.life/resources/epf-death-claim-process-india,Compiled from source records. EPFO does not publish a numbered rejection-code list; portal remarks are the operative text.
epfo-rr-062-official,epfo-rr-062,"Death certificate missing, unreadable, or particulars not matching UAN records",Form 5IF documents to be enclosed: (1) Death Certificate of the member. MoS lists non-submission of death certificate as a rejection cause.,official_or_commonly_seen_status,Nominee_Death,critical,high,https://www.epfindia.gov.in/site_docs/PDFs/Downloads_PDFs/Form5IF_Instructions_Eng.pdf | https://www.outlookmoney.com/retirement/pension/epf-claim-settlement-why-epfo-rejects-the-claims-and-what-subscribers-can-do | https://www.financialexpress.com/money/epfo-pension-rules-settlement-in-20-days-but-heres-why-many-eps-claims-still-get-rejected-4168274/ | https://kustodian.life/resources/epf-death-claim-process-india,
epfo-rr-063-a01,epfo-rr-063,Legal heir or succession certificate missing when there is no valid nomination,Succession certificate required,alias_or_portal_remark,Nominee_Death,high,high,https://www.epfindia.gov.in/site_docs/PDFs/Downloads_PDFs/Form5IF_Instructions_Eng.pdf | https://www.outlookmoney.com/retirement/pension/epf-claim-settlement-why-epfo-rejects-the-claims-and-what-subscribers-can-do | https://righttoinformation.wiki/epf-death-claim-without-nominee-legal-heir-india | https://kustodian.life/resources/epf-death-claim-process-india,Compiled from source records. EPFO does not publish a numbered rejection-code list; portal remarks are the operative text.
epfo-rr-063-a02,epfo-rr-063,Legal heir or succession certificate missing when there is no valid nomination,Legal heir certificate not submitted,alias_or_portal_remark,Nominee_Death,high,high,https://www.epfindia.gov.in/site_docs/PDFs/Downloads_PDFs/Form5IF_Instructions_Eng.pdf | https://www.outlookmoney.com/retirement/pension/epf-claim-settlement-why-epfo-rejects-the-claims-and-what-subscribers-can-do | https://righttoinformation.wiki/epf-death-claim-without-nominee-legal-heir-india | https://kustodian.life/resources/epf-death-claim-process-india,Compiled from source records. EPFO does not publish a numbered rejection-code list; portal remarks are the operative text.
epfo-rr-063-a03,epfo-rr-063,Legal heir or succession certificate missing when there is no valid nomination,Heirship documents missing,alias_or_portal_remark,Nominee_Death,high,high,https://www.epfindia.gov.in/site_docs/PDFs/Downloads_PDFs/Form5IF_Instructions_Eng.pdf | https://www.outlookmoney.com/retirement/pension/epf-claim-settlement-why-epfo-rejects-the-claims-and-what-subscribers-can-do | https://righttoinformation.wiki/epf-death-claim-without-nominee-legal-heir-india | https://kustodian.life/resources/epf-death-claim-process-india,Compiled from source records. EPFO does not publish a numbered rejection-code list; portal remarks are the operative text.
epfo-rr-063-official,epfo-rr-063,Legal heir or succession certificate missing when there is no valid nomination,Form 5IF: succession certificate in case of claim by the legal heir. MoS: legal heir or succession documents required in such cases.,official_or_commonly_seen_status,Nominee_Death,high,high,https://www.epfindia.gov.in/site_docs/PDFs/Downloads_PDFs/Form5IF_Instructions_Eng.pdf | https://www.outlookmoney.com/retirement/pension/epf-claim-settlement-why-epfo-rejects-the-claims-and-what-subscribers-can-do | https://righttoinformation.wiki/epf-death-claim-without-nominee-legal-heir-india | https://kustodian.life/resources/epf-death-claim-process-india,
epfo-rr-064-a01,epfo-rr-064,Family details missing for widow/widower or child pension (Form 10D death/family pension),Spouse name not in EPF database,alias_or_portal_remark,Nominee_Death,high,high,https://kustodian.life/resources/epf-form-10d-the-2026-guide-to-claiming-your-monthly-pension | https://www.financialexpress.com/money/epfo-pension-rules-settlement-in-20-days-but-heres-why-many-eps-claims-still-get-rejected-4168274/ | https://www.etnownews.com/personal-finance/epfo-pension-rules-why-eps-claims-get-rejected-govt-reveals-basis-errors-kyc-aadhaar-and-more-article-153801634 | https://www.outlookmoney.com/retirement/pension/epf-claim-settlement-why-epfo-rejects-the-claims-and-what-subscribers-can-do | https://www.epfindia.gov.in/site_en/WhichClaimForm.php?id=in_sm,Compiled from source records. EPFO does not publish a numbered rejection-code list; portal remarks are the operative text.
epfo-rr-064-a02,epfo-rr-064,Family details missing for widow/widower or child pension (Form 10D death/family pension),Family details not updated,alias_or_portal_remark,Nominee_Death,high,high,https://kustodian.life/resources/epf-form-10d-the-2026-guide-to-claiming-your-monthly-pension | https://www.financialexpress.com/money/epfo-pension-rules-settlement-in-20-days-but-heres-why-many-eps-claims-still-get-rejected-4168274/ | https://www.etnownews.com/personal-finance/epfo-pension-rules-why-eps-claims-get-rejected-govt-reveals-basis-errors-kyc-aadhaar-and-more-article-153801634 | https://www.outlookmoney.com/retirement/pension/epf-claim-settlement-why-epfo-rejects-the-claims-and-what-subscribers-can-do | https://www.epfindia.gov.in/site_en/WhichClaimForm.php?id=in_sm,Compiled from source records. EPFO does not publish a numbered rejection-code list; portal remarks are the operative text.
epfo-rr-064-a03,epfo-rr-064,Family details missing for widow/widower or child pension (Form 10D death/family pension),Widow pension logic failed,alias_or_portal_remark,Nominee_Death,high,high,https://kustodian.life/resources/epf-form-10d-the-2026-guide-to-claiming-your-monthly-pension | https://www.financialexpress.com/money/epfo-pension-rules-settlement-in-20-days-but-heres-why-many-eps-claims-still-get-rejected-4168274/ | https://www.etnownews.com/personal-finance/epfo-pension-rules-why-eps-claims-get-rejected-govt-reveals-basis-errors-kyc-aadhaar-and-more-article-153801634 | https://www.outlookmoney.com/retirement/pension/epf-claim-settlement-why-epfo-rejects-the-claims-and-what-subscribers-can-do | https://www.epfindia.gov.in/site_en/WhichClaimForm.php?id=in_sm,Compiled from source records. EPFO does not publish a numbered rejection-code list; portal remarks are the operative text.
epfo-rr-064-a04,epfo-rr-064,Family details missing for widow/widower or child pension (Form 10D death/family pension),Child DOB missing,alias_or_portal_remark,Nominee_Death,high,high,https://kustodian.life/resources/epf-form-10d-the-2026-guide-to-claiming-your-monthly-pension | https://www.financialexpress.com/money/epfo-pension-rules-settlement-in-20-days-but-heres-why-many-eps-claims-still-get-rejected-4168274/ | https://www.etnownews.com/personal-finance/epfo-pension-rules-why-eps-claims-get-rejected-govt-reveals-basis-errors-kyc-aadhaar-and-more-article-153801634 | https://www.outlookmoney.com/retirement/pension/epf-claim-settlement-why-epfo-rejects-the-claims-and-what-subscribers-can-do | https://www.epfindia.gov.in/site_en/WhichClaimForm.php?id=in_sm,Compiled from source records. EPFO does not publish a numbered rejection-code list; portal remarks are the operative text.
epfo-rr-064-official,epfo-rr-064,Family details missing for widow/widower or child pension (Form 10D death/family pension),Form 10D guides: if spouse's name is not in the EPF database the claim fails because widow-pension logic requires it. MoS: complete e-nomination and family details online. Offline 10D asks for descriptive roll and joint photos of family.,official_or_commonly_seen_status,Nominee_Death,high,high,https://kustodian.life/resources/epf-form-10d-the-2026-guide-to-claiming-your-monthly-pension | https://www.financialexpress.com/money/epfo-pension-rules-settlement-in-20-days-but-heres-why-many-eps-claims-still-get-rejected-4168274/ | https://www.etnownews.com/personal-finance/epfo-pension-rules-why-eps-claims-get-rejected-govt-reveals-basis-errors-kyc-aadhaar-and-more-article-153801634 | https://www.outlookmoney.com/retirement/pension/epf-claim-settlement-why-epfo-rejects-the-claims-and-what-subscribers-can-do | https://www.epfindia.gov.in/site_en/WhichClaimForm.php?id=in_sm,
epfo-rr-065-a01,epfo-rr-065,"Guardianship certificate missing for a minor nominee, family member, or legal heir",Minor nominee,alias_or_portal_remark,Nominee_Death,high,high,https://www.epfindia.gov.in/site_docs/PDFs/Downloads_PDFs/Form5IF_Instructions_Eng.pdf | https://www.epfindia.gov.in/site_en/WhichClaimForm.php?id=in_sm | https://kustodian.life/resources/provident-fund/form-5if-guide,Compiled from source records. EPFO does not publish a numbered rejection-code list; portal remarks are the operative text.
epfo-rr-065-a02,epfo-rr-065,"Guardianship certificate missing for a minor nominee, family member, or legal heir",Guardianship certificate required,alias_or_portal_remark,Nominee_Death,high,high,https://www.epfindia.gov.in/site_docs/PDFs/Downloads_PDFs/Form5IF_Instructions_Eng.pdf | https://www.epfindia.gov.in/site_en/WhichClaimForm.php?id=in_sm | https://kustodian.life/resources/provident-fund/form-5if-guide,Compiled from source records. EPFO does not publish a numbered rejection-code list; portal remarks are the operative text.
epfo-rr-065-a03,epfo-rr-065,"Guardianship certificate missing for a minor nominee, family member, or legal heir",Natural guardian not applying,alias_or_portal_remark,Nominee_Death,high,high,https://www.epfindia.gov.in/site_docs/PDFs/Downloads_PDFs/Form5IF_Instructions_Eng.pdf | https://www.epfindia.gov.in/site_en/WhichClaimForm.php?id=in_sm | https://kustodian.life/resources/provident-fund/form-5if-guide,Compiled from source records. EPFO does not publish a numbered rejection-code list; portal remarks are the operative text.
epfo-rr-065-official,epfo-rr-065,"Guardianship certificate missing for a minor nominee, family member, or legal heir",Form 5IF: guardianship certificate if the claim on behalf of a minor family member/nominee/legal heir is by other than the natural guardian. Form also lists guardian of a minor as a claimant class.,official_or_commonly_seen_status,Nominee_Death,high,high,https://www.epfindia.gov.in/site_docs/PDFs/Downloads_PDFs/Form5IF_Instructions_Eng.pdf | https://www.epfindia.gov.in/site_en/WhichClaimForm.php?id=in_sm | https://kustodian.life/resources/provident-fund/form-5if-guide,Official Form 5IF instruction point on guardianship.
epfo-rr-066-a01,epfo-rr-066,"Deceased member's KYC or name does not match Aadhaar, blocking death claim",Deceased name mismatch,alias_or_portal_remark,Nominee_Death,high,high,https://www.epfindia.gov.in/site_docs/PDFs/Circulars/Y2023-2024/SOP_WSU_new.pdf | https://taxguru.in/corporate-law/epfo-joint-declaration-process-member-profile-updation.html | https://kustodian.life/resources/epf-claim-rejected-name-aadhaar-dob-mismatch-fix-guide-2025 | https://www.epfindia.gov.in/site_docs/PDFs/Downloads_PDFs/Form5IF_Instructions_Eng.pdf,Compiled from source records. EPFO does not publish a numbered rejection-code list; portal remarks are the operative text.
epfo-rr-066-a02,epfo-rr-066,"Deceased member's KYC or name does not match Aadhaar, blocking death claim",Death claim stuck on member KYC,alias_or_portal_remark,Nominee_Death,high,high,https://www.epfindia.gov.in/site_docs/PDFs/Circulars/Y2023-2024/SOP_WSU_new.pdf | https://taxguru.in/corporate-law/epfo-joint-declaration-process-member-profile-updation.html | https://kustodian.life/resources/epf-claim-rejected-name-aadhaar-dob-mismatch-fix-guide-2025 | https://www.epfindia.gov.in/site_docs/PDFs/Downloads_PDFs/Form5IF_Instructions_Eng.pdf,Compiled from source records. EPFO does not publish a numbered rejection-code list; portal remarks are the operative text.
epfo-rr-066-a03,epfo-rr-066,"Deceased member's KYC or name does not match Aadhaar, blocking death claim",Sunita Sharma vs Sunita Devi Sharma,alias_or_portal_remark,Nominee_Death,high,high,https://www.epfindia.gov.in/site_docs/PDFs/Circulars/Y2023-2024/SOP_WSU_new.pdf | https://taxguru.in/corporate-law/epfo-joint-declaration-process-member-profile-updation.html | https://kustodian.life/resources/epf-claim-rejected-name-aadhaar-dob-mismatch-fix-guide-2025 | https://www.epfindia.gov.in/site_docs/PDFs/Downloads_PDFs/Form5IF_Instructions_Eng.pdf,Compiled from source records. EPFO does not publish a numbered rejection-code list; portal remarks are the operative text.
epfo-rr-066-official,epfo-rr-066,"Deceased member's KYC or name does not match Aadhaar, blocking death claim","Same demographic match rules apply to the deceased's UAN. SOP 6.9–6.10: if the member is dead, JD is signed by Form-2 nominee(s); all nominees' consent if more than one; if no nomination, a family member/legal heir with others' consent. Nominee Aadhaar may be saved if member had no Aadhaar.",official_or_commonly_seen_status,Nominee_Death,high,high,https://www.epfindia.gov.in/site_docs/PDFs/Circulars/Y2023-2024/SOP_WSU_new.pdf | https://taxguru.in/corporate-law/epfo-joint-declaration-process-member-profile-updation.html | https://kustodian.life/resources/epf-claim-rejected-name-aadhaar-dob-mismatch-fix-guide-2025 | https://www.epfindia.gov.in/site_docs/PDFs/Downloads_PDFs/Form5IF_Instructions_Eng.pdf,SOP 6.9 case 'Member is dead' and 6.10 no-Aadhaar deceased.
epfo-rr-067-a01,epfo-rr-067,EDLI (Form 5IF) not payable because member did not die while in service,Death not while in service,alias_or_portal_remark,Nominee_Death,critical,high,https://www.epfindia.gov.in/site_docs/PDFs/Downloads_PDFs/Form5IF_Instructions_Eng.pdf | https://www.epfindia.gov.in/site_en/WhichClaimForm.php?id=in_sm | https://cleartax.in/s/edli | https://economictimes.indiatimes.com/wealth/save/epfo-clarifies-edli-rules-weekends-holidays-between-two-jobs-not-to-be-counted-as-break-for-settling-insurance-claims/articleshow/126054764.cms | https://kustodian.life/resources/provident-fund/edli-claim-process,Compiled from source records. EPFO does not publish a numbered rejection-code list; portal remarks are the operative text.
epfo-rr-067-a02,epfo-rr-067,EDLI (Form 5IF) not payable because member did not die while in service,EDLI ineligible,alias_or_portal_remark,Nominee_Death,critical,high,https://www.epfindia.gov.in/site_docs/PDFs/Downloads_PDFs/Form5IF_Instructions_Eng.pdf | https://www.epfindia.gov.in/site_en/WhichClaimForm.php?id=in_sm | https://cleartax.in/s/edli | https://economictimes.indiatimes.com/wealth/save/epfo-clarifies-edli-rules-weekends-holidays-between-two-jobs-not-to-be-counted-as-break-for-settling-insurance-claims/articleshow/126054764.cms | https://kustodian.life/resources/provident-fund/edli-claim-process,Compiled from source records. EPFO does not publish a numbered rejection-code list; portal remarks are the operative text.
epfo-rr-067-a03,epfo-rr-067,EDLI (Form 5IF) not payable because member did not die while in service,Died after leaving job,alias_or_portal_remark,Nominee_Death,critical,high,https://www.epfindia.gov.in/site_docs/PDFs/Downloads_PDFs/Form5IF_Instructions_Eng.pdf | https://www.epfindia.gov.in/site_en/WhichClaimForm.php?id=in_sm | https://cleartax.in/s/edli | https://economictimes.indiatimes.com/wealth/save/epfo-clarifies-edli-rules-weekends-holidays-between-two-jobs-not-to-be-counted-as-break-for-settling-insurance-claims/articleshow/126054764.cms | https://kustodian.life/resources/provident-fund/edli-claim-process,Compiled from source records. EPFO does not publish a numbered rejection-code list; portal remarks are the operative text.
epfo-rr-067-a04,epfo-rr-067,EDLI (Form 5IF) not payable because member did not die while in service,EDLI only if death in service,alias_or_portal_remark,Nominee_Death,critical,high,https://www.epfindia.gov.in/site_docs/PDFs/Downloads_PDFs/Form5IF_Instructions_Eng.pdf | https://www.epfindia.gov.in/site_en/WhichClaimForm.php?id=in_sm | https://cleartax.in/s/edli | https://economictimes.indiatimes.com/wealth/save/epfo-clarifies-edli-rules-weekends-holidays-between-two-jobs-not-to-be-counted-as-break-for-settling-insurance-claims/articleshow/126054764.cms | https://kustodian.life/resources/provident-fund/edli-claim-process,Compiled from source records. EPFO does not publish a numbered rejection-code list; portal remarks are the operative text.
epfo-rr-067-a05,epfo-rr-067,EDLI (Form 5IF) not payable because member did not die while in service,EDLI not payable death after exit,alias_or_portal_remark,Nominee_Death,critical,high,https://www.epfindia.gov.in/site_docs/PDFs/Downloads_PDFs/Form5IF_Instructions_Eng.pdf | https://www.epfindia.gov.in/site_en/WhichClaimForm.php?id=in_sm | https://cleartax.in/s/edli | https://economictimes.indiatimes.com/wealth/save/epfo-clarifies-edli-rules-weekends-holidays-between-two-jobs-not-to-be-counted-as-break-for-settling-insurance-claims/articleshow/126054764.cms | https://kustodian.life/resources/provident-fund/edli-claim-process,Compiled from source records. EPFO does not publish a numbered rejection-code list; portal remarks are the operative text.
epfo-rr-067-a06,epfo-rr-067,EDLI (Form 5IF) not payable because member did not die while in service,Member not in service at death,alias_or_portal_remark,Nominee_Death,critical,high,https://www.epfindia.gov.in/site_docs/PDFs/Downloads_PDFs/Form5IF_Instructions_Eng.pdf | https://www.epfindia.gov.in/site_en/WhichClaimForm.php?id=in_sm | https://cleartax.in/s/edli | https://economictimes.indiatimes.com/wealth/save/epfo-clarifies-edli-rules-weekends-holidays-between-two-jobs-not-to-be-counted-as-break-for-settling-insurance-claims/articleshow/126054764.cms | https://kustodian.life/resources/provident-fund/edli-claim-process,Compiled from source records. EPFO does not publish a numbered rejection-code list; portal remarks are the operative text.
epfo-rr-067-a07,epfo-rr-067,EDLI (Form 5IF) not payable because member did not die while in service,Form 5IF rejected not in service,alias_or_portal_remark,Nominee_Death,critical,high,https://www.epfindia.gov.in/site_docs/PDFs/Downloads_PDFs/Form5IF_Instructions_Eng.pdf | https://www.epfindia.gov.in/site_en/WhichClaimForm.php?id=in_sm | https://cleartax.in/s/edli | https://economictimes.indiatimes.com/wealth/save/epfo-clarifies-edli-rules-weekends-holidays-between-two-jobs-not-to-be-counted-as-break-for-settling-insurance-claims/articleshow/126054764.cms | https://kustodian.life/resources/provident-fund/edli-claim-process,Compiled from source records. EPFO does not publish a numbered rejection-code list; portal remarks are the operative text.
epfo-rr-067-official,epfo-rr-067,EDLI (Form 5IF) not payable because member did not die while in service,Official Form 5IF instructions: EDLI benefit is admissible to persons entitled to PF accumulations of the deceased member only if the member's death occurred while in service. Which-Claim-Form distinguishes died while in service vs died away from service (EDLI listed for in-service paths).,official_or_commonly_seen_status,Nominee_Death,critical,high,https://www.epfindia.gov.in/site_docs/PDFs/Downloads_PDFs/Form5IF_Instructions_Eng.pdf | https://www.epfindia.gov.in/site_en/WhichClaimForm.php?id=in_sm | https://cleartax.in/s/edli | https://economictimes.indiatimes.com/wealth/save/epfo-clarifies-edli-rules-weekends-holidays-between-two-jobs-not-to-be-counted-as-break-for-settling-insurance-claims/articleshow/126054764.cms | https://kustodian.life/resources/provident-fund/edli-claim-process,In-service condition is official Form 5IF text. Rs 7 lakh ceiling and 35x wage formula are scheme parameters reported by ClearTax; verify current EDLI notification for amounts. Weekend-break clarification: ET 2025-26 article.
epfo-rr-068-a01,epfo-rr-068,Form 13 transfer pending or rejected because previous or present employer did not digitally attest,Transfer pending with employer,alias_or_portal_remark,Transfer_Related,high,high,https://epfindia.gov.in/site_docs/PDFs/OTCP_PDFs/MembersFAQ.pdf | https://www.epfindia.gov.in/site_en/OTCP_ForEmployers.php | https://kustodian.life/resources/epf-form-13-pf-transfer-online-offline-how-to-fill-pdf-status | https://www.livemint.com/money/personal-finance/changing-jobs-soon-fix-these-epf-transfer-errors-before-resigning-for-a-smooth-pf-transfer-11782808524771.html | https://www.citizennest.com/guide/epf-transfer-claim-rejected-fix,Compiled from source records. EPFO does not publish a numbered rejection-code list; portal remarks are the operative text.
epfo-rr-068-a02,epfo-rr-068,Form 13 transfer pending or rejected because previous or present employer did not digitally attest,Previous employer not approving transfer,alias_or_portal_remark,Transfer_Related,high,high,https://epfindia.gov.in/site_docs/PDFs/OTCP_PDFs/MembersFAQ.pdf | https://www.epfindia.gov.in/site_en/OTCP_ForEmployers.php | https://kustodian.life/resources/epf-form-13-pf-transfer-online-offline-how-to-fill-pdf-status | https://www.livemint.com/money/personal-finance/changing-jobs-soon-fix-these-epf-transfer-errors-before-resigning-for-a-smooth-pf-transfer-11782808524771.html | https://www.citizennest.com/guide/epf-transfer-claim-rejected-fix,Compiled from source records. EPFO does not publish a numbered rejection-code list; portal remarks are the operative text.
epfo-rr-068-a03,epfo-rr-068,Form 13 transfer pending or rejected because previous or present employer did not digitally attest,Present employer attestation pending,alias_or_portal_remark,Transfer_Related,high,high,https://epfindia.gov.in/site_docs/PDFs/OTCP_PDFs/MembersFAQ.pdf | https://www.epfindia.gov.in/site_en/OTCP_ForEmployers.php | https://kustodian.life/resources/epf-form-13-pf-transfer-online-offline-how-to-fill-pdf-status | https://www.livemint.com/money/personal-finance/changing-jobs-soon-fix-these-epf-transfer-errors-before-resigning-for-a-smooth-pf-transfer-11782808524771.html | https://www.citizennest.com/guide/epf-transfer-claim-rejected-fix,Compiled from source records. EPFO does not publish a numbered rejection-code list; portal remarks are the operative text.
epfo-rr-068-a04,epfo-rr-068,Form 13 transfer pending or rejected because previous or present employer did not digitally attest,Form 13 employer not attesting,alias_or_portal_remark,Transfer_Related,high,high,https://epfindia.gov.in/site_docs/PDFs/OTCP_PDFs/MembersFAQ.pdf | https://www.epfindia.gov.in/site_en/OTCP_ForEmployers.php | https://kustodian.life/resources/epf-form-13-pf-transfer-online-offline-how-to-fill-pdf-status | https://www.livemint.com/money/personal-finance/changing-jobs-soon-fix-these-epf-transfer-errors-before-resigning-for-a-smooth-pf-transfer-11782808524771.html | https://www.citizennest.com/guide/epf-transfer-claim-rejected-fix,Compiled from source records. EPFO does not publish a numbered rejection-code list; portal remarks are the operative text.
epfo-rr-068-a05,epfo-rr-068,Form 13 transfer pending or rejected because previous or present employer did not digitally attest,Transfer pending employer attestation,alias_or_portal_remark,Transfer_Related,high,high,https://epfindia.gov.in/site_docs/PDFs/OTCP_PDFs/MembersFAQ.pdf | https://www.epfindia.gov.in/site_en/OTCP_ForEmployers.php | https://kustodian.life/resources/epf-form-13-pf-transfer-online-offline-how-to-fill-pdf-status | https://www.livemint.com/money/personal-finance/changing-jobs-soon-fix-these-epf-transfer-errors-before-resigning-for-a-smooth-pf-transfer-11782808524771.html | https://www.citizennest.com/guide/epf-transfer-claim-rejected-fix,Compiled from source records. EPFO does not publish a numbered rejection-code list; portal remarks are the operative text.
epfo-rr-068-a06,epfo-rr-068,Form 13 transfer pending or rejected because previous or present employer did not digitally attest,Previous employer not approving Form 13,alias_or_portal_remark,Transfer_Related,high,high,https://epfindia.gov.in/site_docs/PDFs/OTCP_PDFs/MembersFAQ.pdf | https://www.epfindia.gov.in/site_en/OTCP_ForEmployers.php | https://kustodian.life/resources/epf-form-13-pf-transfer-online-offline-how-to-fill-pdf-status | https://www.livemint.com/money/personal-finance/changing-jobs-soon-fix-these-epf-transfer-errors-before-resigning-for-a-smooth-pf-transfer-11782808524771.html | https://www.citizennest.com/guide/epf-transfer-claim-rejected-fix,Compiled from source records. EPFO does not publish a numbered rejection-code list; portal remarks are the operative text.
epfo-rr-068-a07,epfo-rr-068,Form 13 transfer pending or rejected because previous or present employer did not digitally attest,Present employer DSC pending transfer,alias_or_portal_remark,Transfer_Related,high,high,https://epfindia.gov.in/site_docs/PDFs/OTCP_PDFs/MembersFAQ.pdf | https://www.epfindia.gov.in/site_en/OTCP_ForEmployers.php | https://kustodian.life/resources/epf-form-13-pf-transfer-online-offline-how-to-fill-pdf-status | https://www.livemint.com/money/personal-finance/changing-jobs-soon-fix-these-epf-transfer-errors-before-resigning-for-a-smooth-pf-transfer-11782808524771.html | https://www.citizennest.com/guide/epf-transfer-claim-rejected-fix,Compiled from source records. EPFO does not publish a numbered rejection-code list; portal remarks are the operative text.
epfo-rr-068-official,epfo-rr-068,Form 13 transfer pending or rejected because previous or present employer did not digitally attest,"OTCP/MembersFAQ: online transfer needs employer attestation (previous or present, depending on flow) via DSC/e-sign. Employer rejection reasons include details mismatch, duplicate already forwarded, printout not received after 15 days, signature mismatch.",official_or_commonly_seen_status,Transfer_Related,high,high,https://epfindia.gov.in/site_docs/PDFs/OTCP_PDFs/MembersFAQ.pdf | https://www.epfindia.gov.in/site_en/OTCP_ForEmployers.php | https://kustodian.life/resources/epf-form-13-pf-transfer-online-offline-how-to-fill-pdf-status | https://www.livemint.com/money/personal-finance/changing-jobs-soon-fix-these-epf-transfer-errors-before-resigning-for-a-smooth-pf-transfer-11782808524771.html | https://www.citizennest.com/guide/epf-transfer-claim-rejected-fix,
epfo-rr-069-a01,epfo-rr-069,Annexure K or complete transfer/service history missing,Annexure K missing,alias_or_portal_remark,Transfer_Related,high,medium,https://finright.in/blogs/most-common-reasons-for-epf-claim-rejections-and-tips-to-avoid-them | https://kustodian.life/resources/epf-form-13-pf-transfer-online-offline-how-to-fill-pdf-status | https://www.livemint.com/money/personal-finance/changing-jobs-soon-fix-these-epf-transfer-errors-before-resigning-for-a-smooth-pf-transfer-11782808524771.html | https://cleartax.in/c/pf-withdrawal-online,Compiled from source records. EPFO does not publish a numbered rejection-code list; portal remarks are the operative text.
epfo-rr-069-a02,epfo-rr-069,Annexure K or complete transfer/service history missing,Transfer history incomplete,alias_or_portal_remark,Transfer_Related,high,medium,https://finright.in/blogs/most-common-reasons-for-epf-claim-rejections-and-tips-to-avoid-them | https://kustodian.life/resources/epf-form-13-pf-transfer-online-offline-how-to-fill-pdf-status | https://www.livemint.com/money/personal-finance/changing-jobs-soon-fix-these-epf-transfer-errors-before-resigning-for-a-smooth-pf-transfer-11782808524771.html | https://cleartax.in/c/pf-withdrawal-online,Compiled from source records. EPFO does not publish a numbered rejection-code list; portal remarks are the operative text.
epfo-rr-069-a03,epfo-rr-069,Annexure K or complete transfer/service history missing,Service record incomplete / Annexure K missing,alias_or_portal_remark,Transfer_Related,high,medium,https://finright.in/blogs/most-common-reasons-for-epf-claim-rejections-and-tips-to-avoid-them | https://kustodian.life/resources/epf-form-13-pf-transfer-online-offline-how-to-fill-pdf-status | https://www.livemint.com/money/personal-finance/changing-jobs-soon-fix-these-epf-transfer-errors-before-resigning-for-a-smooth-pf-transfer-11782808524771.html | https://cleartax.in/c/pf-withdrawal-online,Compiled from source records. EPFO does not publish a numbered rejection-code list; portal remarks are the operative text.
epfo-rr-069-official,epfo-rr-069,Annexure K or complete transfer/service history missing,FinRight: Annexure K records employment and PF history; gaps after job changes without transfer cause settlement rejection. Annexure K is now often viewable online via passbook/transfer status.,official_or_commonly_seen_status,Transfer_Related,high,medium,https://finright.in/blogs/most-common-reasons-for-epf-claim-rejections-and-tips-to-avoid-them | https://kustodian.life/resources/epf-form-13-pf-transfer-online-offline-how-to-fill-pdf-status | https://www.livemint.com/money/personal-finance/changing-jobs-soon-fix-these-epf-transfer-errors-before-resigning-for-a-smooth-pf-transfer-11782808524771.html | https://cleartax.in/c/pf-withdrawal-online,Annexure K is a well-known EPFO transfer artefact; no numeric rejection code.
epfo-rr-070-a01,epfo-rr-070,Transfer claim rejected solely due to overlapping service (should generally be processed after 20 May 2025 circular),Transfer rejected for overlap,alias_or_portal_remark,Transfer_Related,medium,high,https://www.staffnews.in/2025/06/simplification-of-transfer-claim-process.html | https://www.news18.com/business/savings-and-investments/epfo-your-claims-cant-be-rejected-if-there-is-genuine-service-overlapping-read-official-clarification-ws-l-9352924.html | https://www.financialexpress.com/money/epfos-game-changer-move-on-fund-transfer-now-there-will-be-no-claim-rejection-due-to-this-problem-details-3854653/ | https://ascent-hr.com/notification/epfo-simplifies-the-transfer-claim-process-when-there-are-overlapping-service-periods/ | https://www.epfindia.gov.in/site_docs/PDFs/Circulars/Y2025-2026/Revamped_F13_Functionality.pdf,Compiled from source records. EPFO does not publish a numbered rejection-code list; portal remarks are the operative text.
epfo-rr-070-a02,epfo-rr-070,Transfer claim rejected solely due to overlapping service (should generally be processed after 20 May 2025 circular),Overlap per-se disqualification,alias_or_portal_remark,Transfer_Related,medium,high,https://www.staffnews.in/2025/06/simplification-of-transfer-claim-process.html | https://www.news18.com/business/savings-and-investments/epfo-your-claims-cant-be-rejected-if-there-is-genuine-service-overlapping-read-official-clarification-ws-l-9352924.html | https://www.financialexpress.com/money/epfos-game-changer-move-on-fund-transfer-now-there-will-be-no-claim-rejection-due-to-this-problem-details-3854653/ | https://ascent-hr.com/notification/epfo-simplifies-the-transfer-claim-process-when-there-are-overlapping-service-periods/ | https://www.epfindia.gov.in/site_docs/PDFs/Circulars/Y2025-2026/Revamped_F13_Functionality.pdf,Compiled from source records. EPFO does not publish a numbered rejection-code list; portal remarks are the operative text.
epfo-rr-070-a03,epfo-rr-070,Transfer claim rejected solely due to overlapping service (should generally be processed after 20 May 2025 circular),Form 13 overlap rejection,alias_or_portal_remark,Transfer_Related,medium,high,https://www.staffnews.in/2025/06/simplification-of-transfer-claim-process.html | https://www.news18.com/business/savings-and-investments/epfo-your-claims-cant-be-rejected-if-there-is-genuine-service-overlapping-read-official-clarification-ws-l-9352924.html | https://www.financialexpress.com/money/epfos-game-changer-move-on-fund-transfer-now-there-will-be-no-claim-rejection-due-to-this-problem-details-3854653/ | https://ascent-hr.com/notification/epfo-simplifies-the-transfer-claim-process-when-there-are-overlapping-service-periods/ | https://www.epfindia.gov.in/site_docs/PDFs/Circulars/Y2025-2026/Revamped_F13_Functionality.pdf,Compiled from source records. EPFO does not publish a numbered rejection-code list; portal remarks are the operative text.
epfo-rr-070-a04,epfo-rr-070,Transfer claim rejected solely due to overlapping service (should generally be processed after 20 May 2025 circular),Transfer rejected due to overlap,alias_or_portal_remark,Transfer_Related,medium,high,https://www.staffnews.in/2025/06/simplification-of-transfer-claim-process.html | https://www.news18.com/business/savings-and-investments/epfo-your-claims-cant-be-rejected-if-there-is-genuine-service-overlapping-read-official-clarification-ws-l-9352924.html | https://www.financialexpress.com/money/epfos-game-changer-move-on-fund-transfer-now-there-will-be-no-claim-rejection-due-to-this-problem-details-3854653/ | https://ascent-hr.com/notification/epfo-simplifies-the-transfer-claim-process-when-there-are-overlapping-service-periods/ | https://www.epfindia.gov.in/site_docs/PDFs/Circulars/Y2025-2026/Revamped_F13_Functionality.pdf,Compiled from source records. EPFO does not publish a numbered rejection-code list; portal remarks are the operative text.
epfo-rr-070-a05,epfo-rr-070,Transfer claim rejected solely due to overlapping service (should generally be processed after 20 May 2025 circular),Service overlapping Form 13,alias_or_portal_remark,Transfer_Related,medium,high,https://www.staffnews.in/2025/06/simplification-of-transfer-claim-process.html | https://www.news18.com/business/savings-and-investments/epfo-your-claims-cant-be-rejected-if-there-is-genuine-service-overlapping-read-official-clarification-ws-l-9352924.html | https://www.financialexpress.com/money/epfos-game-changer-move-on-fund-transfer-now-there-will-be-no-claim-rejection-due-to-this-problem-details-3854653/ | https://ascent-hr.com/notification/epfo-simplifies-the-transfer-claim-process-when-there-are-overlapping-service-periods/ | https://www.epfindia.gov.in/site_docs/PDFs/Circulars/Y2025-2026/Revamped_F13_Functionality.pdf,Compiled from source records. EPFO does not publish a numbered rejection-code list; portal remarks are the operative text.
epfo-rr-070-a06,epfo-rr-070,Transfer claim rejected solely due to overlapping service (should generally be processed after 20 May 2025 circular),Genuine overlap should not reject transfer,alias_or_portal_remark,Transfer_Related,medium,high,https://www.staffnews.in/2025/06/simplification-of-transfer-claim-process.html | https://www.news18.com/business/savings-and-investments/epfo-your-claims-cant-be-rejected-if-there-is-genuine-service-overlapping-read-official-clarification-ws-l-9352924.html | https://www.financialexpress.com/money/epfos-game-changer-move-on-fund-transfer-now-there-will-be-no-claim-rejection-due-to-this-problem-details-3854653/ | https://ascent-hr.com/notification/epfo-simplifies-the-transfer-claim-process-when-there-are-overlapping-service-periods/ | https://www.epfindia.gov.in/site_docs/PDFs/Circulars/Y2025-2026/Revamped_F13_Functionality.pdf,Compiled from source records. EPFO does not publish a numbered rejection-code list; portal remarks are the operative text.
epfo-rr-070-official,epfo-rr-070,Transfer claim rejected solely due to overlapping service (should generally be processed after 20 May 2025 circular),Circular WSU/TransferClaim/E-52972/2025-26/07 dated 20/May/2025: transfer requests are being rejected due to overlap; however overlapping services can occur for genuine reasons and should not be a disqualification per se. Transferor (source) office must process even with overlapping services; only if a genuine need is felt should clarification be obtained. Also reiterates source-office duty to verify details (ref WSU circular 25/04/2025).,official_or_commonly_seen_status,Transfer_Related,medium,high,https://www.staffnews.in/2025/06/simplification-of-transfer-claim-process.html | https://www.news18.com/business/savings-and-investments/epfo-your-claims-cant-be-rejected-if-there-is-genuine-service-overlapping-read-official-clarification-ws-l-9352924.html | https://www.financialexpress.com/money/epfos-game-changer-move-on-fund-transfer-now-there-will-be-no-claim-rejection-due-to-this-problem-details-3854653/ | https://ascent-hr.com/notification/epfo-simplifies-the-transfer-claim-process-when-there-are-overlapping-service-periods/ | https://www.epfindia.gov.in/site_docs/PDFs/Circulars/Y2025-2026/Revamped_F13_Functionality.pdf,"Full circular text reproduced on StaffNews. Applies to transfer claims, not automatically to all settlements."
epfo-rr-071-a01,epfo-rr-071,Name or date of birth mismatch between source and destination member IDs on Form 13,Source destination mismatch,alias_or_portal_remark,Transfer_Related,high,high,https://epfindia.gov.in/site_docs/PDFs/OTCP_PDFs/MembersFAQ.pdf | https://www.epfindia.gov.in/site_docs/PDFs/Circulars/Y2023-2024/SOP_WSU_new.pdf | https://www.staffnews.in/2025/06/simplification-of-transfer-claim-process.html | https://www.livemint.com/money/personal-finance/changing-jobs-soon-fix-these-epf-transfer-errors-before-resigning-for-a-smooth-pf-transfer-11782808524771.html,Compiled from source records. EPFO does not publish a numbered rejection-code list; portal remarks are the operative text.
epfo-rr-071-a02,epfo-rr-071,Name or date of birth mismatch between source and destination member IDs on Form 13,Member details mismatch on transfer,alias_or_portal_remark,Transfer_Related,high,high,https://epfindia.gov.in/site_docs/PDFs/OTCP_PDFs/MembersFAQ.pdf | https://www.epfindia.gov.in/site_docs/PDFs/Circulars/Y2023-2024/SOP_WSU_new.pdf | https://www.staffnews.in/2025/06/simplification-of-transfer-claim-process.html | https://www.livemint.com/money/personal-finance/changing-jobs-soon-fix-these-epf-transfer-errors-before-resigning-for-a-smooth-pf-transfer-11782808524771.html,Compiled from source records. EPFO does not publish a numbered rejection-code list; portal remarks are the operative text.
epfo-rr-071-a03,epfo-rr-071,Name or date of birth mismatch between source and destination member IDs on Form 13,Different name on old PF account,alias_or_portal_remark,Transfer_Related,high,high,https://epfindia.gov.in/site_docs/PDFs/OTCP_PDFs/MembersFAQ.pdf | https://www.epfindia.gov.in/site_docs/PDFs/Circulars/Y2023-2024/SOP_WSU_new.pdf | https://www.staffnews.in/2025/06/simplification-of-transfer-claim-process.html | https://www.livemint.com/money/personal-finance/changing-jobs-soon-fix-these-epf-transfer-errors-before-resigning-for-a-smooth-pf-transfer-11782808524771.html,Compiled from source records. EPFO does not publish a numbered rejection-code list; portal remarks are the operative text.
epfo-rr-071-official,epfo-rr-071,Name or date of birth mismatch between source and destination member IDs on Form 13,Employer and source office compare member demographics before releasing transfer. MembersFAQ mismatch reasons apply. 25/04/2025 WSU circular (referenced by the overlap circular) puts responsibility on transferor offices to verify details for error-free transfer.,official_or_commonly_seen_status,Transfer_Related,high,high,https://epfindia.gov.in/site_docs/PDFs/OTCP_PDFs/MembersFAQ.pdf | https://www.epfindia.gov.in/site_docs/PDFs/Circulars/Y2023-2024/SOP_WSU_new.pdf | https://www.staffnews.in/2025/06/simplification-of-transfer-claim-process.html | https://www.livemint.com/money/personal-finance/changing-jobs-soon-fix-these-epf-transfer-errors-before-resigning-for-a-smooth-pf-transfer-11782808524771.html,"WSU/Amendments in IT, 1961/E-33306/2025-26/21 dated 25/04/2025 is referenced, not independently fetched."
epfo-rr-072-a01,epfo-rr-072,Transferor (source) Regional Office verification pending or failed,Source office pending,alias_or_portal_remark,Transfer_Related,medium,medium,https://www.staffnews.in/2025/06/simplification-of-transfer-claim-process.html | https://epfindia.gov.in/site_docs/PDFs/OTCP_PDFs/MembersFAQ.pdf | https://epfigms.gov.in/ | https://kustodian.life/resources/epf-form-13-pf-transfer-online-offline-how-to-fill-pdf-status,Compiled from source records. EPFO does not publish a numbered rejection-code list; portal remarks are the operative text.
epfo-rr-072-a02,epfo-rr-072,Transferor (source) Regional Office verification pending or failed,Transferor office query,alias_or_portal_remark,Transfer_Related,medium,medium,https://www.staffnews.in/2025/06/simplification-of-transfer-claim-process.html | https://epfindia.gov.in/site_docs/PDFs/OTCP_PDFs/MembersFAQ.pdf | https://epfigms.gov.in/ | https://kustodian.life/resources/epf-form-13-pf-transfer-online-offline-how-to-fill-pdf-status,Compiled from source records. EPFO does not publish a numbered rejection-code list; portal remarks are the operative text.
epfo-rr-072-a03,epfo-rr-072,Transferor (source) Regional Office verification pending or failed,Old PF office not releasing transfer,alias_or_portal_remark,Transfer_Related,medium,medium,https://www.staffnews.in/2025/06/simplification-of-transfer-claim-process.html | https://epfindia.gov.in/site_docs/PDFs/OTCP_PDFs/MembersFAQ.pdf | https://epfigms.gov.in/ | https://kustodian.life/resources/epf-form-13-pf-transfer-online-offline-how-to-fill-pdf-status,Compiled from source records. EPFO does not publish a numbered rejection-code list; portal remarks are the operative text.
epfo-rr-072-official,epfo-rr-072,Transferor (source) Regional Office verification pending or failed,"After employer attestation, the source office must verify and release. HO has told source offices to verify all details for error-free transfer (25/04/2025 circular cited 20/05/2025). Pending at source looks like rejection to members.",official_or_commonly_seen_status,Transfer_Related,medium,medium,https://www.staffnews.in/2025/06/simplification-of-transfer-claim-process.html | https://epfindia.gov.in/site_docs/PDFs/OTCP_PDFs/MembersFAQ.pdf | https://epfigms.gov.in/ | https://kustodian.life/resources/epf-form-13-pf-transfer-online-offline-how-to-fill-pdf-status,
epfo-rr-073-a01,epfo-rr-073,"Previous PF balances not transferred, leaving split corpus and incomplete service for settlement",Old PF not transferred,alias_or_portal_remark,Transfer_Related,medium,medium,https://cleartax.in/c/pf-withdrawal-online | https://finright.in/blogs/most-common-reasons-for-epf-claim-rejections-and-tips-to-avoid-them | https://kustodian.life/resources/epf-form-13-pf-transfer-online-offline-how-to-fill-pdf-status,Compiled from source records. EPFO does not publish a numbered rejection-code list; portal remarks are the operative text.
epfo-rr-073-a02,epfo-rr-073,"Previous PF balances not transferred, leaving split corpus and incomplete service for settlement",Unconsolidated accounts,alias_or_portal_remark,Transfer_Related,medium,medium,https://cleartax.in/c/pf-withdrawal-online | https://finright.in/blogs/most-common-reasons-for-epf-claim-rejections-and-tips-to-avoid-them | https://kustodian.life/resources/epf-form-13-pf-transfer-online-offline-how-to-fill-pdf-status,Compiled from source records. EPFO does not publish a numbered rejection-code list; portal remarks are the operative text.
epfo-rr-073-a03,epfo-rr-073,"Previous PF balances not transferred, leaving split corpus and incomplete service for settlement",Multiple member IDs untransferred,alias_or_portal_remark,Transfer_Related,medium,medium,https://cleartax.in/c/pf-withdrawal-online | https://finright.in/blogs/most-common-reasons-for-epf-claim-rejections-and-tips-to-avoid-them | https://kustodian.life/resources/epf-form-13-pf-transfer-online-offline-how-to-fill-pdf-status,Compiled from source records. EPFO does not publish a numbered rejection-code list; portal remarks are the operative text.
epfo-rr-073-official,epfo-rr-073,"Previous PF balances not transferred, leaving split corpus and incomplete service for settlement",ClearTax: consolidate multiple EPF accounts through UAN then withdraw. FinRight: job changes without transfer create Annexure K / service gaps.,official_or_commonly_seen_status,Transfer_Related,medium,medium,https://cleartax.in/c/pf-withdrawal-online | https://finright.in/blogs/most-common-reasons-for-epf-claim-rejections-and-tips-to-avoid-them | https://kustodian.life/resources/epf-form-13-pf-transfer-online-offline-how-to-fill-pdf-status,
epfo-rr-074-a01,epfo-rr-074,International worker or specified migrant class blocked for want of Aadhaar even though physical settlement without Aadhaar seeding is allowed,IW Aadhaar mandatory wrongly applied,alias_or_portal_remark,Compliance_Legal,high,high,https://taxguru.in/corporate-law/epfo-clarifies-physical-claim-settlement-seeding-aadhaar.html | https://www.staffnews.in/2024/12/settlement-of-physical-claims-without-seeding-of-aadhaar.html | https://www.cnbctv18.com/personal-finance/epfo-relaxes-aadhaar-norms-for-select-employee-categories-key-details-19517361.htm | https://www.in.kpmg.com/taxflashnews/KPMG-Flash-News-EPFO-Update-Simplifying-process-of-PF-withdrawal-for-International-Workers.pdf | https://www.epfindia.gov.in/site_en/International_workers.php,Compiled from source records. EPFO does not publish a numbered rejection-code list; portal remarks are the operative text.
epfo-rr-074-a02,epfo-rr-074,International worker or specified migrant class blocked for want of Aadhaar even though physical settlement without Aadhaar seeding is allowed,Physical claim without Aadhaar refused,alias_or_portal_remark,Compliance_Legal,high,high,https://taxguru.in/corporate-law/epfo-clarifies-physical-claim-settlement-seeding-aadhaar.html | https://www.staffnews.in/2024/12/settlement-of-physical-claims-without-seeding-of-aadhaar.html | https://www.cnbctv18.com/personal-finance/epfo-relaxes-aadhaar-norms-for-select-employee-categories-key-details-19517361.htm | https://www.in.kpmg.com/taxflashnews/KPMG-Flash-News-EPFO-Update-Simplifying-process-of-PF-withdrawal-for-International-Workers.pdf | https://www.epfindia.gov.in/site_en/International_workers.php,Compiled from source records. EPFO does not publish a numbered rejection-code list; portal remarks are the operative text.
epfo-rr-074-a03,epfo-rr-074,International worker or specified migrant class blocked for want of Aadhaar even though physical settlement without Aadhaar seeding is allowed,NRI/IW cannot seed Aadhaar,alias_or_portal_remark,Compliance_Legal,high,high,https://taxguru.in/corporate-law/epfo-clarifies-physical-claim-settlement-seeding-aadhaar.html | https://www.staffnews.in/2024/12/settlement-of-physical-claims-without-seeding-of-aadhaar.html | https://www.cnbctv18.com/personal-finance/epfo-relaxes-aadhaar-norms-for-select-employee-categories-key-details-19517361.htm | https://www.in.kpmg.com/taxflashnews/KPMG-Flash-News-EPFO-Update-Simplifying-process-of-PF-withdrawal-for-International-Workers.pdf | https://www.epfindia.gov.in/site_en/International_workers.php,Compiled from source records. EPFO does not publish a numbered rejection-code list; portal remarks are the operative text.
epfo-rr-074-official,epfo-rr-074,International worker or specified migrant class blocked for want of Aadhaar even though physical settlement without Aadhaar seeding is allowed,"Circular WSU/2020/Claim settlement without UAN-clarification/8726 dated 29.11.2024: for (i) IWs who left India without Aadhaar, (ii) Indian workers who permanently migrated and took foreign citizenship without Aadhaar, (iii) Nepal/Bhutan workers not residing in India and without Aadhaar — UAN is still required but Aadhaar seeding is dispensed with. Physical claims with passport (or Nepal/Bhutan citizenship ID), bank verification in all cases, and employer identity confirmation if balance exceeds Rs 5 lakh; pay by NEFT. NRIs who can get Aadhaar (182-day rule not mandatory for NRIs) are steered to Aadhaar enrolment rather than the waiver.",official_or_commonly_seen_status,Compliance_Legal,high,high,https://taxguru.in/corporate-law/epfo-clarifies-physical-claim-settlement-seeding-aadhaar.html | https://www.staffnews.in/2024/12/settlement-of-physical-claims-without-seeding-of-aadhaar.html | https://www.cnbctv18.com/personal-finance/epfo-relaxes-aadhaar-norms-for-select-employee-categories-key-details-19517361.htm | https://www.in.kpmg.com/taxflashnews/KPMG-Flash-News-EPFO-Update-Simplifying-process-of-PF-withdrawal-for-International-Workers.pdf | https://www.epfindia.gov.in/site_en/International_workers.php,Circular number and date taken from TaxGuru/StaffNews reproduction of the HO letter. NRI Aadhaar enrolment note is in the same circular table.
epfo-rr-075-a01,epfo-rr-075,International worker Certificate of Coverage (CoC) or Social Security Agreement documentation issues,CoC rejected,alias_or_portal_remark,Compliance_Legal,medium,medium,https://www.epfindia.gov.in/site_en/International_workers.php | https://www.gconnect.in/epfo/social-security-international-workers-agreements-epf-scheme-1952.html | https://www.in.kpmg.com/taxflashnews/KPMG-Flash-News-EPFO-Update-Simplifying-process-of-PF-withdrawal-for-International-Workers.pdf | https://www.epfindia.gov.in/site_docs/PDFs/Circulars/Y2023-2024/SOP_WSU_new.pdf,Compiled from source records. EPFO does not publish a numbered rejection-code list; portal remarks are the operative text.
epfo-rr-075-a02,epfo-rr-075,International worker Certificate of Coverage (CoC) or Social Security Agreement documentation issues,SSA certificate,alias_or_portal_remark,Compliance_Legal,medium,medium,https://www.epfindia.gov.in/site_en/International_workers.php | https://www.gconnect.in/epfo/social-security-international-workers-agreements-epf-scheme-1952.html | https://www.in.kpmg.com/taxflashnews/KPMG-Flash-News-EPFO-Update-Simplifying-process-of-PF-withdrawal-for-International-Workers.pdf | https://www.epfindia.gov.in/site_docs/PDFs/Circulars/Y2023-2024/SOP_WSU_new.pdf,Compiled from source records. EPFO does not publish a numbered rejection-code list; portal remarks are the operative text.
epfo-rr-075-a03,epfo-rr-075,International worker Certificate of Coverage (CoC) or Social Security Agreement documentation issues,International worker detachment documents,alias_or_portal_remark,Compliance_Legal,medium,medium,https://www.epfindia.gov.in/site_en/International_workers.php | https://www.gconnect.in/epfo/social-security-international-workers-agreements-epf-scheme-1952.html | https://www.in.kpmg.com/taxflashnews/KPMG-Flash-News-EPFO-Update-Simplifying-process-of-PF-withdrawal-for-International-Workers.pdf | https://www.epfindia.gov.in/site_docs/PDFs/Circulars/Y2023-2024/SOP_WSU_new.pdf,Compiled from source records. EPFO does not publish a numbered rejection-code list; portal remarks are the operative text.
epfo-rr-075-a04,epfo-rr-075,International worker Certificate of Coverage (CoC) or Social Security Agreement documentation issues,Certificate of Coverage,alias_or_portal_remark,Compliance_Legal,medium,medium,https://www.epfindia.gov.in/site_en/International_workers.php | https://www.gconnect.in/epfo/social-security-international-workers-agreements-epf-scheme-1952.html | https://www.in.kpmg.com/taxflashnews/KPMG-Flash-News-EPFO-Update-Simplifying-process-of-PF-withdrawal-for-International-Workers.pdf | https://www.epfindia.gov.in/site_docs/PDFs/Circulars/Y2023-2024/SOP_WSU_new.pdf,Compiled from source records. EPFO does not publish a numbered rejection-code list; portal remarks are the operative text.
epfo-rr-075-official,epfo-rr-075,International worker Certificate of Coverage (CoC) or Social Security Agreement documentation issues,"EPFO IW portal issues Certificates of Coverage under SSAs so that detached workers need not double-contribute. CoC applications can be rejected by the Regional Office after employer e-sign if passport, assignment, or SSA details are inconsistent. This is not the same as a PF withdrawal rejection but blocks the intended exemption path and later confuses nationality/contribution claims.",official_or_commonly_seen_status,Compliance_Legal,medium,medium,https://www.epfindia.gov.in/site_en/International_workers.php | https://www.gconnect.in/epfo/social-security-international-workers-agreements-epf-scheme-1952.html | https://www.in.kpmg.com/taxflashnews/KPMG-Flash-News-EPFO-Update-Simplifying-process-of-PF-withdrawal-for-International-Workers.pdf | https://www.epfindia.gov.in/site_docs/PDFs/Circulars/Y2023-2024/SOP_WSU_new.pdf,CoC rejection mechanics summarised from IW brochure explainers; not a numbered 'claim rejection code'. Nationality major/minor split is in SOP JD/2022/1 Table 2.
epfo-rr-076-a01,epfo-rr-076,Inoperative or high-risk member ID subjected to additional scrutiny; claim delayed or returned,Additional layer of scrutiny,alias_or_portal_remark,Compliance_Legal,high,high,https://www.epfindia.gov.in/site_docs/PDFs/Circulars/Y2024-2025/Circular_SOP_WSU_02082024.pdf | https://www.business-standard.com/finance/personal-finance/epfo-issues-new-rules-for-inoperative-inactive-accounts-to-combat-fraud-124080600360_1.html | https://economictimes.indiatimes.com/wealth/save/latest-epfo-rules-how-to-unblock-inoperative-epf-account-settle-claims/articleshow/107544015.cms | https://www.outlookmoney.com/retirement/plan/news/explained-epfos-new-guidelines-for-inoperative-epf-accounts,Compiled from source records. EPFO does not publish a numbered rejection-code list; portal remarks are the operative text.
epfo-rr-076-a02,epfo-rr-076,Inoperative or high-risk member ID subjected to additional scrutiny; claim delayed or returned,Fraud prevention flag,alias_or_portal_remark,Compliance_Legal,high,high,https://www.epfindia.gov.in/site_docs/PDFs/Circulars/Y2024-2025/Circular_SOP_WSU_02082024.pdf | https://www.business-standard.com/finance/personal-finance/epfo-issues-new-rules-for-inoperative-inactive-accounts-to-combat-fraud-124080600360_1.html | https://economictimes.indiatimes.com/wealth/save/latest-epfo-rules-how-to-unblock-inoperative-epf-account-settle-claims/articleshow/107544015.cms | https://www.outlookmoney.com/retirement/plan/news/explained-epfos-new-guidelines-for-inoperative-epf-accounts,Compiled from source records. EPFO does not publish a numbered rejection-code list; portal remarks are the operative text.
epfo-rr-076-a03,epfo-rr-076,Inoperative or high-risk member ID subjected to additional scrutiny; claim delayed or returned,High value inoperative claim,alias_or_portal_remark,Compliance_Legal,high,high,https://www.epfindia.gov.in/site_docs/PDFs/Circulars/Y2024-2025/Circular_SOP_WSU_02082024.pdf | https://www.business-standard.com/finance/personal-finance/epfo-issues-new-rules-for-inoperative-inactive-accounts-to-combat-fraud-124080600360_1.html | https://economictimes.indiatimes.com/wealth/save/latest-epfo-rules-how-to-unblock-inoperative-epf-account-settle-claims/articleshow/107544015.cms | https://www.outlookmoney.com/retirement/plan/news/explained-epfos-new-guidelines-for-inoperative-epf-accounts,Compiled from source records. EPFO does not publish a numbered rejection-code list; portal remarks are the operative text.
epfo-rr-076-a04,epfo-rr-076,Inoperative or high-risk member ID subjected to additional scrutiny; claim delayed or returned,Peer confirmation required,alias_or_portal_remark,Compliance_Legal,high,high,https://www.epfindia.gov.in/site_docs/PDFs/Circulars/Y2024-2025/Circular_SOP_WSU_02082024.pdf | https://www.business-standard.com/finance/personal-finance/epfo-issues-new-rules-for-inoperative-inactive-accounts-to-combat-fraud-124080600360_1.html | https://economictimes.indiatimes.com/wealth/save/latest-epfo-rules-how-to-unblock-inoperative-epf-account-settle-claims/articleshow/107544015.cms | https://www.outlookmoney.com/retirement/plan/news/explained-epfos-new-guidelines-for-inoperative-epf-accounts,Compiled from source records. EPFO does not publish a numbered rejection-code list; portal remarks are the operative text.
epfo-rr-076-official,epfo-rr-076,Inoperative or high-risk member ID subjected to additional scrutiny; claim delayed or returned,"Inoperative SOP (02.08.2024): extra approval layers vs normal delegation (e.g. additional officer for slabs including above Rs 50,000 / Rs 5 lakh). Application software to flag such MIDs. Until software flags exist, extra e-file scrutiny. Fraud control was the public rationale (Business Standard).",official_or_commonly_seen_status,Compliance_Legal,high,high,https://www.epfindia.gov.in/site_docs/PDFs/Circulars/Y2024-2025/Circular_SOP_WSU_02082024.pdf | https://www.business-standard.com/finance/personal-finance/epfo-issues-new-rules-for-inoperative-inactive-accounts-to-combat-fraud-124080600360_1.html | https://economictimes.indiatimes.com/wealth/save/latest-epfo-rules-how-to-unblock-inoperative-epf-account-settle-claims/articleshow/107544015.cms | https://www.outlookmoney.com/retirement/plan/news/explained-epfos-new-guidelines-for-inoperative-epf-accounts,Delegation tables are in the SOP PDF; this dataset does not reprint rupee slabs as gospel beyond the SOP's existence.
epfo-rr-077-a01,epfo-rr-077,Dual employment or overlapping wage reporting with two covered establishments,Dual employment,alias_or_portal_remark,Compliance_Legal,medium,medium,https://www.staffnews.in/2025/06/simplification-of-transfer-claim-process.html | https://zerodha.com/z-connect/varsity/epfo-claim-rejections-what-is-service-overlap-and-how-to-merge-pf-accounts | https://www.livemint.com/money/personal-finance/epfo-showing-wrong-service-history-what-employees-should-check-immediately-and-do-next-to-rectify-the-error-11786520369893.html,Compiled from source records. EPFO does not publish a numbered rejection-code list; portal remarks are the operative text.
epfo-rr-077-a02,epfo-rr-077,Dual employment or overlapping wage reporting with two covered establishments,Two employers filing ECR same month,alias_or_portal_remark,Compliance_Legal,medium,medium,https://www.staffnews.in/2025/06/simplification-of-transfer-claim-process.html | https://zerodha.com/z-connect/varsity/epfo-claim-rejections-what-is-service-overlap-and-how-to-merge-pf-accounts | https://www.livemint.com/money/personal-finance/epfo-showing-wrong-service-history-what-employees-should-check-immediately-and-do-next-to-rectify-the-error-11786520369893.html,Compiled from source records. EPFO does not publish a numbered rejection-code list; portal remarks are the operative text.
epfo-rr-077-a03,epfo-rr-077,Dual employment or overlapping wage reporting with two covered establishments,Overlapping wage reporting,alias_or_portal_remark,Compliance_Legal,medium,medium,https://www.staffnews.in/2025/06/simplification-of-transfer-claim-process.html | https://zerodha.com/z-connect/varsity/epfo-claim-rejections-what-is-service-overlap-and-how-to-merge-pf-accounts | https://www.livemint.com/money/personal-finance/epfo-showing-wrong-service-history-what-employees-should-check-immediately-and-do-next-to-rectify-the-error-11786520369893.html,Compiled from source records. EPFO does not publish a numbered rejection-code list; portal remarks are the operative text.
epfo-rr-077-official,epfo-rr-077,Dual employment or overlapping wage reporting with two covered establishments,"Genuine date overlap is not per-se a transfer disqualification (May 2025 circular). Actual simultaneous employment in two covered establishments with two ECRs is a different compliance fact: PF is due on each, and claims/transfers may need both employers' data. Overlap circular says clarification may be sought where genuinely needed.",official_or_commonly_seen_status,Compliance_Legal,medium,medium,https://www.staffnews.in/2025/06/simplification-of-transfer-claim-process.html | https://zerodha.com/z-connect/varsity/epfo-claim-rejections-what-is-service-overlap-and-how-to-merge-pf-accounts | https://www.livemint.com/money/personal-finance/epfo-showing-wrong-service-history-what-employees-should-check-immediately-and-do-next-to-rectify-the-error-11786520369893.html,No separate published 'dual employment rejection code'. Distinguished from innocent overlap by facts.
epfo-rr-078-a01,epfo-rr-078,PAN missing or Form 15G/15H issues causing TDS problems on taxable (service < 5 years) Form 19,TDS at higher rate,alias_or_portal_remark,Compliance_Legal,medium,medium,https://www.epfindia.gov.in/site_docs/PDFs/MiscPDFs/FAQ_OCS_050517_1017.pdf | https://cleartax.in/c/pf-withdrawal-online | https://www.bajajfinserv.in/investments/epf-or-pf-withdrawal-rules,Compiled from source records. EPFO does not publish a numbered rejection-code list; portal remarks are the operative text.
epfo-rr-078-a02,epfo-rr-078,PAN missing or Form 15G/15H issues causing TDS problems on taxable (service < 5 years) Form 19,PAN not linked TDS,alias_or_portal_remark,Compliance_Legal,medium,medium,https://www.epfindia.gov.in/site_docs/PDFs/MiscPDFs/FAQ_OCS_050517_1017.pdf | https://cleartax.in/c/pf-withdrawal-online | https://www.bajajfinserv.in/investments/epf-or-pf-withdrawal-rules,Compiled from source records. EPFO does not publish a numbered rejection-code list; portal remarks are the operative text.
epfo-rr-078-a03,epfo-rr-078,PAN missing or Form 15G/15H issues causing TDS problems on taxable (service < 5 years) Form 19,Form 15G not considered,alias_or_portal_remark,Compliance_Legal,medium,medium,https://www.epfindia.gov.in/site_docs/PDFs/MiscPDFs/FAQ_OCS_050517_1017.pdf | https://cleartax.in/c/pf-withdrawal-online | https://www.bajajfinserv.in/investments/epf-or-pf-withdrawal-rules,Compiled from source records. EPFO does not publish a numbered rejection-code list; portal remarks are the operative text.
epfo-rr-078-a04,epfo-rr-078,PAN missing or Form 15G/15H issues causing TDS problems on taxable (service < 5 years) Form 19,Taxable withdrawal,alias_or_portal_remark,Compliance_Legal,medium,medium,https://www.epfindia.gov.in/site_docs/PDFs/MiscPDFs/FAQ_OCS_050517_1017.pdf | https://cleartax.in/c/pf-withdrawal-online | https://www.bajajfinserv.in/investments/epf-or-pf-withdrawal-rules,Compiled from source records. EPFO does not publish a numbered rejection-code list; portal remarks are the operative text.
epfo-rr-078-official,epfo-rr-078,PAN missing or Form 15G/15H issues causing TDS problems on taxable (service < 5 years) Form 19,"OCS FAQ requires PAN seeding for Form 19 if service < 5 years. ClearTax: if service < 5 years and amount above threshold, TDS (commonly described as 10% with PAN, much higher without). Form 15G/15H may be used when income is below taxable limit. This may not always appear as 'Rejected' — it can appear as a reduced credit — but missing PAN can also block the claim (epfo-rr-006).",official_or_commonly_seen_status,Compliance_Legal,medium,medium,https://www.epfindia.gov.in/site_docs/PDFs/MiscPDFs/FAQ_OCS_050517_1017.pdf | https://cleartax.in/c/pf-withdrawal-online | https://www.bajajfinserv.in/investments/epf-or-pf-withdrawal-rules,"TDS rates change with Finance Acts. Educational only, not tax advice. 5-year continuity including transferred accounts is the usual IT explanation."
epfo-rr-079-a01,epfo-rr-079,Vague portal remark such as 'Verification pending' or 'Contact employer' without a specific defect,Verification pending,alias_or_portal_remark,Other,medium,medium,https://righttoinformation.wiki/pf-withdrawal-claim-rejected-without-reason-epfo-india | https://epfigms.gov.in/ | https://righttoinformation.wiki/epfo-claim-rejected-pending-uan-kyc-complaint-india | https://www.outlookmoney.com/retirement/pension/epf-claim-settlement-why-epfo-rejects-the-claims-and-what-subscribers-can-do,Compiled from source records. EPFO does not publish a numbered rejection-code list; portal remarks are the operative text.
epfo-rr-079-a02,epfo-rr-079,Vague portal remark such as 'Verification pending' or 'Contact employer' without a specific defect,Contact employer,alias_or_portal_remark,Other,medium,medium,https://righttoinformation.wiki/pf-withdrawal-claim-rejected-without-reason-epfo-india | https://epfigms.gov.in/ | https://righttoinformation.wiki/epfo-claim-rejected-pending-uan-kyc-complaint-india | https://www.outlookmoney.com/retirement/pension/epf-claim-settlement-why-epfo-rejects-the-claims-and-what-subscribers-can-do,Compiled from source records. EPFO does not publish a numbered rejection-code list; portal remarks are the operative text.
epfo-rr-079-a03,epfo-rr-079,Vague portal remark such as 'Verification pending' or 'Contact employer' without a specific defect,Discrepancies found,alias_or_portal_remark,Other,medium,medium,https://righttoinformation.wiki/pf-withdrawal-claim-rejected-without-reason-epfo-india | https://epfigms.gov.in/ | https://righttoinformation.wiki/epfo-claim-rejected-pending-uan-kyc-complaint-india | https://www.outlookmoney.com/retirement/pension/epf-claim-settlement-why-epfo-rejects-the-claims-and-what-subscribers-can-do,Compiled from source records. EPFO does not publish a numbered rejection-code list; portal remarks are the operative text.
epfo-rr-079-a04,epfo-rr-079,Vague portal remark such as 'Verification pending' or 'Contact employer' without a specific defect,Rejected without reason,alias_or_portal_remark,Other,medium,medium,https://righttoinformation.wiki/pf-withdrawal-claim-rejected-without-reason-epfo-india | https://epfigms.gov.in/ | https://righttoinformation.wiki/epfo-claim-rejected-pending-uan-kyc-complaint-india | https://www.outlookmoney.com/retirement/pension/epf-claim-settlement-why-epfo-rejects-the-claims-and-what-subscribers-can-do,Compiled from source records. EPFO does not publish a numbered rejection-code list; portal remarks are the operative text.
epfo-rr-079-a05,epfo-rr-079,Vague portal remark such as 'Verification pending' or 'Contact employer' without a specific defect,Verification pending vague remark,alias_or_portal_remark,Other,medium,medium,https://righttoinformation.wiki/pf-withdrawal-claim-rejected-without-reason-epfo-india | https://epfigms.gov.in/ | https://righttoinformation.wiki/epfo-claim-rejected-pending-uan-kyc-complaint-india | https://www.outlookmoney.com/retirement/pension/epf-claim-settlement-why-epfo-rejects-the-claims-and-what-subscribers-can-do,Compiled from source records. EPFO does not publish a numbered rejection-code list; portal remarks are the operative text.
epfo-rr-079-a06,epfo-rr-079,Vague portal remark such as 'Verification pending' or 'Contact employer' without a specific defect,Contact employer without defect named,alias_or_portal_remark,Other,medium,medium,https://righttoinformation.wiki/pf-withdrawal-claim-rejected-without-reason-epfo-india | https://epfigms.gov.in/ | https://righttoinformation.wiki/epfo-claim-rejected-pending-uan-kyc-complaint-india | https://www.outlookmoney.com/retirement/pension/epf-claim-settlement-why-epfo-rejects-the-claims-and-what-subscribers-can-do,Compiled from source records. EPFO does not publish a numbered rejection-code list; portal remarks are the operative text.
epfo-rr-079-a07,epfo-rr-079,Vague portal remark such as 'Verification pending' or 'Contact employer' without a specific defect,Discrepancies found please contact RO,alias_or_portal_remark,Other,medium,medium,https://righttoinformation.wiki/pf-withdrawal-claim-rejected-without-reason-epfo-india | https://epfigms.gov.in/ | https://righttoinformation.wiki/epfo-claim-rejected-pending-uan-kyc-complaint-india | https://www.outlookmoney.com/retirement/pension/epf-claim-settlement-why-epfo-rejects-the-claims-and-what-subscribers-can-do,Compiled from source records. EPFO does not publish a numbered rejection-code list; portal remarks are the operative text.
epfo-rr-079-a08,epfo-rr-079,Vague portal remark such as 'Verification pending' or 'Contact employer' without a specific defect,SMS: Claim under process contact office,alias_or_portal_remark,Other,medium,medium,https://righttoinformation.wiki/pf-withdrawal-claim-rejected-without-reason-epfo-india | https://epfigms.gov.in/ | https://righttoinformation.wiki/epfo-claim-rejected-pending-uan-kyc-complaint-india | https://www.outlookmoney.com/retirement/pension/epf-claim-settlement-why-epfo-rejects-the-claims-and-what-subscribers-can-do,Compiled from source records. EPFO does not publish a numbered rejection-code list; portal remarks are the operative text.
epfo-rr-079-official,epfo-rr-079,Vague portal remark such as 'Verification pending' or 'Contact employer' without a specific defect,"Citizen-facing articles document opaque remarks. Citizen Charter (as reported) targets settlement of complete claims in 20 days. EPFiGMS and RTI can force a written reason. This is not a legal ground of rejection; it is a communication failure that hides a real ground (KYC, DOE, overlap, inoperative flag, etc.).",official_or_commonly_seen_status,Other,medium,medium,https://righttoinformation.wiki/pf-withdrawal-claim-rejected-without-reason-epfo-india | https://epfigms.gov.in/ | https://righttoinformation.wiki/epfo-claim-rejected-pending-uan-kyc-complaint-india | https://www.outlookmoney.com/retirement/pension/epf-claim-settlement-why-epfo-rejects-the-claims-and-what-subscribers-can-do,"20-day charter is widely cited; confirm current Citizen Charter on epfindia. RTI is lawful process, not a 'hack'."
epfo-rr-080-a01,epfo-rr-080,"Establishment code, Regional Office mapping, or exempted-office jurisdiction mismatch",Wrong PF office,alias_or_portal_remark,Other,low,medium,https://www.epfindia.gov.in/site_en/WhichClaimForm.php?id=in_sm | https://epfindia.gov.in/site_docs/PDFs/Downloads_PDFs/Form19_instructions_Eng.pdf | https://www.epfindia.gov.in | https://www.epfindia.gov.in/site_docs/PDFs/Downloads_PDFs/Form5IF_Instructions_Eng.pdf,Compiled from source records. EPFO does not publish a numbered rejection-code list; portal remarks are the operative text.
epfo-rr-080-a02,epfo-rr-080,"Establishment code, Regional Office mapping, or exempted-office jurisdiction mismatch",Establishment mapping error,alias_or_portal_remark,Other,low,medium,https://www.epfindia.gov.in/site_en/WhichClaimForm.php?id=in_sm | https://epfindia.gov.in/site_docs/PDFs/Downloads_PDFs/Form19_instructions_Eng.pdf | https://www.epfindia.gov.in | https://www.epfindia.gov.in/site_docs/PDFs/Downloads_PDFs/Form5IF_Instructions_Eng.pdf,Compiled from source records. EPFO does not publish a numbered rejection-code list; portal remarks are the operative text.
epfo-rr-080-a03,epfo-rr-080,"Establishment code, Regional Office mapping, or exempted-office jurisdiction mismatch",Jurisdictional mismatch,alias_or_portal_remark,Other,low,medium,https://www.epfindia.gov.in/site_en/WhichClaimForm.php?id=in_sm | https://epfindia.gov.in/site_docs/PDFs/Downloads_PDFs/Form19_instructions_Eng.pdf | https://www.epfindia.gov.in | https://www.epfindia.gov.in/site_docs/PDFs/Downloads_PDFs/Form5IF_Instructions_Eng.pdf,Compiled from source records. EPFO does not publish a numbered rejection-code list; portal remarks are the operative text.
epfo-rr-080-a04,epfo-rr-080,"Establishment code, Regional Office mapping, or exempted-office jurisdiction mismatch",Claim sent to wrong office,alias_or_portal_remark,Other,low,medium,https://www.epfindia.gov.in/site_en/WhichClaimForm.php?id=in_sm | https://epfindia.gov.in/site_docs/PDFs/Downloads_PDFs/Form19_instructions_Eng.pdf | https://www.epfindia.gov.in | https://www.epfindia.gov.in/site_docs/PDFs/Downloads_PDFs/Form5IF_Instructions_Eng.pdf,Compiled from source records. EPFO does not publish a numbered rejection-code list; portal remarks are the operative text.
epfo-rr-080-a05,epfo-rr-080,"Establishment code, Regional Office mapping, or exempted-office jurisdiction mismatch",Wrong Regional Office jurisdiction,alias_or_portal_remark,Other,low,medium,https://www.epfindia.gov.in/site_en/WhichClaimForm.php?id=in_sm | https://epfindia.gov.in/site_docs/PDFs/Downloads_PDFs/Form19_instructions_Eng.pdf | https://www.epfindia.gov.in | https://www.epfindia.gov.in/site_docs/PDFs/Downloads_PDFs/Form5IF_Instructions_Eng.pdf,Compiled from source records. EPFO does not publish a numbered rejection-code list; portal remarks are the operative text.
epfo-rr-080-a06,epfo-rr-080,"Establishment code, Regional Office mapping, or exempted-office jurisdiction mismatch",Establishment code mapped to wrong RO,alias_or_portal_remark,Other,low,medium,https://www.epfindia.gov.in/site_en/WhichClaimForm.php?id=in_sm | https://epfindia.gov.in/site_docs/PDFs/Downloads_PDFs/Form19_instructions_Eng.pdf | https://www.epfindia.gov.in | https://www.epfindia.gov.in/site_docs/PDFs/Downloads_PDFs/Form5IF_Instructions_Eng.pdf,Compiled from source records. EPFO does not publish a numbered rejection-code list; portal remarks are the operative text.
epfo-rr-080-a07,epfo-rr-080,"Establishment code, Regional Office mapping, or exempted-office jurisdiction mismatch",File at correct PF office,alias_or_portal_remark,Other,low,medium,https://www.epfindia.gov.in/site_en/WhichClaimForm.php?id=in_sm | https://epfindia.gov.in/site_docs/PDFs/Downloads_PDFs/Form19_instructions_Eng.pdf | https://www.epfindia.gov.in | https://www.epfindia.gov.in/site_docs/PDFs/Downloads_PDFs/Form5IF_Instructions_Eng.pdf,Compiled from source records. EPFO does not publish a numbered rejection-code list; portal remarks are the operative text.
epfo-rr-080-official,epfo-rr-080,"Establishment code, Regional Office mapping, or exempted-office jurisdiction mismatch","Claims are processed by the office that holds the member ID. Wrong office mapping, establishment code errors, or claiming at a city office that is not the jurisdictional RO causes return. Which-Claim-Form and physical instructions say submit to the office where the account is maintained.",official_or_commonly_seen_status,Other,low,medium,https://www.epfindia.gov.in/site_en/WhichClaimForm.php?id=in_sm | https://epfindia.gov.in/site_docs/PDFs/Downloads_PDFs/Form19_instructions_Eng.pdf | https://www.epfindia.gov.in | https://www.epfindia.gov.in/site_docs/PDFs/Downloads_PDFs/Form5IF_Instructions_Eng.pdf,Operational jurisdiction issue; no unique published code.
epfo-rr-081-a01,epfo-rr-081,"Form 10D descriptive roll, joint photographs, or family identification documents missing",Descriptive roll missing,alias_or_portal_remark,Other,medium,medium,https://kustodian.life/resources/epf-form-10d-the-2026-guide-to-claiming-your-monthly-pension | https://www.epfindia.gov.in/site_en/WhichClaimForm.php?id=in_sm | https://www.epfindia.gov.in/site_docs/PDFs/Downloads_PDFs/Form10D.pdf | https://www.financialexpress.com/money/epfo-pension-rules-settlement-in-20-days-but-heres-why-many-eps-claims-still-get-rejected-4168274/,Compiled from source records. EPFO does not publish a numbered rejection-code list; portal remarks are the operative text.
epfo-rr-081-a02,epfo-rr-081,"Form 10D descriptive roll, joint photographs, or family identification documents missing",Joint photos not attached,alias_or_portal_remark,Other,medium,medium,https://kustodian.life/resources/epf-form-10d-the-2026-guide-to-claiming-your-monthly-pension | https://www.epfindia.gov.in/site_en/WhichClaimForm.php?id=in_sm | https://www.epfindia.gov.in/site_docs/PDFs/Downloads_PDFs/Form10D.pdf | https://www.financialexpress.com/money/epfo-pension-rules-settlement-in-20-days-but-heres-why-many-eps-claims-still-get-rejected-4168274/,Compiled from source records. EPFO does not publish a numbered rejection-code list; portal remarks are the operative text.
epfo-rr-081-a03,epfo-rr-081,"Form 10D descriptive roll, joint photographs, or family identification documents missing",Passport photos of family missing,alias_or_portal_remark,Other,medium,medium,https://kustodian.life/resources/epf-form-10d-the-2026-guide-to-claiming-your-monthly-pension | https://www.epfindia.gov.in/site_en/WhichClaimForm.php?id=in_sm | https://www.epfindia.gov.in/site_docs/PDFs/Downloads_PDFs/Form10D.pdf | https://www.financialexpress.com/money/epfo-pension-rules-settlement-in-20-days-but-heres-why-many-eps-claims-still-get-rejected-4168274/,Compiled from source records. EPFO does not publish a numbered rejection-code list; portal remarks are the operative text.
epfo-rr-081-a04,epfo-rr-081,"Form 10D descriptive roll, joint photographs, or family identification documents missing",Form 10D offline documents,alias_or_portal_remark,Other,medium,medium,https://kustodian.life/resources/epf-form-10d-the-2026-guide-to-claiming-your-monthly-pension | https://www.epfindia.gov.in/site_en/WhichClaimForm.php?id=in_sm | https://www.epfindia.gov.in/site_docs/PDFs/Downloads_PDFs/Form10D.pdf | https://www.financialexpress.com/money/epfo-pension-rules-settlement-in-20-days-but-heres-why-many-eps-claims-still-get-rejected-4168274/,Compiled from source records. EPFO does not publish a numbered rejection-code list; portal remarks are the operative text.
epfo-rr-081-official,epfo-rr-081,"Form 10D descriptive roll, joint photographs, or family identification documents missing","Form 10D offline/death path commonly requires a descriptive roll, joint member-spouse photos, family photos/signatures, and children's DOB proofs. Kustodian 10D guide lists these as standard offline attachments. Online 10D with clean KYC may skip some scans; death/offline cases still fail without them.",official_or_commonly_seen_status,Other,medium,medium,https://kustodian.life/resources/epf-form-10d-the-2026-guide-to-claiming-your-monthly-pension | https://www.epfindia.gov.in/site_en/WhichClaimForm.php?id=in_sm | https://www.epfindia.gov.in/site_docs/PDFs/Downloads_PDFs/Form10D.pdf | https://www.financialexpress.com/money/epfo-pension-rules-settlement-in-20-days-but-heres-why-many-eps-claims-still-get-rejected-4168274/,Photo/descriptive-roll practice is longstanding for EPS; exact current online vs offline split should be checked on the live form PDF.
epfo-rr-082-a01,epfo-rr-082,Form 31 housing purchase/construction/plot advance ineligible or ownership/service not met,Housing advance rejected,alias_or_portal_remark,Eligibility_Service,high,high,https://cleartax.in/s/epf-form-31 | https://www.axismaxlife.com/blog/retirement-planning/epf-withdrawal-form-31 | https://taxguru.in/corporate-law/epfos-pf-withdrawal-rules-claims-rejected.html | https://knowmoney.in/blog/epfo-3-withdrawal-rules-india-2026 | https://www.epfindia.gov.in/site_docs/PDFs/Circulars/Y2016-2017/Composite_Claim_Forms_31792.pdf | https://www.epfindia.gov.in/site_docs/PDFs/MiscPDFs/FAQ_OCS_050517_1017.pdf,Compiled from source records. EPFO does not publish a numbered rejection-code list; portal remarks are the operative text.
epfo-rr-082-a02,epfo-rr-082,Form 31 housing purchase/construction/plot advance ineligible or ownership/service not met,Not eligible for house construction,alias_or_portal_remark,Eligibility_Service,high,high,https://cleartax.in/s/epf-form-31 | https://www.axismaxlife.com/blog/retirement-planning/epf-withdrawal-form-31 | https://taxguru.in/corporate-law/epfos-pf-withdrawal-rules-claims-rejected.html | https://knowmoney.in/blog/epfo-3-withdrawal-rules-india-2026 | https://www.epfindia.gov.in/site_docs/PDFs/Circulars/Y2016-2017/Composite_Claim_Forms_31792.pdf | https://www.epfindia.gov.in/site_docs/PDFs/MiscPDFs/FAQ_OCS_050517_1017.pdf,Compiled from source records. EPFO does not publish a numbered rejection-code list; portal remarks are the operative text.
epfo-rr-082-a03,epfo-rr-082,Form 31 housing purchase/construction/plot advance ineligible or ownership/service not met,Plot purchase Form 31 rejected,alias_or_portal_remark,Eligibility_Service,high,high,https://cleartax.in/s/epf-form-31 | https://www.axismaxlife.com/blog/retirement-planning/epf-withdrawal-form-31 | https://taxguru.in/corporate-law/epfos-pf-withdrawal-rules-claims-rejected.html | https://knowmoney.in/blog/epfo-3-withdrawal-rules-india-2026 | https://www.epfindia.gov.in/site_docs/PDFs/Circulars/Y2016-2017/Composite_Claim_Forms_31792.pdf | https://www.epfindia.gov.in/site_docs/PDFs/MiscPDFs/FAQ_OCS_050517_1017.pdf,Compiled from source records. EPFO does not publish a numbered rejection-code list; portal remarks are the operative text.
epfo-rr-082-a04,epfo-rr-082,Form 31 housing purchase/construction/plot advance ineligible or ownership/service not met,Insufficient service for housing withdrawal,alias_or_portal_remark,Eligibility_Service,high,high,https://cleartax.in/s/epf-form-31 | https://www.axismaxlife.com/blog/retirement-planning/epf-withdrawal-form-31 | https://taxguru.in/corporate-law/epfos-pf-withdrawal-rules-claims-rejected.html | https://knowmoney.in/blog/epfo-3-withdrawal-rules-india-2026 | https://www.epfindia.gov.in/site_docs/PDFs/Circulars/Y2016-2017/Composite_Claim_Forms_31792.pdf | https://www.epfindia.gov.in/site_docs/PDFs/MiscPDFs/FAQ_OCS_050517_1017.pdf,Compiled from source records. EPFO does not publish a numbered rejection-code list; portal remarks are the operative text.
epfo-rr-082-a05,epfo-rr-082,Form 31 housing purchase/construction/plot advance ineligible or ownership/service not met,House/flat purchase purpose not allowed,alias_or_portal_remark,Eligibility_Service,high,high,https://cleartax.in/s/epf-form-31 | https://www.axismaxlife.com/blog/retirement-planning/epf-withdrawal-form-31 | https://taxguru.in/corporate-law/epfos-pf-withdrawal-rules-claims-rejected.html | https://knowmoney.in/blog/epfo-3-withdrawal-rules-india-2026 | https://www.epfindia.gov.in/site_docs/PDFs/Circulars/Y2016-2017/Composite_Claim_Forms_31792.pdf | https://www.epfindia.gov.in/site_docs/PDFs/MiscPDFs/FAQ_OCS_050517_1017.pdf,Compiled from source records. EPFO does not publish a numbered rejection-code list; portal remarks are the operative text.
epfo-rr-082-official,epfo-rr-082,Form 31 housing purchase/construction/plot advance ineligible or ownership/service not met,"ClearTax/Axis Max Form-31 guides: housing (land/plot/house/flat purchase or construction) historically required about 5 years membership; property in member, spouse, or joint names; amount capped (e.g. 24x wages for site, 36x for house, or balance/cost whichever least). TaxGuru/KnowMoney 2025-26 reporting places Housing Needs under revised ~12-month membership and 25% retention — live portal controls. Composite Claim Forms circular allowed self-certification without utilization certificates for many housing advances.",official_or_commonly_seen_status,Eligibility_Service,high,high,https://cleartax.in/s/epf-form-31 | https://www.axismaxlife.com/blog/retirement-planning/epf-withdrawal-form-31 | https://taxguru.in/corporate-law/epfos-pf-withdrawal-rules-claims-rejected.html | https://knowmoney.in/blog/epfo-3-withdrawal-rules-india-2026 | https://www.epfindia.gov.in/site_docs/PDFs/Circulars/Y2016-2017/Composite_Claim_Forms_31792.pdf | https://www.epfindia.gov.in/site_docs/PDFs/MiscPDFs/FAQ_OCS_050517_1017.pdf,Historical 5-year vs 2026 12-month: medium confidence on 2026 details; portal wins.
epfo-rr-083-a01,epfo-rr-083,Form 31 housing loan repayment advance rejected (agency certificate / tenure / amount),Home loan repayment Form 31 rejected,alias_or_portal_remark,Eligibility_Service,high,high,https://cleartax.in/s/epf-form-31 | https://www.axismaxlife.com/blog/retirement-planning/epf-withdrawal-form-31 | https://labourlawadvisor.in/blog/wp-content/uploads/2019/08/PF-Advance-Rules.pdf | https://www.indiafilings.com/learn/epf-form-31 | https://www.epfindia.gov.in/site_docs/PDFs/Circulars/Y2016-2017/Composite_Claim_Forms_31792.pdf,Compiled from source records. EPFO does not publish a numbered rejection-code list; portal remarks are the operative text.
epfo-rr-083-a02,epfo-rr-083,Form 31 housing loan repayment advance rejected (agency certificate / tenure / amount),Housing loan outstanding certificate missing,alias_or_portal_remark,Eligibility_Service,high,high,https://cleartax.in/s/epf-form-31 | https://www.axismaxlife.com/blog/retirement-planning/epf-withdrawal-form-31 | https://labourlawadvisor.in/blog/wp-content/uploads/2019/08/PF-Advance-Rules.pdf | https://www.indiafilings.com/learn/epf-form-31 | https://www.epfindia.gov.in/site_docs/PDFs/Circulars/Y2016-2017/Composite_Claim_Forms_31792.pdf,Compiled from source records. EPFO does not publish a numbered rejection-code list; portal remarks are the operative text.
epfo-rr-083-a03,epfo-rr-083,Form 31 housing loan repayment advance rejected (agency certificate / tenure / amount),Loan repayment advance not eligible,alias_or_portal_remark,Eligibility_Service,high,high,https://cleartax.in/s/epf-form-31 | https://www.axismaxlife.com/blog/retirement-planning/epf-withdrawal-form-31 | https://labourlawadvisor.in/blog/wp-content/uploads/2019/08/PF-Advance-Rules.pdf | https://www.indiafilings.com/learn/epf-form-31 | https://www.epfindia.gov.in/site_docs/PDFs/Circulars/Y2016-2017/Composite_Claim_Forms_31792.pdf,Compiled from source records. EPFO does not publish a numbered rejection-code list; portal remarks are the operative text.
epfo-rr-083-a04,epfo-rr-083,Form 31 housing loan repayment advance rejected (agency certificate / tenure / amount),EMI repayment from PF rejected,alias_or_portal_remark,Eligibility_Service,high,high,https://cleartax.in/s/epf-form-31 | https://www.axismaxlife.com/blog/retirement-planning/epf-withdrawal-form-31 | https://labourlawadvisor.in/blog/wp-content/uploads/2019/08/PF-Advance-Rules.pdf | https://www.indiafilings.com/learn/epf-form-31 | https://www.epfindia.gov.in/site_docs/PDFs/Circulars/Y2016-2017/Composite_Claim_Forms_31792.pdf,Compiled from source records. EPFO does not publish a numbered rejection-code list; portal remarks are the operative text.
epfo-rr-083-official,epfo-rr-083,Form 31 housing loan repayment advance rejected (agency certificate / tenure / amount),"ClearTax Form 31: loan repayment historically ~10 years membership; amount least of 36x wages+DA, EPF balance, or outstanding principal+interest; agency certificate. Axis Max and labour-law Form 31 PDF repeat agency certificate. Online self-cert may replace paper for some housing heads per CCF circular; RO may still query.",official_or_commonly_seen_status,Eligibility_Service,high,high,https://cleartax.in/s/epf-form-31 | https://www.axismaxlife.com/blog/retirement-planning/epf-withdrawal-form-31 | https://labourlawadvisor.in/blog/wp-content/uploads/2019/08/PF-Advance-Rules.pdf | https://www.indiafilings.com/learn/epf-form-31 | https://www.epfindia.gov.in/site_docs/PDFs/Circulars/Y2016-2017/Composite_Claim_Forms_31792.pdf,Tenure figures vary by scheme edition; cite portal.
epfo-rr-084-a01,epfo-rr-084,Form 31 home renovation/alteration/improvement advance rejected,House renovation Form 31 rejected,alias_or_portal_remark,Eligibility_Service,medium,high,https://cleartax.in/s/epf-form-31 | https://labourlawadvisor.in/blog/wp-content/uploads/2019/08/PF-Advance-Rules.pdf | https://www.axismaxlife.com/blog/retirement-planning/epf-withdrawal-form-31 | https://www.epfindia.gov.in/site_docs/PDFs/Circulars/Y2016-2017/Composite_Claim_Forms_31792.pdf,Compiled from source records. EPFO does not publish a numbered rejection-code list; portal remarks are the operative text.
epfo-rr-084-a02,epfo-rr-084,Form 31 home renovation/alteration/improvement advance rejected,Addition alteration advance not allowed,alias_or_portal_remark,Eligibility_Service,medium,high,https://cleartax.in/s/epf-form-31 | https://labourlawadvisor.in/blog/wp-content/uploads/2019/08/PF-Advance-Rules.pdf | https://www.axismaxlife.com/blog/retirement-planning/epf-withdrawal-form-31 | https://www.epfindia.gov.in/site_docs/PDFs/Circulars/Y2016-2017/Composite_Claim_Forms_31792.pdf,Compiled from source records. EPFO does not publish a numbered rejection-code list; portal remarks are the operative text.
epfo-rr-084-a03,epfo-rr-084,Form 31 home renovation/alteration/improvement advance rejected,Repair of dwelling house rejected,alias_or_portal_remark,Eligibility_Service,medium,high,https://cleartax.in/s/epf-form-31 | https://labourlawadvisor.in/blog/wp-content/uploads/2019/08/PF-Advance-Rules.pdf | https://www.axismaxlife.com/blog/retirement-planning/epf-withdrawal-form-31 | https://www.epfindia.gov.in/site_docs/PDFs/Circulars/Y2016-2017/Composite_Claim_Forms_31792.pdf,Compiled from source records. EPFO does not publish a numbered rejection-code list; portal remarks are the operative text.
epfo-rr-084-a04,epfo-rr-084,Form 31 home renovation/alteration/improvement advance rejected,Improvement of house PF advance,alias_or_portal_remark,Eligibility_Service,medium,high,https://cleartax.in/s/epf-form-31 | https://labourlawadvisor.in/blog/wp-content/uploads/2019/08/PF-Advance-Rules.pdf | https://www.axismaxlife.com/blog/retirement-planning/epf-withdrawal-form-31 | https://www.epfindia.gov.in/site_docs/PDFs/Circulars/Y2016-2017/Composite_Claim_Forms_31792.pdf,Compiled from source records. EPFO does not publish a numbered rejection-code list; portal remarks are the operative text.
epfo-rr-084-official,epfo-rr-084,Form 31 home renovation/alteration/improvement advance rejected,"ClearTax/Form 31 guides: addition/alteration/improvement historically after house completion with caps around 12x wages or employee share/cost, and limits on frequency. Property must be member/spouse/joint. CCF circular dispensed with utilization certificates for several housing heads when self-certifying.",official_or_commonly_seen_status,Eligibility_Service,medium,high,https://cleartax.in/s/epf-form-31 | https://labourlawadvisor.in/blog/wp-content/uploads/2019/08/PF-Advance-Rules.pdf | https://www.axismaxlife.com/blog/retirement-planning/epf-withdrawal-form-31 | https://www.epfindia.gov.in/site_docs/PDFs/Circulars/Y2016-2017/Composite_Claim_Forms_31792.pdf,
epfo-rr-085-a01,epfo-rr-085,"Form 31 marriage advance ineligible (service, relationship, frequency, or amount)",Marriage advance rejected,alias_or_portal_remark,Eligibility_Service,high,high,https://cleartax.in/s/epf-form-31 | https://www.axismaxlife.com/blog/retirement-planning/epf-withdrawal-form-31 | https://taxguru.in/corporate-law/epfos-pf-withdrawal-rules-claims-rejected.html | https://knowmoney.in/blog/epfo-3-withdrawal-rules-india-2026 | https://www.epfindia.gov.in/site_docs/PDFs/Circulars/Y2016-2017/Composite_Claim_Forms_31792.pdf | https://www.shriramlife.com/blog/advice/form-31-in-epfo,Compiled from source records. EPFO does not publish a numbered rejection-code list; portal remarks are the operative text.
epfo-rr-085-a02,epfo-rr-085,"Form 31 marriage advance ineligible (service, relationship, frequency, or amount)",Not eligible for marriage withdrawal,alias_or_portal_remark,Eligibility_Service,high,high,https://cleartax.in/s/epf-form-31 | https://www.axismaxlife.com/blog/retirement-planning/epf-withdrawal-form-31 | https://taxguru.in/corporate-law/epfos-pf-withdrawal-rules-claims-rejected.html | https://knowmoney.in/blog/epfo-3-withdrawal-rules-india-2026 | https://www.epfindia.gov.in/site_docs/PDFs/Circulars/Y2016-2017/Composite_Claim_Forms_31792.pdf | https://www.shriramlife.com/blog/advice/form-31-in-epfo,Compiled from source records. EPFO does not publish a numbered rejection-code list; portal remarks are the operative text.
epfo-rr-085-a03,epfo-rr-085,"Form 31 marriage advance ineligible (service, relationship, frequency, or amount)",Sister/daughter marriage Form 31 rejected,alias_or_portal_remark,Eligibility_Service,high,high,https://cleartax.in/s/epf-form-31 | https://www.axismaxlife.com/blog/retirement-planning/epf-withdrawal-form-31 | https://taxguru.in/corporate-law/epfos-pf-withdrawal-rules-claims-rejected.html | https://knowmoney.in/blog/epfo-3-withdrawal-rules-india-2026 | https://www.epfindia.gov.in/site_docs/PDFs/Circulars/Y2016-2017/Composite_Claim_Forms_31792.pdf | https://www.shriramlife.com/blog/advice/form-31-in-epfo,Compiled from source records. EPFO does not publish a numbered rejection-code list; portal remarks are the operative text.
epfo-rr-085-a04,epfo-rr-085,"Form 31 marriage advance ineligible (service, relationship, frequency, or amount)",Marriage purpose claim limit exceeded,alias_or_portal_remark,Eligibility_Service,high,high,https://cleartax.in/s/epf-form-31 | https://www.axismaxlife.com/blog/retirement-planning/epf-withdrawal-form-31 | https://taxguru.in/corporate-law/epfos-pf-withdrawal-rules-claims-rejected.html | https://knowmoney.in/blog/epfo-3-withdrawal-rules-india-2026 | https://www.epfindia.gov.in/site_docs/PDFs/Circulars/Y2016-2017/Composite_Claim_Forms_31792.pdf | https://www.shriramlife.com/blog/advice/form-31-in-epfo,Compiled from source records. EPFO does not publish a numbered rejection-code list; portal remarks are the operative text.
epfo-rr-085-official,epfo-rr-085,"Form 31 marriage advance ineligible (service, relationship, frequency, or amount)","ClearTax/Axis Max: marriage of self/son/daughter/brother/sister; historically ~7 years membership and up to 50% employee share; limited times. TaxGuru/KnowMoney: after Oct 2025 CBT, marriage withdrawals reported up to 5 times under Essential Needs with ~12 months service. CCF circular: no marriage card required; self-certification suffices for online/CCF Aadhaar paths.",official_or_commonly_seen_status,Eligibility_Service,high,high,https://cleartax.in/s/epf-form-31 | https://www.axismaxlife.com/blog/retirement-planning/epf-withdrawal-form-31 | https://taxguru.in/corporate-law/epfos-pf-withdrawal-rules-claims-rejected.html | https://knowmoney.in/blog/epfo-3-withdrawal-rules-india-2026 | https://www.epfindia.gov.in/site_docs/PDFs/Circulars/Y2016-2017/Composite_Claim_Forms_31792.pdf | https://www.shriramlife.com/blog/advice/form-31-in-epfo,Frequency 3 vs 5 and tenure 7y vs 12m: medium on 2026; portal wins.
epfo-rr-086-a01,epfo-rr-086,Form 31 education (post-matriculation) advance ineligible,Education advance rejected,alias_or_portal_remark,Eligibility_Service,high,high,https://cleartax.in/s/epf-form-31 | https://www.axismaxlife.com/blog/retirement-planning/epf-withdrawal-form-31 | https://knowmoney.in/blog/epfo-3-withdrawal-rules-india-2026 | https://taxguru.in/corporate-law/epfos-pf-withdrawal-rules-claims-rejected.html | https://www.epfindia.gov.in/site_docs/PDFs/Circulars/Y2016-2017/Composite_Claim_Forms_31792.pdf | https://labourlawadvisor.in/blog/wp-content/uploads/2019/08/PF-Advance-Rules.pdf,Compiled from source records. EPFO does not publish a numbered rejection-code list; portal remarks are the operative text.
epfo-rr-086-a02,epfo-rr-086,Form 31 education (post-matriculation) advance ineligible,Higher education Form 31 not eligible,alias_or_portal_remark,Eligibility_Service,high,high,https://cleartax.in/s/epf-form-31 | https://www.axismaxlife.com/blog/retirement-planning/epf-withdrawal-form-31 | https://knowmoney.in/blog/epfo-3-withdrawal-rules-india-2026 | https://taxguru.in/corporate-law/epfos-pf-withdrawal-rules-claims-rejected.html | https://www.epfindia.gov.in/site_docs/PDFs/Circulars/Y2016-2017/Composite_Claim_Forms_31792.pdf | https://labourlawadvisor.in/blog/wp-content/uploads/2019/08/PF-Advance-Rules.pdf,Compiled from source records. EPFO does not publish a numbered rejection-code list; portal remarks are the operative text.
epfo-rr-086-a03,epfo-rr-086,Form 31 education (post-matriculation) advance ineligible,Post matriculation education withdrawal rejected,alias_or_portal_remark,Eligibility_Service,high,high,https://cleartax.in/s/epf-form-31 | https://www.axismaxlife.com/blog/retirement-planning/epf-withdrawal-form-31 | https://knowmoney.in/blog/epfo-3-withdrawal-rules-india-2026 | https://taxguru.in/corporate-law/epfos-pf-withdrawal-rules-claims-rejected.html | https://www.epfindia.gov.in/site_docs/PDFs/Circulars/Y2016-2017/Composite_Claim_Forms_31792.pdf | https://labourlawadvisor.in/blog/wp-content/uploads/2019/08/PF-Advance-Rules.pdf,Compiled from source records. EPFO does not publish a numbered rejection-code list; portal remarks are the operative text.
epfo-rr-086-a04,epfo-rr-086,Form 31 education (post-matriculation) advance ineligible,Children education PF advance rejected,alias_or_portal_remark,Eligibility_Service,high,high,https://cleartax.in/s/epf-form-31 | https://www.axismaxlife.com/blog/retirement-planning/epf-withdrawal-form-31 | https://knowmoney.in/blog/epfo-3-withdrawal-rules-india-2026 | https://taxguru.in/corporate-law/epfos-pf-withdrawal-rules-claims-rejected.html | https://www.epfindia.gov.in/site_docs/PDFs/Circulars/Y2016-2017/Composite_Claim_Forms_31792.pdf | https://labourlawadvisor.in/blog/wp-content/uploads/2019/08/PF-Advance-Rules.pdf,Compiled from source records. EPFO does not publish a numbered rejection-code list; portal remarks are the operative text.
epfo-rr-086-official,epfo-rr-086,Form 31 education (post-matriculation) advance ineligible,"ClearTax/Axis Max: post-matriculation education of children (and in some explainers self); historically ~7 years membership, up to 50% employee share. KnowMoney/TaxGuru: education up to 10 times under Essential Needs with simplified service. CCF circular: no document required for education heads when self-certifying on CCF.",official_or_commonly_seen_status,Eligibility_Service,high,high,https://cleartax.in/s/epf-form-31 | https://www.axismaxlife.com/blog/retirement-planning/epf-withdrawal-form-31 | https://knowmoney.in/blog/epfo-3-withdrawal-rules-india-2026 | https://taxguru.in/corporate-law/epfos-pf-withdrawal-rules-claims-rejected.html | https://www.epfindia.gov.in/site_docs/PDFs/Circulars/Y2016-2017/Composite_Claim_Forms_31792.pdf | https://labourlawadvisor.in/blog/wp-content/uploads/2019/08/PF-Advance-Rules.pdf,
epfo-rr-087-a01,epfo-rr-087,Form 31 medical/illness treatment advance rejected (self or family),Medical advance rejected,alias_or_portal_remark,Eligibility_Service,high,high,https://cleartax.in/s/epf-form-31 | https://labourlawadvisor.in/blog/wp-content/uploads/2019/08/PF-Advance-Rules.pdf | https://www.axismaxlife.com/blog/retirement-planning/epf-withdrawal-form-31 | https://www.indiafilings.com/learn/epf-form-31 | https://www.epfindia.gov.in/site_docs/PDFs/MiscPDFs/FAQ_OCS_050517_1017.pdf,Compiled from source records. EPFO does not publish a numbered rejection-code list; portal remarks are the operative text.
epfo-rr-087-a02,epfo-rr-087,Form 31 medical/illness treatment advance rejected (self or family),Illness Form 31 not approved,alias_or_portal_remark,Eligibility_Service,high,high,https://cleartax.in/s/epf-form-31 | https://labourlawadvisor.in/blog/wp-content/uploads/2019/08/PF-Advance-Rules.pdf | https://www.axismaxlife.com/blog/retirement-planning/epf-withdrawal-form-31 | https://www.indiafilings.com/learn/epf-form-31 | https://www.epfindia.gov.in/site_docs/PDFs/MiscPDFs/FAQ_OCS_050517_1017.pdf,Compiled from source records. EPFO does not publish a numbered rejection-code list; portal remarks are the operative text.
epfo-rr-087-a03,epfo-rr-087,Form 31 medical/illness treatment advance rejected (self or family),Hospitalisation PF advance rejected,alias_or_portal_remark,Eligibility_Service,high,high,https://cleartax.in/s/epf-form-31 | https://labourlawadvisor.in/blog/wp-content/uploads/2019/08/PF-Advance-Rules.pdf | https://www.axismaxlife.com/blog/retirement-planning/epf-withdrawal-form-31 | https://www.indiafilings.com/learn/epf-form-31 | https://www.epfindia.gov.in/site_docs/PDFs/MiscPDFs/FAQ_OCS_050517_1017.pdf,Compiled from source records. EPFO does not publish a numbered rejection-code list; portal remarks are the operative text.
epfo-rr-087-a04,epfo-rr-087,Form 31 medical/illness treatment advance rejected (self or family),Treatment of family member advance rejected,alias_or_portal_remark,Eligibility_Service,high,high,https://cleartax.in/s/epf-form-31 | https://labourlawadvisor.in/blog/wp-content/uploads/2019/08/PF-Advance-Rules.pdf | https://www.axismaxlife.com/blog/retirement-planning/epf-withdrawal-form-31 | https://www.indiafilings.com/learn/epf-form-31 | https://www.epfindia.gov.in/site_docs/PDFs/MiscPDFs/FAQ_OCS_050517_1017.pdf,Compiled from source records. EPFO does not publish a numbered rejection-code list; portal remarks are the operative text.
epfo-rr-087-a05,epfo-rr-087,Form 31 medical/illness treatment advance rejected (self or family),Certificate C medical missing,alias_or_portal_remark,Eligibility_Service,high,high,https://cleartax.in/s/epf-form-31 | https://labourlawadvisor.in/blog/wp-content/uploads/2019/08/PF-Advance-Rules.pdf | https://www.axismaxlife.com/blog/retirement-planning/epf-withdrawal-form-31 | https://www.indiafilings.com/learn/epf-form-31 | https://www.epfindia.gov.in/site_docs/PDFs/MiscPDFs/FAQ_OCS_050517_1017.pdf,Compiled from source records. EPFO does not publish a numbered rejection-code list; portal remarks are the operative text.
epfo-rr-087-official,epfo-rr-087,Form 31 medical/illness treatment advance rejected (self or family),ClearTax/Axis Max/labour-law Form 31 guide: illness advance often has no minimum service; amount typically least of ~6 months basic+DA or employee share; employer and doctor certificates historically for offline; covers member and specified family. Online often accepts self-declaration; RO may seek medical proof for large amounts.,official_or_commonly_seen_status,Eligibility_Service,high,high,https://cleartax.in/s/epf-form-31 | https://labourlawadvisor.in/blog/wp-content/uploads/2019/08/PF-Advance-Rules.pdf | https://www.axismaxlife.com/blog/retirement-planning/epf-withdrawal-form-31 | https://www.indiafilings.com/learn/epf-form-31 | https://www.epfindia.gov.in/site_docs/PDFs/MiscPDFs/FAQ_OCS_050517_1017.pdf,
epfo-rr-088-a01,epfo-rr-088,Form 31 natural calamity / abnormal conditions advance rejected,Natural calamity advance rejected,alias_or_portal_remark,Eligibility_Service,medium,high,https://www.epfindia.gov.in/site_docs/PDFs/Updates/covid_faq_claim_04042020.pdf | https://cleartax.in/s/epf-form-31 | https://knowmoney.in/blog/epfo-3-withdrawal-rules-india-2026 | https://www.livemint.com/money/personal-finance/epfo-top-reasons-your-employees-provident-fund-settlement-claims-rejected-explained-epf-scheme-document-errors-mismatch-11783073513956.html | https://www.epfindia.gov.in/site_docs/PDFs/MiscPDFs/FAQ_OCS_050517_1017.pdf,Compiled from source records. EPFO does not publish a numbered rejection-code list; portal remarks are the operative text.
epfo-rr-088-a02,epfo-rr-088,Form 31 natural calamity / abnormal conditions advance rejected,Flood earthquake PF advance,alias_or_portal_remark,Eligibility_Service,medium,high,https://www.epfindia.gov.in/site_docs/PDFs/Updates/covid_faq_claim_04042020.pdf | https://cleartax.in/s/epf-form-31 | https://knowmoney.in/blog/epfo-3-withdrawal-rules-india-2026 | https://www.livemint.com/money/personal-finance/epfo-top-reasons-your-employees-provident-fund-settlement-claims-rejected-explained-epf-scheme-document-errors-mismatch-11783073513956.html | https://www.epfindia.gov.in/site_docs/PDFs/MiscPDFs/FAQ_OCS_050517_1017.pdf,Compiled from source records. EPFO does not publish a numbered rejection-code list; portal remarks are the operative text.
epfo-rr-088-a03,epfo-rr-088,Form 31 natural calamity / abnormal conditions advance rejected,Abnormal conditions Form 31 rejected,alias_or_portal_remark,Eligibility_Service,medium,high,https://www.epfindia.gov.in/site_docs/PDFs/Updates/covid_faq_claim_04042020.pdf | https://cleartax.in/s/epf-form-31 | https://knowmoney.in/blog/epfo-3-withdrawal-rules-india-2026 | https://www.livemint.com/money/personal-finance/epfo-top-reasons-your-employees-provident-fund-settlement-claims-rejected-explained-epf-scheme-document-errors-mismatch-11783073513956.html | https://www.epfindia.gov.in/site_docs/PDFs/MiscPDFs/FAQ_OCS_050517_1017.pdf,Compiled from source records. EPFO does not publish a numbered rejection-code list; portal remarks are the operative text.
epfo-rr-088-a04,epfo-rr-088,Form 31 natural calamity / abnormal conditions advance rejected,Calamity affected area advance not allowed,alias_or_portal_remark,Eligibility_Service,medium,high,https://www.epfindia.gov.in/site_docs/PDFs/Updates/covid_faq_claim_04042020.pdf | https://cleartax.in/s/epf-form-31 | https://knowmoney.in/blog/epfo-3-withdrawal-rules-india-2026 | https://www.livemint.com/money/personal-finance/epfo-top-reasons-your-employees-provident-fund-settlement-claims-rejected-explained-epf-scheme-document-errors-mismatch-11783073513956.html | https://www.epfindia.gov.in/site_docs/PDFs/MiscPDFs/FAQ_OCS_050517_1017.pdf,Compiled from source records. EPFO does not publish a numbered rejection-code list; portal remarks are the operative text.
epfo-rr-088-official,epfo-rr-088,Form 31 natural calamity / abnormal conditions advance rejected,EPFO COVID FAQ explicitly distinguishes natural-calamity purpose from pandemic purpose. Form 31 guides list advances when the member establishment/area is notified as calamity-affected. KnowMoney places calamity under Special Circumstances in 2026 explainers.,official_or_commonly_seen_status,Eligibility_Service,medium,high,https://www.epfindia.gov.in/site_docs/PDFs/Updates/covid_faq_claim_04042020.pdf | https://cleartax.in/s/epf-form-31 | https://knowmoney.in/blog/epfo-3-withdrawal-rules-india-2026 | https://www.livemint.com/money/personal-finance/epfo-top-reasons-your-employees-provident-fund-settlement-claims-rejected-explained-epf-scheme-document-errors-mismatch-11783073513956.html | https://www.epfindia.gov.in/site_docs/PDFs/MiscPDFs/FAQ_OCS_050517_1017.pdf,COVID FAQ is official on purpose distinction.
epfo-rr-089-a01,epfo-rr-089,Form 31 COVID-19 / pandemic outbreak advance rejected or wrongly substituted with calamity,Outbreak of pandemic COVID-19 advance rejected,alias_or_portal_remark,Eligibility_Service,medium,high,https://www.epfindia.gov.in/site_docs/PDFs/Updates/covid_faq_claim_04042020.pdf | https://cleartax.in/s/epf-form-31 | https://www.livemint.com/money/personal-finance/epfo-top-reasons-your-employees-provident-fund-settlement-claims-rejected-explained-epf-scheme-document-errors-mismatch-11783073513956.html | https://unifiedportal-mem.epfindia.gov.in/memberinterface/,Compiled from source records. EPFO does not publish a numbered rejection-code list; portal remarks are the operative text.
epfo-rr-089-a02,epfo-rr-089,Form 31 COVID-19 / pandemic outbreak advance rejected or wrongly substituted with calamity,COVID Form 31 rejected,alias_or_portal_remark,Eligibility_Service,medium,high,https://www.epfindia.gov.in/site_docs/PDFs/Updates/covid_faq_claim_04042020.pdf | https://cleartax.in/s/epf-form-31 | https://www.livemint.com/money/personal-finance/epfo-top-reasons-your-employees-provident-fund-settlement-claims-rejected-explained-epf-scheme-document-errors-mismatch-11783073513956.html | https://unifiedportal-mem.epfindia.gov.in/memberinterface/,Compiled from source records. EPFO does not publish a numbered rejection-code list; portal remarks are the operative text.
epfo-rr-089-a03,epfo-rr-089,Form 31 COVID-19 / pandemic outbreak advance rejected or wrongly substituted with calamity,Lockdown advance not processed,alias_or_portal_remark,Eligibility_Service,medium,high,https://www.epfindia.gov.in/site_docs/PDFs/Updates/covid_faq_claim_04042020.pdf | https://cleartax.in/s/epf-form-31 | https://www.livemint.com/money/personal-finance/epfo-top-reasons-your-employees-provident-fund-settlement-claims-rejected-explained-epf-scheme-document-errors-mismatch-11783073513956.html | https://unifiedportal-mem.epfindia.gov.in/memberinterface/,Compiled from source records. EPFO does not publish a numbered rejection-code list; portal remarks are the operative text.
epfo-rr-089-a04,epfo-rr-089,Form 31 COVID-19 / pandemic outbreak advance rejected or wrongly substituted with calamity,Applied natural calamity instead of COVID,alias_or_portal_remark,Eligibility_Service,medium,high,https://www.epfindia.gov.in/site_docs/PDFs/Updates/covid_faq_claim_04042020.pdf | https://cleartax.in/s/epf-form-31 | https://www.livemint.com/money/personal-finance/epfo-top-reasons-your-employees-provident-fund-settlement-claims-rejected-explained-epf-scheme-document-errors-mismatch-11783073513956.html | https://unifiedportal-mem.epfindia.gov.in/memberinterface/,Compiled from source records. EPFO does not publish a numbered rejection-code list; portal remarks are the operative text.
epfo-rr-089-official,epfo-rr-089,Form 31 COVID-19 / pandemic outbreak advance rejected or wrongly substituted with calamity,Official EPFO COVID FAQ (Apr 2020): select purpose Outbreak of pandemic (COVID-19) specifically; natural calamity is NOT treated as COVID advance; pending other Form 31 may block a fresh COVID claim until earlier claim is rejected.,official_or_commonly_seen_status,Eligibility_Service,medium,high,https://www.epfindia.gov.in/site_docs/PDFs/Updates/covid_faq_claim_04042020.pdf | https://cleartax.in/s/epf-form-31 | https://www.livemint.com/money/personal-finance/epfo-top-reasons-your-employees-provident-fund-settlement-claims-rejected-explained-epf-scheme-document-errors-mismatch-11783073513956.html | https://unifiedportal-mem.epfindia.gov.in/memberinterface/,"Historical special advance; high confidence on FAQ text, medium on current portal availability."
epfo-rr-090-a01,epfo-rr-090,Form 31 unemployment / non-contribution advance rejected (waiting period or still contributing),Unemployed for more than one month Form 31 rejected,alias_or_portal_remark,Eligibility_Service,critical,high,https://www.reddit.com/r/epfoindia/comments/1mdyhcm/epfo_claim_rejected_form_31/ | https://www.reddit.com/r/EPFO/comments/1smfaow/claim_got_rejected_saying_pf_and_eps_being/ | https://cleartax.in/s/epf-form-31 | https://www.livemint.com/money/personal-finance/epfo-top-reasons-your-employees-provident-fund-settlement-claims-rejected-explained-epf-scheme-document-errors-mismatch-11783073513956.html | https://pfbalancecheck.com/epfo-claim-rejected-reason/ | https://knowmoney.in/blog/epfo-3-withdrawal-rules-india-2026,Compiled from source records. EPFO does not publish a numbered rejection-code list; portal remarks are the operative text.
epfo-rr-090-a02,epfo-rr-090,Form 31 unemployment / non-contribution advance rejected (waiting period or still contributing),Continuous unemployment advance rejected,alias_or_portal_remark,Eligibility_Service,critical,high,https://www.reddit.com/r/epfoindia/comments/1mdyhcm/epfo_claim_rejected_form_31/ | https://www.reddit.com/r/EPFO/comments/1smfaow/claim_got_rejected_saying_pf_and_eps_being/ | https://cleartax.in/s/epf-form-31 | https://www.livemint.com/money/personal-finance/epfo-top-reasons-your-employees-provident-fund-settlement-claims-rejected-explained-epf-scheme-document-errors-mismatch-11783073513956.html | https://pfbalancecheck.com/epfo-claim-rejected-reason/ | https://knowmoney.in/blog/epfo-3-withdrawal-rules-india-2026,Compiled from source records. EPFO does not publish a numbered rejection-code list; portal remarks are the operative text.
epfo-rr-090-a03,epfo-rr-090,Form 31 unemployment / non-contribution advance rejected (waiting period or still contributing),Non receipt of contribution advance rejected,alias_or_portal_remark,Eligibility_Service,critical,high,https://www.reddit.com/r/epfoindia/comments/1mdyhcm/epfo_claim_rejected_form_31/ | https://www.reddit.com/r/EPFO/comments/1smfaow/claim_got_rejected_saying_pf_and_eps_being/ | https://cleartax.in/s/epf-form-31 | https://www.livemint.com/money/personal-finance/epfo-top-reasons-your-employees-provident-fund-settlement-claims-rejected-explained-epf-scheme-document-errors-mismatch-11783073513956.html | https://pfbalancecheck.com/epfo-claim-rejected-reason/ | https://knowmoney.in/blog/epfo-3-withdrawal-rules-india-2026,Compiled from source records. EPFO does not publish a numbered rejection-code list; portal remarks are the operative text.
epfo-rr-090-a04,epfo-rr-090,Form 31 unemployment / non-contribution advance rejected (waiting period or still contributing),Insufficient service unemployment Form 31,alias_or_portal_remark,Eligibility_Service,critical,high,https://www.reddit.com/r/epfoindia/comments/1mdyhcm/epfo_claim_rejected_form_31/ | https://www.reddit.com/r/EPFO/comments/1smfaow/claim_got_rejected_saying_pf_and_eps_being/ | https://cleartax.in/s/epf-form-31 | https://www.livemint.com/money/personal-finance/epfo-top-reasons-your-employees-provident-fund-settlement-claims-rejected-explained-epf-scheme-document-errors-mismatch-11783073513956.html | https://pfbalancecheck.com/epfo-claim-rejected-reason/ | https://knowmoney.in/blog/epfo-3-withdrawal-rules-india-2026,Compiled from source records. EPFO does not publish a numbered rejection-code list; portal remarks are the operative text.
epfo-rr-090-a05,epfo-rr-090,Form 31 unemployment / non-contribution advance rejected (waiting period or still contributing),PF and EPS being deposited by the employers,alias_or_portal_remark,Eligibility_Service,critical,high,https://www.reddit.com/r/epfoindia/comments/1mdyhcm/epfo_claim_rejected_form_31/ | https://www.reddit.com/r/EPFO/comments/1smfaow/claim_got_rejected_saying_pf_and_eps_being/ | https://cleartax.in/s/epf-form-31 | https://www.livemint.com/money/personal-finance/epfo-top-reasons-your-employees-provident-fund-settlement-claims-rejected-explained-epf-scheme-document-errors-mismatch-11783073513956.html | https://pfbalancecheck.com/epfo-claim-rejected-reason/ | https://knowmoney.in/blog/epfo-3-withdrawal-rules-india-2026,Compiled from source records. EPFO does not publish a numbered rejection-code list; portal remarks are the operative text.
epfo-rr-090-a06,epfo-rr-090,Form 31 unemployment / non-contribution advance rejected (waiting period or still contributing),Unemployment advance rejected still contributing,alias_or_portal_remark,Eligibility_Service,critical,high,https://www.reddit.com/r/epfoindia/comments/1mdyhcm/epfo_claim_rejected_form_31/ | https://www.reddit.com/r/EPFO/comments/1smfaow/claim_got_rejected_saying_pf_and_eps_being/ | https://cleartax.in/s/epf-form-31 | https://www.livemint.com/money/personal-finance/epfo-top-reasons-your-employees-provident-fund-settlement-claims-rejected-explained-epf-scheme-document-errors-mismatch-11783073513956.html | https://pfbalancecheck.com/epfo-claim-rejected-reason/ | https://knowmoney.in/blog/epfo-3-withdrawal-rules-india-2026,Compiled from source records. EPFO does not publish a numbered rejection-code list; portal remarks are the operative text.
epfo-rr-090-a07,epfo-rr-090,Form 31 unemployment / non-contribution advance rejected (waiting period or still contributing),Non-contribution period not met Form 31,alias_or_portal_remark,Eligibility_Service,critical,high,https://www.reddit.com/r/epfoindia/comments/1mdyhcm/epfo_claim_rejected_form_31/ | https://www.reddit.com/r/EPFO/comments/1smfaow/claim_got_rejected_saying_pf_and_eps_being/ | https://cleartax.in/s/epf-form-31 | https://www.livemint.com/money/personal-finance/epfo-top-reasons-your-employees-provident-fund-settlement-claims-rejected-explained-epf-scheme-document-errors-mismatch-11783073513956.html | https://pfbalancecheck.com/epfo-claim-rejected-reason/ | https://knowmoney.in/blog/epfo-3-withdrawal-rules-india-2026,Compiled from source records. EPFO does not publish a numbered rejection-code list; portal remarks are the operative text.
epfo-rr-090-a08,epfo-rr-090,Form 31 unemployment / non-contribution advance rejected (waiting period or still contributing),Form 31 unemployment waiting not over,alias_or_portal_remark,Eligibility_Service,critical,high,https://www.reddit.com/r/epfoindia/comments/1mdyhcm/epfo_claim_rejected_form_31/ | https://www.reddit.com/r/EPFO/comments/1smfaow/claim_got_rejected_saying_pf_and_eps_being/ | https://cleartax.in/s/epf-form-31 | https://www.livemint.com/money/personal-finance/epfo-top-reasons-your-employees-provident-fund-settlement-claims-rejected-explained-epf-scheme-document-errors-mismatch-11783073513956.html | https://pfbalancecheck.com/epfo-claim-rejected-reason/ | https://knowmoney.in/blog/epfo-3-withdrawal-rules-india-2026,Compiled from source records. EPFO does not publish a numbered rejection-code list; portal remarks are the operative text.
epfo-rr-090-official,epfo-rr-090,Form 31 unemployment / non-contribution advance rejected (waiting period or still contributing),"Reddit r/epfoindia and ClearTax discuss Form 31 unemployment advances (continuous unemployment above one month / non-receipt of contribution). Members report rejection for insufficient service when waiting period not met, and PF and EPS being deposited by the employers when ECR still posts. Mint lists unemployment under special/exit-related access in Scheme 2026 explainers.",official_or_commonly_seen_status,Eligibility_Service,critical,high,https://www.reddit.com/r/epfoindia/comments/1mdyhcm/epfo_claim_rejected_form_31/ | https://www.reddit.com/r/EPFO/comments/1smfaow/claim_got_rejected_saying_pf_and_eps_being/ | https://cleartax.in/s/epf-form-31 | https://www.livemint.com/money/personal-finance/epfo-top-reasons-your-employees-provident-fund-settlement-claims-rejected-explained-epf-scheme-document-errors-mismatch-11783073513956.html | https://pfbalancecheck.com/epfo-claim-rejected-reason/ | https://knowmoney.in/blog/epfo-3-withdrawal-rules-india-2026,Forum remarks are real; exact statutory para labels vary by scheme edition.
epfo-rr-091-a01,epfo-rr-091,Form 31 cut in wages / non-receipt of wages for two months advance rejected,Cut in wages advance rejected,alias_or_portal_remark,Eligibility_Service,medium,high,https://cleartax.in/s/epf-form-31 | https://www.indiafilings.com/learn/epf-form-31 | https://labourlawadvisor.in/blog/wp-content/uploads/2019/08/PF-Advance-Rules.pdf | https://knowmoney.in/blog/epfo-3-withdrawal-rules-india-2026,Compiled from source records. EPFO does not publish a numbered rejection-code list; portal remarks are the operative text.
epfo-rr-091-a02,epfo-rr-091,Form 31 cut in wages / non-receipt of wages for two months advance rejected,Salary not received two months Form 31,alias_or_portal_remark,Eligibility_Service,medium,high,https://cleartax.in/s/epf-form-31 | https://www.indiafilings.com/learn/epf-form-31 | https://labourlawadvisor.in/blog/wp-content/uploads/2019/08/PF-Advance-Rules.pdf | https://knowmoney.in/blog/epfo-3-withdrawal-rules-india-2026,Compiled from source records. EPFO does not publish a numbered rejection-code list; portal remarks are the operative text.
epfo-rr-091-a03,epfo-rr-091,Form 31 cut in wages / non-receipt of wages for two months advance rejected,Non receipt of wages PF advance,alias_or_portal_remark,Eligibility_Service,medium,high,https://cleartax.in/s/epf-form-31 | https://www.indiafilings.com/learn/epf-form-31 | https://labourlawadvisor.in/blog/wp-content/uploads/2019/08/PF-Advance-Rules.pdf | https://knowmoney.in/blog/epfo-3-withdrawal-rules-india-2026,Compiled from source records. EPFO does not publish a numbered rejection-code list; portal remarks are the operative text.
epfo-rr-091-a04,epfo-rr-091,Form 31 cut in wages / non-receipt of wages for two months advance rejected,Establishment not paying wages advance rejected,alias_or_portal_remark,Eligibility_Service,medium,high,https://cleartax.in/s/epf-form-31 | https://www.indiafilings.com/learn/epf-form-31 | https://labourlawadvisor.in/blog/wp-content/uploads/2019/08/PF-Advance-Rules.pdf | https://knowmoney.in/blog/epfo-3-withdrawal-rules-india-2026,Compiled from source records. EPFO does not publish a numbered rejection-code list; portal remarks are the operative text.
epfo-rr-091-official,epfo-rr-091,Form 31 cut in wages / non-receipt of wages for two months advance rejected,ClearTax Form 31 special cases: employee has not received salary for more than 2 months continuously — up to 100% employee share; reason other than strike. Factory closure without compensation is a sibling special case.,official_or_commonly_seen_status,Eligibility_Service,medium,high,https://cleartax.in/s/epf-form-31 | https://www.indiafilings.com/learn/epf-form-31 | https://labourlawadvisor.in/blog/wp-content/uploads/2019/08/PF-Advance-Rules.pdf | https://knowmoney.in/blog/epfo-3-withdrawal-rules-india-2026,
epfo-rr-092-a01,epfo-rr-092,Form 31 factory closure / lockout advance rejected,Factory closure advance rejected,alias_or_portal_remark,Eligibility_Service,medium,high,https://cleartax.in/s/epf-form-31 | https://www.epfindia.gov.in/site_docs/PDFs/Circulars/Y2016-2017/Composite_Claim_Forms_31792.pdf | https://www.indiafilings.com/learn/epf-form-31 | https://knowmoney.in/blog/epfo-3-withdrawal-rules-india-2026,Compiled from source records. EPFO does not publish a numbered rejection-code list; portal remarks are the operative text.
epfo-rr-092-a02,epfo-rr-092,Form 31 factory closure / lockout advance rejected,Establishment closed Form 31,alias_or_portal_remark,Eligibility_Service,medium,high,https://cleartax.in/s/epf-form-31 | https://www.epfindia.gov.in/site_docs/PDFs/Circulars/Y2016-2017/Composite_Claim_Forms_31792.pdf | https://www.indiafilings.com/learn/epf-form-31 | https://knowmoney.in/blog/epfo-3-withdrawal-rules-india-2026,Compiled from source records. EPFO does not publish a numbered rejection-code list; portal remarks are the operative text.
epfo-rr-092-a03,epfo-rr-092,Form 31 factory closure / lockout advance rejected,Lockout PF advance not allowed,alias_or_portal_remark,Eligibility_Service,medium,high,https://cleartax.in/s/epf-form-31 | https://www.epfindia.gov.in/site_docs/PDFs/Circulars/Y2016-2017/Composite_Claim_Forms_31792.pdf | https://www.indiafilings.com/learn/epf-form-31 | https://knowmoney.in/blog/epfo-3-withdrawal-rules-india-2026,Compiled from source records. EPFO does not publish a numbered rejection-code list; portal remarks are the operative text.
epfo-rr-092-a04,epfo-rr-092,Form 31 factory closure / lockout advance rejected,Closure of establishment over 15 days advance,alias_or_portal_remark,Eligibility_Service,medium,high,https://cleartax.in/s/epf-form-31 | https://www.epfindia.gov.in/site_docs/PDFs/Circulars/Y2016-2017/Composite_Claim_Forms_31792.pdf | https://www.indiafilings.com/learn/epf-form-31 | https://knowmoney.in/blog/epfo-3-withdrawal-rules-india-2026,Compiled from source records. EPFO does not publish a numbered rejection-code list; portal remarks are the operative text.
epfo-rr-092-official,epfo-rr-092,Form 31 factory closure / lockout advance rejected,ClearTax: closure of establishment for over 15 days and employees unemployed without compensation — up to 100% employee share. CCF circular: no document required with composite claim for factory-closure advances when self-certifying.,official_or_commonly_seen_status,Eligibility_Service,medium,high,https://cleartax.in/s/epf-form-31 | https://www.epfindia.gov.in/site_docs/PDFs/Circulars/Y2016-2017/Composite_Claim_Forms_31792.pdf | https://www.indiafilings.com/learn/epf-form-31 | https://knowmoney.in/blog/epfo-3-withdrawal-rules-india-2026,
epfo-rr-093-a01,epfo-rr-093,Form 31 advance for purchase of equipment by physically handicapped member rejected,Physically handicapped equipment advance rejected,alias_or_portal_remark,Eligibility_Service,medium,medium,https://cleartax.in/s/epf-form-31 | https://www.indiafilings.com/learn/epf-form-31 | https://www.axismaxlife.com/blog/retirement-planning/epf-withdrawal-form-31 | https://www.epfindia.gov.in/site_en/WhichClaimForm.php?id=in_sm,Compiled from source records. EPFO does not publish a numbered rejection-code list; portal remarks are the operative text.
epfo-rr-093-a02,epfo-rr-093,Form 31 advance for purchase of equipment by physically handicapped member rejected,Disability assistive device Form 31,alias_or_portal_remark,Eligibility_Service,medium,medium,https://cleartax.in/s/epf-form-31 | https://www.indiafilings.com/learn/epf-form-31 | https://www.axismaxlife.com/blog/retirement-planning/epf-withdrawal-form-31 | https://www.epfindia.gov.in/site_en/WhichClaimForm.php?id=in_sm,Compiled from source records. EPFO does not publish a numbered rejection-code list; portal remarks are the operative text.
epfo-rr-093-a03,epfo-rr-093,Form 31 advance for purchase of equipment by physically handicapped member rejected,Handicapped member PF advance not eligible,alias_or_portal_remark,Eligibility_Service,medium,medium,https://cleartax.in/s/epf-form-31 | https://www.indiafilings.com/learn/epf-form-31 | https://www.axismaxlife.com/blog/retirement-planning/epf-withdrawal-form-31 | https://www.epfindia.gov.in/site_en/WhichClaimForm.php?id=in_sm,Compiled from source records. EPFO does not publish a numbered rejection-code list; portal remarks are the operative text.
epfo-rr-093-a04,epfo-rr-093,Form 31 advance for purchase of equipment by physically handicapped member rejected,Equipment purchase disability PF rejected,alias_or_portal_remark,Eligibility_Service,medium,medium,https://cleartax.in/s/epf-form-31 | https://www.indiafilings.com/learn/epf-form-31 | https://www.axismaxlife.com/blog/retirement-planning/epf-withdrawal-form-31 | https://www.epfindia.gov.in/site_en/WhichClaimForm.php?id=in_sm,Compiled from source records. EPFO does not publish a numbered rejection-code list; portal remarks are the operative text.
epfo-rr-093-official,epfo-rr-093,Form 31 advance for purchase of equipment by physically handicapped member rejected,ClearTax documents table lists physically handicapped purpose needing doctor certificate. IndiaFilings/Axis Max mention disability/assistive equipment advances under Form 31 with medical certification.,official_or_commonly_seen_status,Eligibility_Service,medium,medium,https://cleartax.in/s/epf-form-31 | https://www.indiafilings.com/learn/epf-form-31 | https://www.axismaxlife.com/blog/retirement-planning/epf-withdrawal-form-31 | https://www.epfindia.gov.in/site_en/WhichClaimForm.php?id=in_sm,Exact para details from secondary Form 31 tables; verify live scheme text.
epfo-rr-094-a01,epfo-rr-094,Form 31 illness advance for pregnancy or family member treatment documentation/eligibility failure,Pregnancy treatment PF advance rejected,alias_or_portal_remark,Eligibility_Service,medium,medium,https://cleartax.in/s/epf-form-31 | https://www.indiafilings.com/learn/epf-form-31 | https://www.axismaxlife.com/blog/retirement-planning/epf-withdrawal-form-31 | https://labourlawadvisor.in/blog/wp-content/uploads/2019/08/PF-Advance-Rules.pdf,Compiled from source records. EPFO does not publish a numbered rejection-code list; portal remarks are the operative text.
epfo-rr-094-a02,epfo-rr-094,Form 31 illness advance for pregnancy or family member treatment documentation/eligibility failure,Family illness Form 31 rejected,alias_or_portal_remark,Eligibility_Service,medium,medium,https://cleartax.in/s/epf-form-31 | https://www.indiafilings.com/learn/epf-form-31 | https://www.axismaxlife.com/blog/retirement-planning/epf-withdrawal-form-31 | https://labourlawadvisor.in/blog/wp-content/uploads/2019/08/PF-Advance-Rules.pdf,Compiled from source records. EPFO does not publish a numbered rejection-code list; portal remarks are the operative text.
epfo-rr-094-a03,epfo-rr-094,Form 31 illness advance for pregnancy or family member treatment documentation/eligibility failure,Wife medical treatment advance not allowed,alias_or_portal_remark,Eligibility_Service,medium,medium,https://cleartax.in/s/epf-form-31 | https://www.indiafilings.com/learn/epf-form-31 | https://www.axismaxlife.com/blog/retirement-planning/epf-withdrawal-form-31 | https://labourlawadvisor.in/blog/wp-content/uploads/2019/08/PF-Advance-Rules.pdf,Compiled from source records. EPFO does not publish a numbered rejection-code list; portal remarks are the operative text.
epfo-rr-094-a04,epfo-rr-094,Form 31 illness advance for pregnancy or family member treatment documentation/eligibility failure,Maternity related Form 31 rejected,alias_or_portal_remark,Eligibility_Service,medium,medium,https://cleartax.in/s/epf-form-31 | https://www.indiafilings.com/learn/epf-form-31 | https://www.axismaxlife.com/blog/retirement-planning/epf-withdrawal-form-31 | https://labourlawadvisor.in/blog/wp-content/uploads/2019/08/PF-Advance-Rules.pdf,Compiled from source records. EPFO does not publish a numbered rejection-code list; portal remarks are the operative text.
epfo-rr-094-official,epfo-rr-094,Form 31 illness advance for pregnancy or family member treatment documentation/eligibility failure,"Illness advances cover member and defined family in Form 31 guides (ClearTax/IndiaFilings). Pregnancy/childbirth treatment is commonly filed under illness/medical; success depends on family definition, amount caps, and certificates when asked.",official_or_commonly_seen_status,Eligibility_Service,medium,medium,https://cleartax.in/s/epf-form-31 | https://www.indiafilings.com/learn/epf-form-31 | https://www.axismaxlife.com/blog/retirement-planning/epf-withdrawal-form-31 | https://labourlawadvisor.in/blog/wp-content/uploads/2019/08/PF-Advance-Rules.pdf,Pregnancy grouped under illness in secondary guides; not a separate official form code.
epfo-rr-095-a01,epfo-rr-095,Form 31 advance within one year of retirement (90% pre-retirement) rejected,90 percent withdrawal before retirement rejected,alias_or_portal_remark,Eligibility_Service,medium,high,https://cleartax.in/s/epf-form-31 | https://www.axismaxlife.com/blog/retirement-planning/epf-withdrawal-form-31 | https://www.indiafilings.com/learn/epf-form-31 | https://www.bajajfinserv.in/investments/epf-or-pf-withdrawal-rules,Compiled from source records. EPFO does not publish a numbered rejection-code list; portal remarks are the operative text.
epfo-rr-095-a02,epfo-rr-095,Form 31 advance within one year of retirement (90% pre-retirement) rejected,Within one year of retirement Form 31,alias_or_portal_remark,Eligibility_Service,medium,high,https://cleartax.in/s/epf-form-31 | https://www.axismaxlife.com/blog/retirement-planning/epf-withdrawal-form-31 | https://www.indiafilings.com/learn/epf-form-31 | https://www.bajajfinserv.in/investments/epf-or-pf-withdrawal-rules,Compiled from source records. EPFO does not publish a numbered rejection-code list; portal remarks are the operative text.
epfo-rr-095-a03,epfo-rr-095,Form 31 advance within one year of retirement (90% pre-retirement) rejected,Pre-retirement advance not eligible,alias_or_portal_remark,Eligibility_Service,medium,high,https://cleartax.in/s/epf-form-31 | https://www.axismaxlife.com/blog/retirement-planning/epf-withdrawal-form-31 | https://www.indiafilings.com/learn/epf-form-31 | https://www.bajajfinserv.in/investments/epf-or-pf-withdrawal-rules,Compiled from source records. EPFO does not publish a numbered rejection-code list; portal remarks are the operative text.
epfo-rr-095-a04,epfo-rr-095,Form 31 advance within one year of retirement (90% pre-retirement) rejected,Age 54 Form 31 rejected,alias_or_portal_remark,Eligibility_Service,medium,high,https://cleartax.in/s/epf-form-31 | https://www.axismaxlife.com/blog/retirement-planning/epf-withdrawal-form-31 | https://www.indiafilings.com/learn/epf-form-31 | https://www.bajajfinserv.in/investments/epf-or-pf-withdrawal-rules,Compiled from source records. EPFO does not publish a numbered rejection-code list; portal remarks are the operative text.
epfo-rr-095-official,epfo-rr-095,Form 31 advance within one year of retirement (90% pre-retirement) rejected,ClearTax: before retirement — up to 90% of corpus after age about 54 and within one year of retirement/superannuation. Axis Max and other explainers echo this head.,official_or_commonly_seen_status,Eligibility_Service,medium,high,https://cleartax.in/s/epf-form-31 | https://www.axismaxlife.com/blog/retirement-planning/epf-withdrawal-form-31 | https://www.indiafilings.com/learn/epf-form-31 | https://www.bajajfinserv.in/investments/epf-or-pf-withdrawal-rules,
epfo-rr-096-a01,epfo-rr-096,Form 31 rejected because membership/service months are insufficient for the selected purpose,Insufficient member service,alias_or_portal_remark,Eligibility_Service,high,high,https://www.reddit.com/r/epfoindia/comments/1qdcnw9/epfo_rejecting_my_form31_due_to_insufficient/ | https://www.reddit.com/r/epfoindia/comments/1mdyhcm/epfo_claim_rejected_form_31/ | https://taxguru.in/corporate-law/epfos-pf-withdrawal-rules-claims-rejected.html | https://www.epfindia.gov.in/site_docs/PDFs/MiscPDFs/FAQ_OCS_050517_1017.pdf | https://pfbalancecheck.com/epfo-claim-rejected-reason/,Compiled from source records. EPFO does not publish a numbered rejection-code list; portal remarks are the operative text.
epfo-rr-096-a02,epfo-rr-096,Form 31 rejected because membership/service months are insufficient for the selected purpose,Insufficient service Form 31,alias_or_portal_remark,Eligibility_Service,high,high,https://www.reddit.com/r/epfoindia/comments/1qdcnw9/epfo_rejecting_my_form31_due_to_insufficient/ | https://www.reddit.com/r/epfoindia/comments/1mdyhcm/epfo_claim_rejected_form_31/ | https://taxguru.in/corporate-law/epfos-pf-withdrawal-rules-claims-rejected.html | https://www.epfindia.gov.in/site_docs/PDFs/MiscPDFs/FAQ_OCS_050517_1017.pdf | https://pfbalancecheck.com/epfo-claim-rejected-reason/,Compiled from source records. EPFO does not publish a numbered rejection-code list; portal remarks are the operative text.
epfo-rr-096-a03,epfo-rr-096,Form 31 rejected because membership/service months are insufficient for the selected purpose,Service not met for advance,alias_or_portal_remark,Eligibility_Service,high,high,https://www.reddit.com/r/epfoindia/comments/1qdcnw9/epfo_rejecting_my_form31_due_to_insufficient/ | https://www.reddit.com/r/epfoindia/comments/1mdyhcm/epfo_claim_rejected_form_31/ | https://taxguru.in/corporate-law/epfos-pf-withdrawal-rules-claims-rejected.html | https://www.epfindia.gov.in/site_docs/PDFs/MiscPDFs/FAQ_OCS_050517_1017.pdf | https://pfbalancecheck.com/epfo-claim-rejected-reason/,Compiled from source records. EPFO does not publish a numbered rejection-code list; portal remarks are the operative text.
epfo-rr-096-a04,epfo-rr-096,Form 31 rejected because membership/service months are insufficient for the selected purpose,12 month membership not completed,alias_or_portal_remark,Eligibility_Service,high,high,https://www.reddit.com/r/epfoindia/comments/1qdcnw9/epfo_rejecting_my_form31_due_to_insufficient/ | https://www.reddit.com/r/epfoindia/comments/1mdyhcm/epfo_claim_rejected_form_31/ | https://taxguru.in/corporate-law/epfos-pf-withdrawal-rules-claims-rejected.html | https://www.epfindia.gov.in/site_docs/PDFs/MiscPDFs/FAQ_OCS_050517_1017.pdf | https://pfbalancecheck.com/epfo-claim-rejected-reason/,Compiled from source records. EPFO does not publish a numbered rejection-code list; portal remarks are the operative text.
epfo-rr-096-official,epfo-rr-096,Form 31 rejected because membership/service months are insufficient for the selected purpose,Widely reported portal remark Insufficient member service / Insufficient service on Form 31 (Reddit r/epfoindia). TaxGuru 2026: Service not met — 12-month condition not completed under revised rules. Older purposes needed 5-7-10 years. OCS FAQ: Form 31 needs DOJ in database.,official_or_commonly_seen_status,Eligibility_Service,high,high,https://www.reddit.com/r/epfoindia/comments/1qdcnw9/epfo_rejecting_my_form31_due_to_insufficient/ | https://www.reddit.com/r/epfoindia/comments/1mdyhcm/epfo_claim_rejected_form_31/ | https://taxguru.in/corporate-law/epfos-pf-withdrawal-rules-claims-rejected.html | https://www.epfindia.gov.in/site_docs/PDFs/MiscPDFs/FAQ_OCS_050517_1017.pdf | https://pfbalancecheck.com/epfo-claim-rejected-reason/,
epfo-rr-097-a01,epfo-rr-097,Claim rejected because contribution received after date of exit (post-exit ECR),"CONTRIBUTION RECEIVED AFTER DATE OF EXIT, PLEASE CLARIFY",alias_or_portal_remark,Employer_Related,high,high,https://www.reddit.com/r/epfoindia/comments/1lwzhcs/my_epfo_claim_got_rejected_form31_after_16_days/ | https://www.reddit.com/r/EPFO/comments/1smfaow/claim_got_rejected_saying_pf_and_eps_being/ | https://epfigms.gov.in/ | https://pfbalancecheck.com/epfo-claim-rejected-reason/ | https://cleartax.in/s/epf-form-31,Compiled from source records. EPFO does not publish a numbered rejection-code list; portal remarks are the operative text.
epfo-rr-097-a02,epfo-rr-097,Claim rejected because contribution received after date of exit (post-exit ECR),Contribution after DOE,alias_or_portal_remark,Employer_Related,high,high,https://www.reddit.com/r/epfoindia/comments/1lwzhcs/my_epfo_claim_got_rejected_form31_after_16_days/ | https://www.reddit.com/r/EPFO/comments/1smfaow/claim_got_rejected_saying_pf_and_eps_being/ | https://epfigms.gov.in/ | https://pfbalancecheck.com/epfo-claim-rejected-reason/ | https://cleartax.in/s/epf-form-31,Compiled from source records. EPFO does not publish a numbered rejection-code list; portal remarks are the operative text.
epfo-rr-097-a03,epfo-rr-097,Claim rejected because contribution received after date of exit (post-exit ECR),Post exit PF deposit flagged,alias_or_portal_remark,Employer_Related,high,high,https://www.reddit.com/r/epfoindia/comments/1lwzhcs/my_epfo_claim_got_rejected_form31_after_16_days/ | https://www.reddit.com/r/EPFO/comments/1smfaow/claim_got_rejected_saying_pf_and_eps_being/ | https://epfigms.gov.in/ | https://pfbalancecheck.com/epfo-claim-rejected-reason/ | https://cleartax.in/s/epf-form-31,Compiled from source records. EPFO does not publish a numbered rejection-code list; portal remarks are the operative text.
epfo-rr-097-a04,epfo-rr-097,Claim rejected because contribution received after date of exit (post-exit ECR),ECR after leaving employment,alias_or_portal_remark,Employer_Related,high,high,https://www.reddit.com/r/epfoindia/comments/1lwzhcs/my_epfo_claim_got_rejected_form31_after_16_days/ | https://www.reddit.com/r/EPFO/comments/1smfaow/claim_got_rejected_saying_pf_and_eps_being/ | https://epfigms.gov.in/ | https://pfbalancecheck.com/epfo-claim-rejected-reason/ | https://cleartax.in/s/epf-form-31,Compiled from source records. EPFO does not publish a numbered rejection-code list; portal remarks are the operative text.
epfo-rr-097-a05,epfo-rr-097,Claim rejected because contribution received after date of exit (post-exit ECR),Contribution received after date of exit,alias_or_portal_remark,Employer_Related,high,high,https://www.reddit.com/r/epfoindia/comments/1lwzhcs/my_epfo_claim_got_rejected_form31_after_16_days/ | https://www.reddit.com/r/EPFO/comments/1smfaow/claim_got_rejected_saying_pf_and_eps_being/ | https://epfigms.gov.in/ | https://pfbalancecheck.com/epfo-claim-rejected-reason/ | https://cleartax.in/s/epf-form-31,Compiled from source records. EPFO does not publish a numbered rejection-code list; portal remarks are the operative text.
epfo-rr-097-a06,epfo-rr-097,Claim rejected because contribution received after date of exit (post-exit ECR),Post exit ECR claim rejected,alias_or_portal_remark,Employer_Related,high,high,https://www.reddit.com/r/epfoindia/comments/1lwzhcs/my_epfo_claim_got_rejected_form31_after_16_days/ | https://www.reddit.com/r/EPFO/comments/1smfaow/claim_got_rejected_saying_pf_and_eps_being/ | https://epfigms.gov.in/ | https://pfbalancecheck.com/epfo-claim-rejected-reason/ | https://cleartax.in/s/epf-form-31,Compiled from source records. EPFO does not publish a numbered rejection-code list; portal remarks are the operative text.
epfo-rr-097-a07,epfo-rr-097,Claim rejected because contribution received after date of exit (post-exit ECR),PF deposited after leaving,alias_or_portal_remark,Employer_Related,high,high,https://www.reddit.com/r/epfoindia/comments/1lwzhcs/my_epfo_claim_got_rejected_form31_after_16_days/ | https://www.reddit.com/r/EPFO/comments/1smfaow/claim_got_rejected_saying_pf_and_eps_being/ | https://epfigms.gov.in/ | https://pfbalancecheck.com/epfo-claim-rejected-reason/ | https://cleartax.in/s/epf-form-31,Compiled from source records. EPFO does not publish a numbered rejection-code list; portal remarks are the operative text.
epfo-rr-097-official,epfo-rr-097,Claim rejected because contribution received after date of exit (post-exit ECR),"Reddit r/epfoindia: Form 31 unemployment rejected with exact remark CONTRIBUTION RECEIVED AFTER DATE OF EXIT, PLEASE CLARIFY when March wages PF posted in April after DOE. Payroll timing, not necessarily illegal dual employment.",official_or_commonly_seen_status,Employer_Related,high,high,https://www.reddit.com/r/epfoindia/comments/1lwzhcs/my_epfo_claim_got_rejected_form31_after_16_days/ | https://www.reddit.com/r/EPFO/comments/1smfaow/claim_got_rejected_saying_pf_and_eps_being/ | https://epfigms.gov.in/ | https://pfbalancecheck.com/epfo-claim-rejected-reason/ | https://cleartax.in/s/epf-form-31,Remark string from member reports; not an invented official code.
epfo-rr-098-a01,epfo-rr-098,Unemployment/exit claim rejected because PF and EPS are still being deposited by employer,PF and EPS being deposited by the employers,alias_or_portal_remark,Employer_Related,high,high,https://www.reddit.com/r/EPFO/comments/1smfaow/claim_got_rejected_saying_pf_and_eps_being/ | https://www.reddit.com/r/epfoindia/comments/1mdyhcm/epfo_claim_rejected_form_31/ | https://pfbalancecheck.com/epfo-claim-rejected-reason/ | https://www.epfindia.gov.in/site_docs/PDFs/MiscPDFs/FAQ_OCS_050517_1017.pdf,Compiled from source records. EPFO does not publish a numbered rejection-code list; portal remarks are the operative text.
epfo-rr-098-a02,epfo-rr-098,Unemployment/exit claim rejected because PF and EPS are still being deposited by employer,Contribution still being received,alias_or_portal_remark,Employer_Related,high,high,https://www.reddit.com/r/EPFO/comments/1smfaow/claim_got_rejected_saying_pf_and_eps_being/ | https://www.reddit.com/r/epfoindia/comments/1mdyhcm/epfo_claim_rejected_form_31/ | https://pfbalancecheck.com/epfo-claim-rejected-reason/ | https://www.epfindia.gov.in/site_docs/PDFs/MiscPDFs/FAQ_OCS_050517_1017.pdf,Compiled from source records. EPFO does not publish a numbered rejection-code list; portal remarks are the operative text.
epfo-rr-098-a03,epfo-rr-098,Unemployment/exit claim rejected because PF and EPS are still being deposited by employer,Employer still filing ECR claim rejected,alias_or_portal_remark,Employer_Related,high,high,https://www.reddit.com/r/EPFO/comments/1smfaow/claim_got_rejected_saying_pf_and_eps_being/ | https://www.reddit.com/r/epfoindia/comments/1mdyhcm/epfo_claim_rejected_form_31/ | https://pfbalancecheck.com/epfo-claim-rejected-reason/ | https://www.epfindia.gov.in/site_docs/PDFs/MiscPDFs/FAQ_OCS_050517_1017.pdf,Compiled from source records. EPFO does not publish a numbered rejection-code list; portal remarks are the operative text.
epfo-rr-098-a04,epfo-rr-098,Unemployment/exit claim rejected because PF and EPS are still being deposited by employer,Active contribution blocks unemployment advance,alias_or_portal_remark,Employer_Related,high,high,https://www.reddit.com/r/EPFO/comments/1smfaow/claim_got_rejected_saying_pf_and_eps_being/ | https://www.reddit.com/r/epfoindia/comments/1mdyhcm/epfo_claim_rejected_form_31/ | https://pfbalancecheck.com/epfo-claim-rejected-reason/ | https://www.epfindia.gov.in/site_docs/PDFs/MiscPDFs/FAQ_OCS_050517_1017.pdf,Compiled from source records. EPFO does not publish a numbered rejection-code list; portal remarks are the operative text.
epfo-rr-098-official,epfo-rr-098,Unemployment/exit claim rejected because PF and EPS are still being deposited by employer,Reddit r/EPFO: Form 31 advance for continuous unemployment rejected with pf and eps being deposited by the employers even when member believes last deposit was exit month.,official_or_commonly_seen_status,Employer_Related,high,high,https://www.reddit.com/r/EPFO/comments/1smfaow/claim_got_rejected_saying_pf_and_eps_being/ | https://www.reddit.com/r/epfoindia/comments/1mdyhcm/epfo_claim_rejected_form_31/ | https://pfbalancecheck.com/epfo-claim-rejected-reason/ | https://www.epfindia.gov.in/site_docs/PDFs/MiscPDFs/FAQ_OCS_050517_1017.pdf,
epfo-rr-099-a01,epfo-rr-099,"Form 14 financing of LIC policy rejected (eligibility, insurer, or balance)",Form 14 rejected,alias_or_portal_remark,Form_Documentation,medium,medium,https://www.news18.com/business/savings-and-investments/no-money-for-lic-premium-epfo-lets-you-pay-it-directly-from-your-pf-account-ws-kl-9810317.html | https://www.livemint.com/money/personal-finance/epfo-members-can-pay-lic-premium-using-epf-money-details-here-11645255082822.html | https://zeenews.india.com/photos/business/did-you-know-epfo-allows-you-to-finance-your-lic-policy-for-2-years-eligibility-money-amount-and-other-details-explained-2950269 | https://www.epfindia.gov.in,Compiled from source records. EPFO does not publish a numbered rejection-code list; portal remarks are the operative text.
epfo-rr-099-a02,epfo-rr-099,"Form 14 financing of LIC policy rejected (eligibility, insurer, or balance)",LIC premium from PF not allowed,alias_or_portal_remark,Form_Documentation,medium,medium,https://www.news18.com/business/savings-and-investments/no-money-for-lic-premium-epfo-lets-you-pay-it-directly-from-your-pf-account-ws-kl-9810317.html | https://www.livemint.com/money/personal-finance/epfo-members-can-pay-lic-premium-using-epf-money-details-here-11645255082822.html | https://zeenews.india.com/photos/business/did-you-know-epfo-allows-you-to-finance-your-lic-policy-for-2-years-eligibility-money-amount-and-other-details-explained-2950269 | https://www.epfindia.gov.in,Compiled from source records. EPFO does not publish a numbered rejection-code list; portal remarks are the operative text.
epfo-rr-099-a03,epfo-rr-099,"Form 14 financing of LIC policy rejected (eligibility, insurer, or balance)",Finance insurance policy EPFO rejected,alias_or_portal_remark,Form_Documentation,medium,medium,https://www.news18.com/business/savings-and-investments/no-money-for-lic-premium-epfo-lets-you-pay-it-directly-from-your-pf-account-ws-kl-9810317.html | https://www.livemint.com/money/personal-finance/epfo-members-can-pay-lic-premium-using-epf-money-details-here-11645255082822.html | https://zeenews.india.com/photos/business/did-you-know-epfo-allows-you-to-finance-your-lic-policy-for-2-years-eligibility-money-amount-and-other-details-explained-2950269 | https://www.epfindia.gov.in,Compiled from source records. EPFO does not publish a numbered rejection-code list; portal remarks are the operative text.
epfo-rr-099-a04,epfo-rr-099,"Form 14 financing of LIC policy rejected (eligibility, insurer, or balance)",LIC policy financing from EPF failed,alias_or_portal_remark,Form_Documentation,medium,medium,https://www.news18.com/business/savings-and-investments/no-money-for-lic-premium-epfo-lets-you-pay-it-directly-from-your-pf-account-ws-kl-9810317.html | https://www.livemint.com/money/personal-finance/epfo-members-can-pay-lic-premium-using-epf-money-details-here-11645255082822.html | https://zeenews.india.com/photos/business/did-you-know-epfo-allows-you-to-finance-your-lic-policy-for-2-years-eligibility-money-amount-and-other-details-explained-2950269 | https://www.epfindia.gov.in,Compiled from source records. EPFO does not publish a numbered rejection-code list; portal remarks are the operative text.
epfo-rr-099-official,epfo-rr-099,"Form 14 financing of LIC policy rejected (eligibility, insurer, or balance)","News18/Mint/Zee: facility to finance LIC (not private insurers) from EPF via Form 14; typically need sufficient balance (often cited as about 2 years premium), policy in member own name, minimum membership (about 2 years in Zee explainer), annual premium mode; KYC must be in order.",official_or_commonly_seen_status,Form_Documentation,medium,medium,https://www.news18.com/business/savings-and-investments/no-money-for-lic-premium-epfo-lets-you-pay-it-directly-from-your-pf-account-ws-kl-9810317.html | https://www.livemint.com/money/personal-finance/epfo-members-can-pay-lic-premium-using-epf-money-details-here-11645255082822.html | https://zeenews.india.com/photos/business/did-you-know-epfo-allows-you-to-finance-your-lic-policy-for-2-years-eligibility-money-amount-and-other-details-explained-2950269 | https://www.epfindia.gov.in,Secondary news summaries of scheme facility; confirm live Form 14 instructions on epfindia.
epfo-rr-100-a01,epfo-rr-100,VPF / excess voluntary contribution confusion causing claim or transfer friction,VPF not withdrawing separately,alias_or_portal_remark,Eligibility_Service,medium,medium,https://cleartax.in/s/pf-withdrawal-online | https://www.bajajfinserv.in/investments/epf-or-pf-withdrawal-rules | https://cleartax.in/s/epf-form-31 | https://www.epfindia.gov.in/site_docs/PDFs/MiscPDFs/FAQ_OCS_050517_1017.pdf,Compiled from source records. EPFO does not publish a numbered rejection-code list; portal remarks are the operative text.
epfo-rr-100-a02,epfo-rr-100,VPF / excess voluntary contribution confusion causing claim or transfer friction,Voluntary PF excess claim rejected,alias_or_portal_remark,Eligibility_Service,medium,medium,https://cleartax.in/s/pf-withdrawal-online | https://www.bajajfinserv.in/investments/epf-or-pf-withdrawal-rules | https://cleartax.in/s/epf-form-31 | https://www.epfindia.gov.in/site_docs/PDFs/MiscPDFs/FAQ_OCS_050517_1017.pdf,Compiled from source records. EPFO does not publish a numbered rejection-code list; portal remarks are the operative text.
epfo-rr-100-a03,epfo-rr-100,VPF / excess voluntary contribution confusion causing claim or transfer friction,VPF balance not shown separately for claim,alias_or_portal_remark,Eligibility_Service,medium,medium,https://cleartax.in/s/pf-withdrawal-online | https://www.bajajfinserv.in/investments/epf-or-pf-withdrawal-rules | https://cleartax.in/s/epf-form-31 | https://www.epfindia.gov.in/site_docs/PDFs/MiscPDFs/FAQ_OCS_050517_1017.pdf,Compiled from source records. EPFO does not publish a numbered rejection-code list; portal remarks are the operative text.
epfo-rr-100-a04,epfo-rr-100,VPF / excess voluntary contribution confusion causing claim or transfer friction,Excess contribution above statutory claim issue,alias_or_portal_remark,Eligibility_Service,medium,medium,https://cleartax.in/s/pf-withdrawal-online | https://www.bajajfinserv.in/investments/epf-or-pf-withdrawal-rules | https://cleartax.in/s/epf-form-31 | https://www.epfindia.gov.in/site_docs/PDFs/MiscPDFs/FAQ_OCS_050517_1017.pdf,Compiled from source records. EPFO does not publish a numbered rejection-code list; portal remarks are the operative text.
epfo-rr-100-official,epfo-rr-100,VPF / excess voluntary contribution confusion causing claim or transfer friction,Member explainers (ClearTax/Bajaj): VPF is additional employee PF contribution in the same EPF account — not a separate withdrawable product. Claims follow Form 19/31 rules on total EPF balance.,official_or_commonly_seen_status,Eligibility_Service,medium,medium,https://cleartax.in/s/pf-withdrawal-online | https://www.bajajfinserv.in/investments/epf-or-pf-withdrawal-rules | https://cleartax.in/s/epf-form-31 | https://www.epfindia.gov.in/site_docs/PDFs/MiscPDFs/FAQ_OCS_050517_1017.pdf,No separate official VPF rejection code; pattern from product structure.
epfo-rr-101-a01,epfo-rr-101,Higher pension / EPS-95 joint option claim blocked or returned for contribution proof gaps,Higher pension option rejected,alias_or_portal_remark,Compliance_Legal,high,high,https://economictimes.indiatimes.com/wealth/legal/will/higher-eps-pension-epfo-cant-use-the-excuse-of-employers-deficient-system-of-recordkeeping-as-a-ground-to-deny-higher-pension-to-employees-rules-bombay-hc/articleshow/130464158.cms | https://kustodian.life/resources/epf-claim-rejected-because-of-eps-top-reasons-and-proven-fixes-india-2026-guide | https://www.financialexpress.com/money/epfo-pension-rules-settlement-in-20-days-but-heres-why-many-eps-claims-still-get-rejected-4168274/ | https://www.etnownews.com/personal-finance/epfo-pension-rules-why-eps-claims-get-rejected-govt-reveals-basis-errors-kyc-aadhaar-and-more-article-153801634 | https://epfigms.gov.in/,Compiled from source records. EPFO does not publish a numbered rejection-code list; portal remarks are the operative text.
epfo-rr-101-a02,epfo-rr-101,Higher pension / EPS-95 joint option claim blocked or returned for contribution proof gaps,EPS 95 higher pension claim stuck,alias_or_portal_remark,Compliance_Legal,high,high,https://economictimes.indiatimes.com/wealth/legal/will/higher-eps-pension-epfo-cant-use-the-excuse-of-employers-deficient-system-of-recordkeeping-as-a-ground-to-deny-higher-pension-to-employees-rules-bombay-hc/articleshow/130464158.cms | https://kustodian.life/resources/epf-claim-rejected-because-of-eps-top-reasons-and-proven-fixes-india-2026-guide | https://www.financialexpress.com/money/epfo-pension-rules-settlement-in-20-days-but-heres-why-many-eps-claims-still-get-rejected-4168274/ | https://www.etnownews.com/personal-finance/epfo-pension-rules-why-eps-claims-get-rejected-govt-reveals-basis-errors-kyc-aadhaar-and-more-article-153801634 | https://epfigms.gov.in/,Compiled from source records. EPFO does not publish a numbered rejection-code list; portal remarks are the operative text.
epfo-rr-101-a03,epfo-rr-101,Higher pension / EPS-95 joint option claim blocked or returned for contribution proof gaps,Joint option higher pension documents deficient,alias_or_portal_remark,Compliance_Legal,high,high,https://economictimes.indiatimes.com/wealth/legal/will/higher-eps-pension-epfo-cant-use-the-excuse-of-employers-deficient-system-of-recordkeeping-as-a-ground-to-deny-higher-pension-to-employees-rules-bombay-hc/articleshow/130464158.cms | https://kustodian.life/resources/epf-claim-rejected-because-of-eps-top-reasons-and-proven-fixes-india-2026-guide | https://www.financialexpress.com/money/epfo-pension-rules-settlement-in-20-days-but-heres-why-many-eps-claims-still-get-rejected-4168274/ | https://www.etnownews.com/personal-finance/epfo-pension-rules-why-eps-claims-get-rejected-govt-reveals-basis-errors-kyc-aadhaar-and-more-article-153801634 | https://epfigms.gov.in/,Compiled from source records. EPFO does not publish a numbered rejection-code list; portal remarks are the operative text.
epfo-rr-101-a04,epfo-rr-101,Higher pension / EPS-95 joint option claim blocked or returned for contribution proof gaps,Form 10D higher pension wage proof missing,alias_or_portal_remark,Compliance_Legal,high,high,https://economictimes.indiatimes.com/wealth/legal/will/higher-eps-pension-epfo-cant-use-the-excuse-of-employers-deficient-system-of-recordkeeping-as-a-ground-to-deny-higher-pension-to-employees-rules-bombay-hc/articleshow/130464158.cms | https://kustodian.life/resources/epf-claim-rejected-because-of-eps-top-reasons-and-proven-fixes-india-2026-guide | https://www.financialexpress.com/money/epfo-pension-rules-settlement-in-20-days-but-heres-why-many-eps-claims-still-get-rejected-4168274/ | https://www.etnownews.com/personal-finance/epfo-pension-rules-why-eps-claims-get-rejected-govt-reveals-basis-errors-kyc-aadhaar-and-more-article-153801634 | https://epfigms.gov.in/,Compiled from source records. EPFO does not publish a numbered rejection-code list; portal remarks are the operative text.
epfo-rr-101-official,epfo-rr-101,Higher pension / EPS-95 joint option claim blocked or returned for contribution proof gaps,"Economic Times (Bombay HC reporting): EPFO should not deny higher pension solely for missing Form 6A/challans when Form 3A, EPF statements, and corroborative wage/contribution evidence exist. Kustodian EPS rejection guide: higher-pension math, wage>15000 option, and Annexure K issues commonly block claims.",official_or_commonly_seen_status,Compliance_Legal,high,high,https://economictimes.indiatimes.com/wealth/legal/will/higher-eps-pension-epfo-cant-use-the-excuse-of-employers-deficient-system-of-recordkeeping-as-a-ground-to-deny-higher-pension-to-employees-rules-bombay-hc/articleshow/130464158.cms | https://kustodian.life/resources/epf-claim-rejected-because-of-eps-top-reasons-and-proven-fixes-india-2026-guide | https://www.financialexpress.com/money/epfo-pension-rules-settlement-in-20-days-but-heres-why-many-eps-claims-still-get-rejected-4168274/ | https://www.etnownews.com/personal-finance/epfo-pension-rules-why-eps-claims-get-rejected-govt-reveals-basis-errors-kyc-aadhaar-and-more-article-153801634 | https://epfigms.gov.in/,Court reporting is secondary to judgment text; no invented circular numbers.
epfo-rr-102-a01,epfo-rr-102,EPS wage ceiling / pension contribution above statutory cap causing claim hold,EPS contribution more than 1250,alias_or_portal_remark,Compliance_Legal,high,high,https://kustodian.life/resources/epf-claim-rejected-because-of-eps-top-reasons-and-proven-fixes-india-2026-guide | https://www.financialexpress.com/money/epfo-pension-rules-settlement-in-20-days-but-heres-why-many-eps-claims-still-get-rejected-4168274/ | https://www.etnownews.com/personal-finance/epfo-pension-rules-why-eps-claims-get-rejected-govt-reveals-basis-errors-kyc-aadhaar-and-more-article-153801634 | https://www.reddit.com/r/epfoindia/comments/1m6co8r/why_so_many_epf_claims_are_being_rejected_and/,Compiled from source records. EPFO does not publish a numbered rejection-code list; portal remarks are the operative text.
epfo-rr-102-a02,epfo-rr-102,EPS wage ceiling / pension contribution above statutory cap causing claim hold,Pension contribution exceeds limit,alias_or_portal_remark,Compliance_Legal,high,high,https://kustodian.life/resources/epf-claim-rejected-because-of-eps-top-reasons-and-proven-fixes-india-2026-guide | https://www.financialexpress.com/money/epfo-pension-rules-settlement-in-20-days-but-heres-why-many-eps-claims-still-get-rejected-4168274/ | https://www.etnownews.com/personal-finance/epfo-pension-rules-why-eps-claims-get-rejected-govt-reveals-basis-errors-kyc-aadhaar-and-more-article-153801634 | https://www.reddit.com/r/epfoindia/comments/1m6co8r/why_so_many_epf_claims_are_being_rejected_and/,Compiled from source records. EPFO does not publish a numbered rejection-code list; portal remarks are the operative text.
epfo-rr-102-a03,epfo-rr-102,EPS wage ceiling / pension contribution above statutory cap causing claim hold,Wage ceiling mismatch EPS,alias_or_portal_remark,Compliance_Legal,high,high,https://kustodian.life/resources/epf-claim-rejected-because-of-eps-top-reasons-and-proven-fixes-india-2026-guide | https://www.financialexpress.com/money/epfo-pension-rules-settlement-in-20-days-but-heres-why-many-eps-claims-still-get-rejected-4168274/ | https://www.etnownews.com/personal-finance/epfo-pension-rules-why-eps-claims-get-rejected-govt-reveals-basis-errors-kyc-aadhaar-and-more-article-153801634 | https://www.reddit.com/r/epfoindia/comments/1m6co8r/why_so_many_epf_claims_are_being_rejected_and/,Compiled from source records. EPFO does not publish a numbered rejection-code list; portal remarks are the operative text.
epfo-rr-102-a04,epfo-rr-102,EPS wage ceiling / pension contribution above statutory cap causing claim hold,Wages more than 15000 EPS error,alias_or_portal_remark,Compliance_Legal,high,high,https://kustodian.life/resources/epf-claim-rejected-because-of-eps-top-reasons-and-proven-fixes-india-2026-guide | https://www.financialexpress.com/money/epfo-pension-rules-settlement-in-20-days-but-heres-why-many-eps-claims-still-get-rejected-4168274/ | https://www.etnownews.com/personal-finance/epfo-pension-rules-why-eps-claims-get-rejected-govt-reveals-basis-errors-kyc-aadhaar-and-more-article-153801634 | https://www.reddit.com/r/epfoindia/comments/1m6co8r/why_so_many_epf_claims_are_being_rejected_and/,Compiled from source records. EPFO does not publish a numbered rejection-code list; portal remarks are the operative text.
epfo-rr-102-a05,epfo-rr-102,EPS wage ceiling / pension contribution above statutory cap causing claim hold,EPS ineligible due to salary above 15000,alias_or_portal_remark,Compliance_Legal,high,high,https://kustodian.life/resources/epf-claim-rejected-because-of-eps-top-reasons-and-proven-fixes-india-2026-guide | https://www.financialexpress.com/money/epfo-pension-rules-settlement-in-20-days-but-heres-why-many-eps-claims-still-get-rejected-4168274/ | https://www.etnownews.com/personal-finance/epfo-pension-rules-why-eps-claims-get-rejected-govt-reveals-basis-errors-kyc-aadhaar-and-more-article-153801634 | https://www.reddit.com/r/epfoindia/comments/1m6co8r/why_so_many_epf_claims_are_being_rejected_and/,Compiled from source records. EPFO does not publish a numbered rejection-code list; portal remarks are the operative text.
epfo-rr-102-official,epfo-rr-102,EPS wage ceiling / pension contribution above statutory cap causing claim hold,"Kustodian 2026 EPS rejection guide lists remarks such as pension contribution exceeds limit / wage ceiling mismatch, EPS contribution more than 1250, and EPS ineligible due to salary above 15000 for post-Sep 2014 joiners without higher-pension option.",official_or_commonly_seen_status,Compliance_Legal,high,high,https://kustodian.life/resources/epf-claim-rejected-because-of-eps-top-reasons-and-proven-fixes-india-2026-guide | https://www.financialexpress.com/money/epfo-pension-rules-settlement-in-20-days-but-heres-why-many-eps-claims-still-get-rejected-4168274/ | https://www.etnownews.com/personal-finance/epfo-pension-rules-why-eps-claims-get-rejected-govt-reveals-basis-errors-kyc-aadhaar-and-more-article-153801634 | https://www.reddit.com/r/epfoindia/comments/1m6co8r/why_so_many_epf_claims_are_being_rejected_and/,1250 figure from secondary guides reflecting statutory 8.33% of 15000 ceiling.
epfo-rr-103-a01,epfo-rr-103,Atal Pension Yojana or other NPS product confused with EPS Form 10C/10D claim,Atal Pension claim on EPFO portal,alias_or_portal_remark,Other,low,medium,https://www.epfindia.gov.in/site_en/WhichClaimForm.php?id=in_sm | https://www.epfindia.gov.in/site_docs/PDFs/MiscPDFs/FAQ_OCS_050517_1017.pdf | https://www.epfindia.gov.in | https://www.pensionbazaar.com/epf/epf-withdrawal-rules/,Compiled from source records. EPFO does not publish a numbered rejection-code list; portal remarks are the operative text.
epfo-rr-103-a02,epfo-rr-103,Atal Pension Yojana or other NPS product confused with EPS Form 10C/10D claim,APY withdrawal via UAN rejected,alias_or_portal_remark,Other,low,medium,https://www.epfindia.gov.in/site_en/WhichClaimForm.php?id=in_sm | https://www.epfindia.gov.in/site_docs/PDFs/MiscPDFs/FAQ_OCS_050517_1017.pdf | https://www.epfindia.gov.in | https://www.pensionbazaar.com/epf/epf-withdrawal-rules/,Compiled from source records. EPFO does not publish a numbered rejection-code list; portal remarks are the operative text.
epfo-rr-103-a03,epfo-rr-103,Atal Pension Yojana or other NPS product confused with EPS Form 10C/10D claim,NPS confused with EPS pension,alias_or_portal_remark,Other,low,medium,https://www.epfindia.gov.in/site_en/WhichClaimForm.php?id=in_sm | https://www.epfindia.gov.in/site_docs/PDFs/MiscPDFs/FAQ_OCS_050517_1017.pdf | https://www.epfindia.gov.in | https://www.pensionbazaar.com/epf/epf-withdrawal-rules/,Compiled from source records. EPFO does not publish a numbered rejection-code list; portal remarks are the operative text.
epfo-rr-103-a04,epfo-rr-103,Atal Pension Yojana or other NPS product confused with EPS Form 10C/10D claim,Wrong pension scheme claim EPFO,alias_or_portal_remark,Other,low,medium,https://www.epfindia.gov.in/site_en/WhichClaimForm.php?id=in_sm | https://www.epfindia.gov.in/site_docs/PDFs/MiscPDFs/FAQ_OCS_050517_1017.pdf | https://www.epfindia.gov.in | https://www.pensionbazaar.com/epf/epf-withdrawal-rules/,Compiled from source records. EPFO does not publish a numbered rejection-code list; portal remarks are the operative text.
epfo-rr-103-official,epfo-rr-103,Atal Pension Yojana or other NPS product confused with EPS Form 10C/10D claim,EPFO Which Claim Form and OCS FAQs cover EPS Forms 10C/10D only. APY is a PFRDA/NPS product administered via banks/India Post/CRAs — not settled on the EPFO member-claim dropdown.,official_or_commonly_seen_status,Other,low,medium,https://www.epfindia.gov.in/site_en/WhichClaimForm.php?id=in_sm | https://www.epfindia.gov.in/site_docs/PDFs/MiscPDFs/FAQ_OCS_050517_1017.pdf | https://www.epfindia.gov.in | https://www.pensionbazaar.com/epf/epf-withdrawal-rules/,Educational distinction; APY is not an EPFO scheme.
epfo-rr-104-a01,epfo-rr-104,Composite Form 19+10C claim partially rejected or mistimed (one component fails),Form 19 approved 10C rejected,alias_or_portal_remark,Form_Documentation,high,high,https://www.epfindia.gov.in/site_docs/PDFs/MiscPDFs/FAQ_OCS_050517_1017.pdf | https://cleartax.in/c/pf-withdrawal-online | https://pfbalancecheck.com/epfo-claim-rejected-reason/ | https://www.reddit.com/r/epfoindia/comments/1m6co8r/why_so_many_epf_claims_are_being_rejected_and/ | https://www.epfindia.gov.in/site_en/WhichClaimForm.php?id=in_sm,Compiled from source records. EPFO does not publish a numbered rejection-code list; portal remarks are the operative text.
epfo-rr-104-a02,epfo-rr-104,Composite Form 19+10C claim partially rejected or mistimed (one component fails),Composite claim partial rejection,alias_or_portal_remark,Form_Documentation,high,high,https://www.epfindia.gov.in/site_docs/PDFs/MiscPDFs/FAQ_OCS_050517_1017.pdf | https://cleartax.in/c/pf-withdrawal-online | https://pfbalancecheck.com/epfo-claim-rejected-reason/ | https://www.reddit.com/r/epfoindia/comments/1m6co8r/why_so_many_epf_claims_are_being_rejected_and/ | https://www.epfindia.gov.in/site_en/WhichClaimForm.php?id=in_sm,Compiled from source records. EPFO does not publish a numbered rejection-code list; portal remarks are the operative text.
epfo-rr-104-a03,epfo-rr-104,Composite Form 19+10C claim partially rejected or mistimed (one component fails),Only PF withdrawal succeeded pension failed,alias_or_portal_remark,Form_Documentation,high,high,https://www.epfindia.gov.in/site_docs/PDFs/MiscPDFs/FAQ_OCS_050517_1017.pdf | https://cleartax.in/c/pf-withdrawal-online | https://pfbalancecheck.com/epfo-claim-rejected-reason/ | https://www.reddit.com/r/epfoindia/comments/1m6co8r/why_so_many_epf_claims_are_being_rejected_and/ | https://www.epfindia.gov.in/site_en/WhichClaimForm.php?id=in_sm,Compiled from source records. EPFO does not publish a numbered rejection-code list; portal remarks are the operative text.
epfo-rr-104-a04,epfo-rr-104,Composite Form 19+10C claim partially rejected or mistimed (one component fails),10C rejected with Form 19 settled,alias_or_portal_remark,Form_Documentation,high,high,https://www.epfindia.gov.in/site_docs/PDFs/MiscPDFs/FAQ_OCS_050517_1017.pdf | https://cleartax.in/c/pf-withdrawal-online | https://pfbalancecheck.com/epfo-claim-rejected-reason/ | https://www.reddit.com/r/epfoindia/comments/1m6co8r/why_so_many_epf_claims_are_being_rejected_and/ | https://www.epfindia.gov.in/site_en/WhichClaimForm.php?id=in_sm,Compiled from source records. EPFO does not publish a numbered rejection-code list; portal remarks are the operative text.
epfo-rr-104-official,epfo-rr-104,Composite Form 19+10C claim partially rejected or mistimed (one component fails),ClearTax/PFBalanceCheck and OCS FAQ: online claims often allow PF-only or PF+pension withdrawal. Service bands for 10C cause 10C portion to fail while Form 19 may still settle. Reddit EPS threads report 10C rejects alongside PF claims.,official_or_commonly_seen_status,Form_Documentation,high,high,https://www.epfindia.gov.in/site_docs/PDFs/MiscPDFs/FAQ_OCS_050517_1017.pdf | https://cleartax.in/c/pf-withdrawal-online | https://pfbalancecheck.com/epfo-claim-rejected-reason/ | https://www.reddit.com/r/epfoindia/comments/1m6co8r/why_so_many_epf_claims_are_being_rejected_and/ | https://www.epfindia.gov.in/site_en/WhichClaimForm.php?id=in_sm,
epfo-rr-105-a01,epfo-rr-105,NRI / FEMA bank account issue — resident account after non-resident status or NRE/foreign account used,NRI PF claim bank rejected,alias_or_portal_remark,Bank_Payment,high,high,https://nriinformation.com/returning-to-india/nri-provident-fund-guide | https://nriinformation.com/nri-info/indian-pension-abroad | https://www.epfindia.gov.in/site_en/International_workers.php | https://www.epfindia.gov.in/site_docs/PDFs/Circulars/Y2025-2026/Circular_RemovalOfUploadingImage.pdf,Compiled from source records. EPFO does not publish a numbered rejection-code list; portal remarks are the operative text.
epfo-rr-105-a02,epfo-rr-105,NRI / FEMA bank account issue — resident account after non-resident status or NRE/foreign account used,NRE account not accepted for EPF,alias_or_portal_remark,Bank_Payment,high,high,https://nriinformation.com/returning-to-india/nri-provident-fund-guide | https://nriinformation.com/nri-info/indian-pension-abroad | https://www.epfindia.gov.in/site_en/International_workers.php | https://www.epfindia.gov.in/site_docs/PDFs/Circulars/Y2025-2026/Circular_RemovalOfUploadingImage.pdf,Compiled from source records. EPFO does not publish a numbered rejection-code list; portal remarks are the operative text.
epfo-rr-105-a03,epfo-rr-105,NRI / FEMA bank account issue — resident account after non-resident status or NRE/foreign account used,FEMA resident account still linked,alias_or_portal_remark,Bank_Payment,high,high,https://nriinformation.com/returning-to-india/nri-provident-fund-guide | https://nriinformation.com/nri-info/indian-pension-abroad | https://www.epfindia.gov.in/site_en/International_workers.php | https://www.epfindia.gov.in/site_docs/PDFs/Circulars/Y2025-2026/Circular_RemovalOfUploadingImage.pdf,Compiled from source records. EPFO does not publish a numbered rejection-code list; portal remarks are the operative text.
epfo-rr-105-a04,epfo-rr-105,NRI / FEMA bank account issue — resident account after non-resident status or NRE/foreign account used,Foreign bank account EPFO claim,alias_or_portal_remark,Bank_Payment,high,high,https://nriinformation.com/returning-to-india/nri-provident-fund-guide | https://nriinformation.com/nri-info/indian-pension-abroad | https://www.epfindia.gov.in/site_en/International_workers.php | https://www.epfindia.gov.in/site_docs/PDFs/Circulars/Y2025-2026/Circular_RemovalOfUploadingImage.pdf,Compiled from source records. EPFO does not publish a numbered rejection-code list; portal remarks are the operative text.
epfo-rr-105-official,epfo-rr-105,NRI / FEMA bank account issue — resident account after non-resident status or NRE/foreign account used,NRI Information guides: EPFO pays only to an Indian bank account; after becoming NRI the receiving account should be NRO; NRE or foreign accounts are not the proper credit path; continuing credits to a resident savings account after non-resident status is a FEMA problem.,official_or_commonly_seen_status,Bank_Payment,high,high,https://nriinformation.com/returning-to-india/nri-provident-fund-guide | https://nriinformation.com/nri-info/indian-pension-abroad | https://www.epfindia.gov.in/site_en/International_workers.php | https://www.epfindia.gov.in/site_docs/PDFs/Circulars/Y2025-2026/Circular_RemovalOfUploadingImage.pdf,FEMA guidance from NRI explainers; EPFO still requires Indian account.
epfo-rr-106-a01,epfo-rr-106,Cancelled cheque upload demanded or rejected despite NPCI-verified bank KYC (post-removal circular edge case),Cancelled cheque still required,alias_or_portal_remark,Bank_Payment,medium,high,https://www.epfindia.gov.in/site_docs/PDFs/Circulars/Y2025-2026/Circular_RemovalOfUploadingImage.pdf | https://www.timesnownews.com/business-economy/personal-finance/epfo-processed-8-3-crore-claims-in-fy26-cancelled-cheque-upload-no-longer-required-article-155357857 | https://www.livemint.com/money/personal-finance/epfo-top-reasons-your-employees-provident-fund-settlement-claims-rejected-explained-epf-scheme-document-errors-mismatch-11783073513956.html | https://unifiedportal-mem.epfindia.gov.in/memberinterface/,Compiled from source records. EPFO does not publish a numbered rejection-code list; portal remarks are the operative text.
epfo-rr-106-a02,epfo-rr-106,Cancelled cheque upload demanded or rejected despite NPCI-verified bank KYC (post-removal circular edge case),Cheque upload rejected though bank verified,alias_or_portal_remark,Bank_Payment,medium,high,https://www.epfindia.gov.in/site_docs/PDFs/Circulars/Y2025-2026/Circular_RemovalOfUploadingImage.pdf | https://www.timesnownews.com/business-economy/personal-finance/epfo-processed-8-3-crore-claims-in-fy26-cancelled-cheque-upload-no-longer-required-article-155357857 | https://www.livemint.com/money/personal-finance/epfo-top-reasons-your-employees-provident-fund-settlement-claims-rejected-explained-epf-scheme-document-errors-mismatch-11783073513956.html | https://unifiedportal-mem.epfindia.gov.in/memberinterface/,Compiled from source records. EPFO does not publish a numbered rejection-code list; portal remarks are the operative text.
epfo-rr-106-a03,epfo-rr-106,Cancelled cheque upload demanded or rejected despite NPCI-verified bank KYC (post-removal circular edge case),Passbook image asked after NPCI success,alias_or_portal_remark,Bank_Payment,medium,high,https://www.epfindia.gov.in/site_docs/PDFs/Circulars/Y2025-2026/Circular_RemovalOfUploadingImage.pdf | https://www.timesnownews.com/business-economy/personal-finance/epfo-processed-8-3-crore-claims-in-fy26-cancelled-cheque-upload-no-longer-required-article-155357857 | https://www.livemint.com/money/personal-finance/epfo-top-reasons-your-employees-provident-fund-settlement-claims-rejected-explained-epf-scheme-document-errors-mismatch-11783073513956.html | https://unifiedportal-mem.epfindia.gov.in/memberinterface/,Compiled from source records. EPFO does not publish a numbered rejection-code list; portal remarks are the operative text.
epfo-rr-106-a04,epfo-rr-106,Cancelled cheque upload demanded or rejected despite NPCI-verified bank KYC (post-removal circular edge case),Circular removal of cheque upload not applied,alias_or_portal_remark,Bank_Payment,medium,high,https://www.epfindia.gov.in/site_docs/PDFs/Circulars/Y2025-2026/Circular_RemovalOfUploadingImage.pdf | https://www.timesnownews.com/business-economy/personal-finance/epfo-processed-8-3-crore-claims-in-fy26-cancelled-cheque-upload-no-longer-required-article-155357857 | https://www.livemint.com/money/personal-finance/epfo-top-reasons-your-employees-provident-fund-settlement-claims-rejected-explained-epf-scheme-document-errors-mismatch-11783073513956.html | https://unifiedportal-mem.epfindia.gov.in/memberinterface/,Compiled from source records. EPFO does not publish a numbered rejection-code list; portal remarks are the operative text.
epfo-rr-106-a05,epfo-rr-106,Cancelled cheque upload demanded or rejected despite NPCI-verified bank KYC (post-removal circular edge case),Cancelled cheque still demanded,alias_or_portal_remark,Bank_Payment,medium,high,https://www.epfindia.gov.in/site_docs/PDFs/Circulars/Y2025-2026/Circular_RemovalOfUploadingImage.pdf | https://www.timesnownews.com/business-economy/personal-finance/epfo-processed-8-3-crore-claims-in-fy26-cancelled-cheque-upload-no-longer-required-article-155357857 | https://www.livemint.com/money/personal-finance/epfo-top-reasons-your-employees-provident-fund-settlement-claims-rejected-explained-epf-scheme-document-errors-mismatch-11783073513956.html | https://unifiedportal-mem.epfindia.gov.in/memberinterface/,Compiled from source records. EPFO does not publish a numbered rejection-code list; portal remarks are the operative text.
epfo-rr-106-a06,epfo-rr-106,Cancelled cheque upload demanded or rejected despite NPCI-verified bank KYC (post-removal circular edge case),Cheque image upload no longer required,alias_or_portal_remark,Bank_Payment,medium,high,https://www.epfindia.gov.in/site_docs/PDFs/Circulars/Y2025-2026/Circular_RemovalOfUploadingImage.pdf | https://www.timesnownews.com/business-economy/personal-finance/epfo-processed-8-3-crore-claims-in-fy26-cancelled-cheque-upload-no-longer-required-article-155357857 | https://www.livemint.com/money/personal-finance/epfo-top-reasons-your-employees-provident-fund-settlement-claims-rejected-explained-epf-scheme-document-errors-mismatch-11783073513956.html | https://unifiedportal-mem.epfindia.gov.in/memberinterface/,Compiled from source records. EPFO does not publish a numbered rejection-code list; portal remarks are the operative text.
epfo-rr-106-a07,epfo-rr-106,Cancelled cheque upload demanded or rejected despite NPCI-verified bank KYC (post-removal circular edge case),NPCI verified still asking cheque,alias_or_portal_remark,Bank_Payment,medium,high,https://www.epfindia.gov.in/site_docs/PDFs/Circulars/Y2025-2026/Circular_RemovalOfUploadingImage.pdf | https://www.timesnownews.com/business-economy/personal-finance/epfo-processed-8-3-crore-claims-in-fy26-cancelled-cheque-upload-no-longer-required-article-155357857 | https://www.livemint.com/money/personal-finance/epfo-top-reasons-your-employees-provident-fund-settlement-claims-rejected-explained-epf-scheme-document-errors-mismatch-11783073513956.html | https://unifiedportal-mem.epfindia.gov.in/memberinterface/,Compiled from source records. EPFO does not publish a numbered rejection-code list; portal remarks are the operative text.
epfo-rr-106-official,epfo-rr-106,Cancelled cheque upload demanded or rejected despite NPCI-verified bank KYC (post-removal circular edge case),EPFO circular on removal of cancelled-cheque image upload where NPCI verification succeeded; Times Now reporting cheque upload no longer required for large claim volumes. Mint still notes unclear cheque scans reject non-NPCI accounts.,official_or_commonly_seen_status,Bank_Payment,medium,high,https://www.epfindia.gov.in/site_docs/PDFs/Circulars/Y2025-2026/Circular_RemovalOfUploadingImage.pdf | https://www.timesnownews.com/business-economy/personal-finance/epfo-processed-8-3-crore-claims-in-fy26-cancelled-cheque-upload-no-longer-required-article-155357857 | https://www.livemint.com/money/personal-finance/epfo-top-reasons-your-employees-provident-fund-settlement-claims-rejected-explained-epf-scheme-document-errors-mismatch-11783073513956.html | https://unifiedportal-mem.epfindia.gov.in/memberinterface/,
epfo-rr-107-a01,epfo-rr-107,Member dies while a claim is pending — settlement path must switch to death claims,Member deceased mid claim,alias_or_portal_remark,Nominee_Death,critical,high,https://www.epfindia.gov.in/site_en/WhichClaimForm.php?id=in_sm | https://kustodian.life/resources/epf-death-claim-process-india | https://www.epfindia.gov.in/site_docs/PDFs/Downloads_PDFs/Form20.pdf | https://zeenews.india.com/personal-finance/pf-settlement-money-may-not-reach-your-family-for-a-common-mistake-your-e-nomination-will-not-be-valid-until-you-do-this-3054752.html | https://epfigms.gov.in/,Compiled from source records. EPFO does not publish a numbered rejection-code list; portal remarks are the operative text.
epfo-rr-107-a02,epfo-rr-107,Member dies while a claim is pending — settlement path must switch to death claims,Claimant died during processing,alias_or_portal_remark,Nominee_Death,critical,high,https://www.epfindia.gov.in/site_en/WhichClaimForm.php?id=in_sm | https://kustodian.life/resources/epf-death-claim-process-india | https://www.epfindia.gov.in/site_docs/PDFs/Downloads_PDFs/Form20.pdf | https://zeenews.india.com/personal-finance/pf-settlement-money-may-not-reach-your-family-for-a-common-mistake-your-e-nomination-will-not-be-valid-until-you-do-this-3054752.html | https://epfigms.gov.in/,Compiled from source records. EPFO does not publish a numbered rejection-code list; portal remarks are the operative text.
epfo-rr-107-a03,epfo-rr-107,Member dies while a claim is pending — settlement path must switch to death claims,Pending Form 19 after death of member,alias_or_portal_remark,Nominee_Death,critical,high,https://www.epfindia.gov.in/site_en/WhichClaimForm.php?id=in_sm | https://kustodian.life/resources/epf-death-claim-process-india | https://www.epfindia.gov.in/site_docs/PDFs/Downloads_PDFs/Form20.pdf | https://zeenews.india.com/personal-finance/pf-settlement-money-may-not-reach-your-family-for-a-common-mistake-your-e-nomination-will-not-be-valid-until-you-do-this-3054752.html | https://epfigms.gov.in/,Compiled from source records. EPFO does not publish a numbered rejection-code list; portal remarks are the operative text.
epfo-rr-107-a04,epfo-rr-107,Member dies while a claim is pending — settlement path must switch to death claims,Death during under process claim,alias_or_portal_remark,Nominee_Death,critical,high,https://www.epfindia.gov.in/site_en/WhichClaimForm.php?id=in_sm | https://kustodian.life/resources/epf-death-claim-process-india | https://www.epfindia.gov.in/site_docs/PDFs/Downloads_PDFs/Form20.pdf | https://zeenews.india.com/personal-finance/pf-settlement-money-may-not-reach-your-family-for-a-common-mistake-your-e-nomination-will-not-be-valid-until-you-do-this-3054752.html | https://epfigms.gov.in/,Compiled from source records. EPFO does not publish a numbered rejection-code list; portal remarks are the operative text.
epfo-rr-107-official,epfo-rr-107,Member dies while a claim is pending — settlement path must switch to death claims,Death claims use Forms 20/10D/5IF per Which Claim Form; pending member-filed Form 19/31/10C cannot be completed as if the member were alive. Kustodian/Zee death guides stress nomination and death certificates.,official_or_commonly_seen_status,Nominee_Death,critical,high,https://www.epfindia.gov.in/site_en/WhichClaimForm.php?id=in_sm | https://kustodian.life/resources/epf-death-claim-process-india | https://www.epfindia.gov.in/site_docs/PDFs/Downloads_PDFs/Form20.pdf | https://zeenews.india.com/personal-finance/pf-settlement-money-may-not-reach-your-family-for-a-common-mistake-your-e-nomination-will-not-be-valid-until-you-do-this-3054752.html | https://epfigms.gov.in/,
epfo-rr-108-a01,epfo-rr-108,Orphan pension (Form 10D) documentation or eligibility gaps,Orphan pension rejected,alias_or_portal_remark,Nominee_Death,high,medium,https://www.epfindia.gov.in/site_en/WhichClaimForm.php?id=in_sm | https://www.epfindia.gov.in/site_docs/PDFs/Downloads_PDFs/Form10D.pdf | https://kustodian.life/resources/epf-form-10d-the-2026-guide-to-claiming-your-monthly-pension | https://www.etnownews.com/personal-finance/epfo-pension-rules-why-eps-claims-get-rejected-govt-reveals-basis-errors-kyc-aadhaar-and-more-article-153801634 | https://www.financialexpress.com/money/epfo-pension-rules-settlement-in-20-days-but-heres-why-many-eps-claims-still-get-rejected-4168274/,Compiled from source records. EPFO does not publish a numbered rejection-code list; portal remarks are the operative text.
epfo-rr-108-a02,epfo-rr-108,Orphan pension (Form 10D) documentation or eligibility gaps,Children pension without surviving parent failed,alias_or_portal_remark,Nominee_Death,high,medium,https://www.epfindia.gov.in/site_en/WhichClaimForm.php?id=in_sm | https://www.epfindia.gov.in/site_docs/PDFs/Downloads_PDFs/Form10D.pdf | https://kustodian.life/resources/epf-form-10d-the-2026-guide-to-claiming-your-monthly-pension | https://www.etnownews.com/personal-finance/epfo-pension-rules-why-eps-claims-get-rejected-govt-reveals-basis-errors-kyc-aadhaar-and-more-article-153801634 | https://www.financialexpress.com/money/epfo-pension-rules-settlement-in-20-days-but-heres-why-many-eps-claims-still-get-rejected-4168274/,Compiled from source records. EPFO does not publish a numbered rejection-code list; portal remarks are the operative text.
epfo-rr-108-a03,epfo-rr-108,Orphan pension (Form 10D) documentation or eligibility gaps,Form 10D orphan claim documents missing,alias_or_portal_remark,Nominee_Death,high,medium,https://www.epfindia.gov.in/site_en/WhichClaimForm.php?id=in_sm | https://www.epfindia.gov.in/site_docs/PDFs/Downloads_PDFs/Form10D.pdf | https://kustodian.life/resources/epf-form-10d-the-2026-guide-to-claiming-your-monthly-pension | https://www.etnownews.com/personal-finance/epfo-pension-rules-why-eps-claims-get-rejected-govt-reveals-basis-errors-kyc-aadhaar-and-more-article-153801634 | https://www.financialexpress.com/money/epfo-pension-rules-settlement-in-20-days-but-heres-why-many-eps-claims-still-get-rejected-4168274/,Compiled from source records. EPFO does not publish a numbered rejection-code list; portal remarks are the operative text.
epfo-rr-108-a04,epfo-rr-108,Orphan pension (Form 10D) documentation or eligibility gaps,Orphan EPS pension not approved,alias_or_portal_remark,Nominee_Death,high,medium,https://www.epfindia.gov.in/site_en/WhichClaimForm.php?id=in_sm | https://www.epfindia.gov.in/site_docs/PDFs/Downloads_PDFs/Form10D.pdf | https://kustodian.life/resources/epf-form-10d-the-2026-guide-to-claiming-your-monthly-pension | https://www.etnownews.com/personal-finance/epfo-pension-rules-why-eps-claims-get-rejected-govt-reveals-basis-errors-kyc-aadhaar-and-more-article-153801634 | https://www.financialexpress.com/money/epfo-pension-rules-settlement-in-20-days-but-heres-why-many-eps-claims-still-get-rejected-4168274/,Compiled from source records. EPFO does not publish a numbered rejection-code list; portal remarks are the operative text.
epfo-rr-108-official,epfo-rr-108,Orphan pension (Form 10D) documentation or eligibility gaps,"EPFO Which Claim Form / Form 10D framework provides family pension including children; secondary explainers describe orphan pension when both parents deceased, with age limits and higher percentage than single-parent child pension. ET Now/Outlook cite incomplete family documents as top EPS rejection causes.",official_or_commonly_seen_status,Nominee_Death,high,medium,https://www.epfindia.gov.in/site_en/WhichClaimForm.php?id=in_sm | https://www.epfindia.gov.in/site_docs/PDFs/Downloads_PDFs/Form10D.pdf | https://kustodian.life/resources/epf-form-10d-the-2026-guide-to-claiming-your-monthly-pension | https://www.etnownews.com/personal-finance/epfo-pension-rules-why-eps-claims-get-rejected-govt-reveals-basis-errors-kyc-aadhaar-and-more-article-153801634 | https://www.financialexpress.com/money/epfo-pension-rules-settlement-in-20-days-but-heres-why-many-eps-claims-still-get-rejected-4168274/,Percentage/age figures from scheme explainers; confirm Form 10D instructions.
epfo-rr-109-a01,epfo-rr-109,"Widow/widower family pension rejected due to remarriage flag, marriage proof, or spouse KYC gaps",Widow pension rejected remarriage,alias_or_portal_remark,Nominee_Death,high,high,https://www.epfindia.gov.in/site_docs/PDFs/Downloads_PDFs/Form10D.pdf | https://kustodian.life/resources/epf-form-10d-the-2026-guide-to-claiming-your-monthly-pension | https://www.etnownews.com/personal-finance/epfo-pension-rules-why-eps-claims-get-rejected-govt-reveals-basis-errors-kyc-aadhaar-and-more-article-153801634 | https://www.outlookmoney.com/retirement/pension/epf-claim-settlement-why-epfo-rejects-the-claims-and-what-subscribers-can-do | https://www.epfindia.gov.in/site_en/WhichClaimForm.php?id=in_sm,Compiled from source records. EPFO does not publish a numbered rejection-code list; portal remarks are the operative text.
epfo-rr-109-a02,epfo-rr-109,"Widow/widower family pension rejected due to remarriage flag, marriage proof, or spouse KYC gaps",Widower Form 10D rejected,alias_or_portal_remark,Nominee_Death,high,high,https://www.epfindia.gov.in/site_docs/PDFs/Downloads_PDFs/Form10D.pdf | https://kustodian.life/resources/epf-form-10d-the-2026-guide-to-claiming-your-monthly-pension | https://www.etnownews.com/personal-finance/epfo-pension-rules-why-eps-claims-get-rejected-govt-reveals-basis-errors-kyc-aadhaar-and-more-article-153801634 | https://www.outlookmoney.com/retirement/pension/epf-claim-settlement-why-epfo-rejects-the-claims-and-what-subscribers-can-do | https://www.epfindia.gov.in/site_en/WhichClaimForm.php?id=in_sm,Compiled from source records. EPFO does not publish a numbered rejection-code list; portal remarks are the operative text.
epfo-rr-109-a03,epfo-rr-109,"Widow/widower family pension rejected due to remarriage flag, marriage proof, or spouse KYC gaps",Spouse pension Aadhaar mismatch,alias_or_portal_remark,Nominee_Death,high,high,https://www.epfindia.gov.in/site_docs/PDFs/Downloads_PDFs/Form10D.pdf | https://kustodian.life/resources/epf-form-10d-the-2026-guide-to-claiming-your-monthly-pension | https://www.etnownews.com/personal-finance/epfo-pension-rules-why-eps-claims-get-rejected-govt-reveals-basis-errors-kyc-aadhaar-and-more-article-153801634 | https://www.outlookmoney.com/retirement/pension/epf-claim-settlement-why-epfo-rejects-the-claims-and-what-subscribers-can-do | https://www.epfindia.gov.in/site_en/WhichClaimForm.php?id=in_sm,Compiled from source records. EPFO does not publish a numbered rejection-code list; portal remarks are the operative text.
epfo-rr-109-a04,epfo-rr-109,"Widow/widower family pension rejected due to remarriage flag, marriage proof, or spouse KYC gaps",Family pension stopped remarriage,alias_or_portal_remark,Nominee_Death,high,high,https://www.epfindia.gov.in/site_docs/PDFs/Downloads_PDFs/Form10D.pdf | https://kustodian.life/resources/epf-form-10d-the-2026-guide-to-claiming-your-monthly-pension | https://www.etnownews.com/personal-finance/epfo-pension-rules-why-eps-claims-get-rejected-govt-reveals-basis-errors-kyc-aadhaar-and-more-article-153801634 | https://www.outlookmoney.com/retirement/pension/epf-claim-settlement-why-epfo-rejects-the-claims-and-what-subscribers-can-do | https://www.epfindia.gov.in/site_en/WhichClaimForm.php?id=in_sm,Compiled from source records. EPFO does not publish a numbered rejection-code list; portal remarks are the operative text.
epfo-rr-109-a05,epfo-rr-109,"Widow/widower family pension rejected due to remarriage flag, marriage proof, or spouse KYC gaps",Widow pension remarriage issue,alias_or_portal_remark,Nominee_Death,high,high,https://www.epfindia.gov.in/site_docs/PDFs/Downloads_PDFs/Form10D.pdf | https://kustodian.life/resources/epf-form-10d-the-2026-guide-to-claiming-your-monthly-pension | https://www.etnownews.com/personal-finance/epfo-pension-rules-why-eps-claims-get-rejected-govt-reveals-basis-errors-kyc-aadhaar-and-more-article-153801634 | https://www.outlookmoney.com/retirement/pension/epf-claim-settlement-why-epfo-rejects-the-claims-and-what-subscribers-can-do | https://www.epfindia.gov.in/site_en/WhichClaimForm.php?id=in_sm,Compiled from source records. EPFO does not publish a numbered rejection-code list; portal remarks are the operative text.
epfo-rr-109-a06,epfo-rr-109,"Widow/widower family pension rejected due to remarriage flag, marriage proof, or spouse KYC gaps",Spouse KYC pending family pension,alias_or_portal_remark,Nominee_Death,high,high,https://www.epfindia.gov.in/site_docs/PDFs/Downloads_PDFs/Form10D.pdf | https://kustodian.life/resources/epf-form-10d-the-2026-guide-to-claiming-your-monthly-pension | https://www.etnownews.com/personal-finance/epfo-pension-rules-why-eps-claims-get-rejected-govt-reveals-basis-errors-kyc-aadhaar-and-more-article-153801634 | https://www.outlookmoney.com/retirement/pension/epf-claim-settlement-why-epfo-rejects-the-claims-and-what-subscribers-can-do | https://www.epfindia.gov.in/site_en/WhichClaimForm.php?id=in_sm,Compiled from source records. EPFO does not publish a numbered rejection-code list; portal remarks are the operative text.
epfo-rr-109-a07,epfo-rr-109,"Widow/widower family pension rejected due to remarriage flag, marriage proof, or spouse KYC gaps",Marriage proof for widow Form 10D,alias_or_portal_remark,Nominee_Death,high,high,https://www.epfindia.gov.in/site_docs/PDFs/Downloads_PDFs/Form10D.pdf | https://kustodian.life/resources/epf-form-10d-the-2026-guide-to-claiming-your-monthly-pension | https://www.etnownews.com/personal-finance/epfo-pension-rules-why-eps-claims-get-rejected-govt-reveals-basis-errors-kyc-aadhaar-and-more-article-153801634 | https://www.outlookmoney.com/retirement/pension/epf-claim-settlement-why-epfo-rejects-the-claims-and-what-subscribers-can-do | https://www.epfindia.gov.in/site_en/WhichClaimForm.php?id=in_sm,Compiled from source records. EPFO does not publish a numbered rejection-code list; portal remarks are the operative text.
epfo-rr-109-official,epfo-rr-109,"Widow/widower family pension rejected due to remarriage flag, marriage proof, or spouse KYC gaps",Form 10D family pension rules stop or bar widow pension on remarriage in scheme design; ET Now and Outlook list incomplete family/death/nominee documents among top EPS rejects. Spouse name missing in database is a known twin issue.,official_or_commonly_seen_status,Nominee_Death,high,high,https://www.epfindia.gov.in/site_docs/PDFs/Downloads_PDFs/Form10D.pdf | https://kustodian.life/resources/epf-form-10d-the-2026-guide-to-claiming-your-monthly-pension | https://www.etnownews.com/personal-finance/epfo-pension-rules-why-eps-claims-get-rejected-govt-reveals-basis-errors-kyc-aadhaar-and-more-article-153801634 | https://www.outlookmoney.com/retirement/pension/epf-claim-settlement-why-epfo-rejects-the-claims-and-what-subscribers-can-do | https://www.epfindia.gov.in/site_en/WhichClaimForm.php?id=in_sm,
epfo-rr-110-a01,epfo-rr-110,Form 10D reduced early pension claimed when full pension intended (or vice versa),Reduced pension vs full pension confusion,alias_or_portal_remark,Eligibility_Service,medium,high,https://www.epfindia.gov.in/site_docs/PDFs/MiscPDFs/OCS_FAQ_Eligibility_102017.pdf | https://kustodian.life/resources/epf-form-10d-the-2026-guide-to-claiming-your-monthly-pension | https://www.epfindia.gov.in/site_en/WhichClaimForm.php?id=in_sm | https://www.financialexpress.com/money/epfo-pension-rules-settlement-in-20-days-but-heres-why-many-eps-claims-still-get-rejected-4168274/,Compiled from source records. EPFO does not publish a numbered rejection-code list; portal remarks are the operative text.
epfo-rr-110-a02,epfo-rr-110,Form 10D reduced early pension claimed when full pension intended (or vice versa),Early pension at 50 rejected,alias_or_portal_remark,Eligibility_Service,medium,high,https://www.epfindia.gov.in/site_docs/PDFs/MiscPDFs/OCS_FAQ_Eligibility_102017.pdf | https://kustodian.life/resources/epf-form-10d-the-2026-guide-to-claiming-your-monthly-pension | https://www.epfindia.gov.in/site_en/WhichClaimForm.php?id=in_sm | https://www.financialexpress.com/money/epfo-pension-rules-settlement-in-20-days-but-heres-why-many-eps-claims-still-get-rejected-4168274/,Compiled from source records. EPFO does not publish a numbered rejection-code list; portal remarks are the operative text.
epfo-rr-110-a03,epfo-rr-110,Form 10D reduced early pension claimed when full pension intended (or vice versa),Want full pension after taking reduced,alias_or_portal_remark,Eligibility_Service,medium,high,https://www.epfindia.gov.in/site_docs/PDFs/MiscPDFs/OCS_FAQ_Eligibility_102017.pdf | https://kustodian.life/resources/epf-form-10d-the-2026-guide-to-claiming-your-monthly-pension | https://www.epfindia.gov.in/site_en/WhichClaimForm.php?id=in_sm | https://www.financialexpress.com/money/epfo-pension-rules-settlement-in-20-days-but-heres-why-many-eps-claims-still-get-rejected-4168274/,Compiled from source records. EPFO does not publish a numbered rejection-code list; portal remarks are the operative text.
epfo-rr-110-a04,epfo-rr-110,Form 10D reduced early pension claimed when full pension intended (or vice versa),Form 10D early reduced pension mistake,alias_or_portal_remark,Eligibility_Service,medium,high,https://www.epfindia.gov.in/site_docs/PDFs/MiscPDFs/OCS_FAQ_Eligibility_102017.pdf | https://kustodian.life/resources/epf-form-10d-the-2026-guide-to-claiming-your-monthly-pension | https://www.epfindia.gov.in/site_en/WhichClaimForm.php?id=in_sm | https://www.financialexpress.com/money/epfo-pension-rules-settlement-in-20-days-but-heres-why-many-eps-claims-still-get-rejected-4168274/,Compiled from source records. EPFO does not publish a numbered rejection-code list; portal remarks are the operative text.
epfo-rr-110-official,epfo-rr-110,Form 10D reduced early pension claimed when full pension intended (or vice versa),OCS eligibility materials and Kustodian Form 10D guides: monthly pension normally from 58; reduced pension option from 50-57 permanently reduces quantum.,official_or_commonly_seen_status,Eligibility_Service,medium,high,https://www.epfindia.gov.in/site_docs/PDFs/MiscPDFs/OCS_FAQ_Eligibility_102017.pdf | https://kustodian.life/resources/epf-form-10d-the-2026-guide-to-claiming-your-monthly-pension | https://www.epfindia.gov.in/site_en/WhichClaimForm.php?id=in_sm | https://www.financialexpress.com/money/epfo-pension-rules-settlement-in-20-days-but-heres-why-many-eps-claims-still-get-rejected-4168274/,
epfo-rr-111-a01,epfo-rr-111,Disablement / physically handicapped pension (Form 10D) eligibility or medical board proof inadequate,Disablement pension rejected,alias_or_portal_remark,Eligibility_Service,medium,medium,https://www.epfindia.gov.in/site_en/WhichClaimForm.php?id=in_sm | https://www.epfindia.gov.in/site_docs/PDFs/Downloads_PDFs/Form10D.pdf | https://kustodian.life/resources/epf-form-10d-the-2026-guide-to-claiming-your-monthly-pension | https://www.epfindia.gov.in/site_docs/PDFs/MiscPDFs/OCS_FAQ_Eligibility_102017.pdf,Compiled from source records. EPFO does not publish a numbered rejection-code list; portal remarks are the operative text.
epfo-rr-111-a02,epfo-rr-111,Disablement / physically handicapped pension (Form 10D) eligibility or medical board proof inadequate,Permanent disability Form 10D rejected,alias_or_portal_remark,Eligibility_Service,medium,medium,https://www.epfindia.gov.in/site_en/WhichClaimForm.php?id=in_sm | https://www.epfindia.gov.in/site_docs/PDFs/Downloads_PDFs/Form10D.pdf | https://kustodian.life/resources/epf-form-10d-the-2026-guide-to-claiming-your-monthly-pension | https://www.epfindia.gov.in/site_docs/PDFs/MiscPDFs/OCS_FAQ_Eligibility_102017.pdf,Compiled from source records. EPFO does not publish a numbered rejection-code list; portal remarks are the operative text.
epfo-rr-111-a03,epfo-rr-111,Disablement / physically handicapped pension (Form 10D) eligibility or medical board proof inadequate,Medical board certificate missing pension,alias_or_portal_remark,Eligibility_Service,medium,medium,https://www.epfindia.gov.in/site_en/WhichClaimForm.php?id=in_sm | https://www.epfindia.gov.in/site_docs/PDFs/Downloads_PDFs/Form10D.pdf | https://kustodian.life/resources/epf-form-10d-the-2026-guide-to-claiming-your-monthly-pension | https://www.epfindia.gov.in/site_docs/PDFs/MiscPDFs/OCS_FAQ_Eligibility_102017.pdf,Compiled from source records. EPFO does not publish a numbered rejection-code list; portal remarks are the operative text.
epfo-rr-111-a04,epfo-rr-111,Disablement / physically handicapped pension (Form 10D) eligibility or medical board proof inadequate,Handicapped pension EPS not approved,alias_or_portal_remark,Eligibility_Service,medium,medium,https://www.epfindia.gov.in/site_en/WhichClaimForm.php?id=in_sm | https://www.epfindia.gov.in/site_docs/PDFs/Downloads_PDFs/Form10D.pdf | https://kustodian.life/resources/epf-form-10d-the-2026-guide-to-claiming-your-monthly-pension | https://www.epfindia.gov.in/site_docs/PDFs/MiscPDFs/OCS_FAQ_Eligibility_102017.pdf,Compiled from source records. EPFO does not publish a numbered rejection-code list; portal remarks are the operative text.
epfo-rr-111-official,epfo-rr-111,Disablement / physically handicapped pension (Form 10D) eligibility or medical board proof inadequate,Which Claim Form / EPS framework provides disablement pension distinct from old-age pension; medical certification requirements apply.,official_or_commonly_seen_status,Eligibility_Service,medium,medium,https://www.epfindia.gov.in/site_en/WhichClaimForm.php?id=in_sm | https://www.epfindia.gov.in/site_docs/PDFs/Downloads_PDFs/Form10D.pdf | https://kustodian.life/resources/epf-form-10d-the-2026-guide-to-claiming-your-monthly-pension | https://www.epfindia.gov.in/site_docs/PDFs/MiscPDFs/OCS_FAQ_Eligibility_102017.pdf,RO checklist controls medical threshold.
epfo-rr-112-a01,epfo-rr-112,Life certificate / Jeevan Pramaan not submitted — pension stopped or credit blocked,Life certificate not submitted,alias_or_portal_remark,Compliance_Legal,high,high,https://jeevanpramaan.gov.in | https://nriinformation.com/nri-info/indian-pension-abroad | https://kustodian.life/resources/epf-form-10d-the-2026-guide-to-claiming-your-monthly-pension | https://www.epfindia.gov.in,Compiled from source records. EPFO does not publish a numbered rejection-code list; portal remarks are the operative text.
epfo-rr-112-a02,epfo-rr-112,Life certificate / Jeevan Pramaan not submitted — pension stopped or credit blocked,Jeevan Pramaan pending pension,alias_or_portal_remark,Compliance_Legal,high,high,https://jeevanpramaan.gov.in | https://nriinformation.com/nri-info/indian-pension-abroad | https://kustodian.life/resources/epf-form-10d-the-2026-guide-to-claiming-your-monthly-pension | https://www.epfindia.gov.in,Compiled from source records. EPFO does not publish a numbered rejection-code list; portal remarks are the operative text.
epfo-rr-112-a03,epfo-rr-112,Life certificate / Jeevan Pramaan not submitted — pension stopped or credit blocked,Digital life certificate overdue,alias_or_portal_remark,Compliance_Legal,high,high,https://jeevanpramaan.gov.in | https://nriinformation.com/nri-info/indian-pension-abroad | https://kustodian.life/resources/epf-form-10d-the-2026-guide-to-claiming-your-monthly-pension | https://www.epfindia.gov.in,Compiled from source records. EPFO does not publish a numbered rejection-code list; portal remarks are the operative text.
epfo-rr-112-a04,epfo-rr-112,Life certificate / Jeevan Pramaan not submitted — pension stopped or credit blocked,Pension stopped LC not given,alias_or_portal_remark,Compliance_Legal,high,high,https://jeevanpramaan.gov.in | https://nriinformation.com/nri-info/indian-pension-abroad | https://kustodian.life/resources/epf-form-10d-the-2026-guide-to-claiming-your-monthly-pension | https://www.epfindia.gov.in,Compiled from source records. EPFO does not publish a numbered rejection-code list; portal remarks are the operative text.
epfo-rr-112-official,epfo-rr-112,Life certificate / Jeevan Pramaan not submitted — pension stopped or credit blocked,Jeevan Pramaan is the official digital life-certificate platform for pensioners; NRI pension explainers stress annual life certificate to keep EPS pension flowing.,official_or_commonly_seen_status,Compliance_Legal,high,high,https://jeevanpramaan.gov.in | https://nriinformation.com/nri-info/indian-pension-abroad | https://kustodian.life/resources/epf-form-10d-the-2026-guide-to-claiming-your-monthly-pension | https://www.epfindia.gov.in,
epfo-rr-113-a01,epfo-rr-113,Portal remark Member not eligible for this claim type due to life-status mismatch,Member not eligible for this claim type,alias_or_portal_remark,Technical_Portal,high,high,https://pfbalancecheck.com/epfo-claim-rejected-reason/ | https://kustodian.life/resources/epf-claim-rejected-reasons-guide | https://www.epfindia.gov.in/site_docs/PDFs/MiscPDFs/FAQ_OCS_050517_1017.pdf | https://unifiedportal-mem.epfindia.gov.in/memberinterface/,Compiled from source records. EPFO does not publish a numbered rejection-code list; portal remarks are the operative text.
epfo-rr-113-a02,epfo-rr-113,Portal remark Member not eligible for this claim type due to life-status mismatch,Claim type not allowed for member,alias_or_portal_remark,Technical_Portal,high,high,https://pfbalancecheck.com/epfo-claim-rejected-reason/ | https://kustodian.life/resources/epf-claim-rejected-reasons-guide | https://www.epfindia.gov.in/site_docs/PDFs/MiscPDFs/FAQ_OCS_050517_1017.pdf | https://unifiedportal-mem.epfindia.gov.in/memberinterface/,Compiled from source records. EPFO does not publish a numbered rejection-code list; portal remarks are the operative text.
epfo-rr-113-a03,epfo-rr-113,Portal remark Member not eligible for this claim type due to life-status mismatch,You are not eligible to raise this claim,alias_or_portal_remark,Technical_Portal,high,high,https://pfbalancecheck.com/epfo-claim-rejected-reason/ | https://kustodian.life/resources/epf-claim-rejected-reasons-guide | https://www.epfindia.gov.in/site_docs/PDFs/MiscPDFs/FAQ_OCS_050517_1017.pdf | https://unifiedportal-mem.epfindia.gov.in/memberinterface/,Compiled from source records. EPFO does not publish a numbered rejection-code list; portal remarks are the operative text.
epfo-rr-113-a04,epfo-rr-113,Portal remark Member not eligible for this claim type due to life-status mismatch,Selected claim not available for UAN status,alias_or_portal_remark,Technical_Portal,high,high,https://pfbalancecheck.com/epfo-claim-rejected-reason/ | https://kustodian.life/resources/epf-claim-rejected-reasons-guide | https://www.epfindia.gov.in/site_docs/PDFs/MiscPDFs/FAQ_OCS_050517_1017.pdf | https://unifiedportal-mem.epfindia.gov.in/memberinterface/,Compiled from source records. EPFO does not publish a numbered rejection-code list; portal remarks are the operative text.
epfo-rr-113-a05,epfo-rr-113,Portal remark Member not eligible for this claim type due to life-status mismatch,Member not eligible life status mismatch,alias_or_portal_remark,Technical_Portal,high,high,https://pfbalancecheck.com/epfo-claim-rejected-reason/ | https://kustodian.life/resources/epf-claim-rejected-reasons-guide | https://www.epfindia.gov.in/site_docs/PDFs/MiscPDFs/FAQ_OCS_050517_1017.pdf | https://unifiedportal-mem.epfindia.gov.in/memberinterface/,Compiled from source records. EPFO does not publish a numbered rejection-code list; portal remarks are the operative text.
epfo-rr-113-a06,epfo-rr-113,Portal remark Member not eligible for this claim type due to life-status mismatch,Life status alive death claim blocked,alias_or_portal_remark,Technical_Portal,high,high,https://pfbalancecheck.com/epfo-claim-rejected-reason/ | https://kustodian.life/resources/epf-claim-rejected-reasons-guide | https://www.epfindia.gov.in/site_docs/PDFs/MiscPDFs/FAQ_OCS_050517_1017.pdf | https://unifiedportal-mem.epfindia.gov.in/memberinterface/,Compiled from source records. EPFO does not publish a numbered rejection-code list; portal remarks are the operative text.
epfo-rr-113-official,epfo-rr-113,Portal remark Member not eligible for this claim type due to life-status mismatch,"PFBalanceCheck/Kustodian and portal UX: system hides or rejects claim types that conflict with employment status, age, or service band.",official_or_commonly_seen_status,Technical_Portal,high,high,https://pfbalancecheck.com/epfo-claim-rejected-reason/ | https://kustodian.life/resources/epf-claim-rejected-reasons-guide | https://www.epfindia.gov.in/site_docs/PDFs/MiscPDFs/FAQ_OCS_050517_1017.pdf | https://unifiedportal-mem.epfindia.gov.in/memberinterface/,
epfo-rr-114-a01,epfo-rr-114,Claim stuck Under process indefinitely without settlement or clear reject remark,Under process for months,alias_or_portal_remark,Technical_Portal,medium,high,https://pfbalancecheck.com/epfo-claim-rejected-reason/ | https://www.citizennest.com/guide/pf-claim-rejected-fix | https://righttoinformation.wiki/pf-withdrawal-claim-rejected-without-reason-epfo-india | https://epfigms.gov.in/ | https://taxguru.in/corporate-law/standard-operating-procedure-sop-settlement-claims-epfo.html,Compiled from source records. EPFO does not publish a numbered rejection-code list; portal remarks are the operative text.
epfo-rr-114-a02,epfo-rr-114,Claim stuck Under process indefinitely without settlement or clear reject remark,Claim pending indefinitely,alias_or_portal_remark,Technical_Portal,medium,high,https://pfbalancecheck.com/epfo-claim-rejected-reason/ | https://www.citizennest.com/guide/pf-claim-rejected-fix | https://righttoinformation.wiki/pf-withdrawal-claim-rejected-without-reason-epfo-india | https://epfigms.gov.in/ | https://taxguru.in/corporate-law/standard-operating-procedure-sop-settlement-claims-epfo.html,Compiled from source records. EPFO does not publish a numbered rejection-code list; portal remarks are the operative text.
epfo-rr-114-a03,epfo-rr-114,Claim stuck Under process indefinitely without settlement or clear reject remark,No update on Track Claim,alias_or_portal_remark,Technical_Portal,medium,high,https://pfbalancecheck.com/epfo-claim-rejected-reason/ | https://www.citizennest.com/guide/pf-claim-rejected-fix | https://righttoinformation.wiki/pf-withdrawal-claim-rejected-without-reason-epfo-india | https://epfigms.gov.in/ | https://taxguru.in/corporate-law/standard-operating-procedure-sop-settlement-claims-epfo.html,Compiled from source records. EPFO does not publish a numbered rejection-code list; portal remarks are the operative text.
epfo-rr-114-a04,epfo-rr-114,Claim stuck Under process indefinitely without settlement or clear reject remark,Status under process forever,alias_or_portal_remark,Technical_Portal,medium,high,https://pfbalancecheck.com/epfo-claim-rejected-reason/ | https://www.citizennest.com/guide/pf-claim-rejected-fix | https://righttoinformation.wiki/pf-withdrawal-claim-rejected-without-reason-epfo-india | https://epfigms.gov.in/ | https://taxguru.in/corporate-law/standard-operating-procedure-sop-settlement-claims-epfo.html,Compiled from source records. EPFO does not publish a numbered rejection-code list; portal remarks are the operative text.
epfo-rr-114-a05,epfo-rr-114,Claim stuck Under process indefinitely without settlement or clear reject remark,Under process indefinitely,alias_or_portal_remark,Technical_Portal,medium,high,https://pfbalancecheck.com/epfo-claim-rejected-reason/ | https://www.citizennest.com/guide/pf-claim-rejected-fix | https://righttoinformation.wiki/pf-withdrawal-claim-rejected-without-reason-epfo-india | https://epfigms.gov.in/ | https://taxguru.in/corporate-law/standard-operating-procedure-sop-settlement-claims-epfo.html,Compiled from source records. EPFO does not publish a numbered rejection-code list; portal remarks are the operative text.
epfo-rr-114-a06,epfo-rr-114,Claim stuck Under process indefinitely without settlement or clear reject remark,Claim stuck no update,alias_or_portal_remark,Technical_Portal,medium,high,https://pfbalancecheck.com/epfo-claim-rejected-reason/ | https://www.citizennest.com/guide/pf-claim-rejected-fix | https://righttoinformation.wiki/pf-withdrawal-claim-rejected-without-reason-epfo-india | https://epfigms.gov.in/ | https://taxguru.in/corporate-law/standard-operating-procedure-sop-settlement-claims-epfo.html,Compiled from source records. EPFO does not publish a numbered rejection-code list; portal remarks are the operative text.
epfo-rr-114-a07,epfo-rr-114,Claim stuck Under process indefinitely without settlement or clear reject remark,Pending at field office long time,alias_or_portal_remark,Technical_Portal,medium,high,https://pfbalancecheck.com/epfo-claim-rejected-reason/ | https://www.citizennest.com/guide/pf-claim-rejected-fix | https://righttoinformation.wiki/pf-withdrawal-claim-rejected-without-reason-epfo-india | https://epfigms.gov.in/ | https://taxguru.in/corporate-law/standard-operating-procedure-sop-settlement-claims-epfo.html,Compiled from source records. EPFO does not publish a numbered rejection-code list; portal remarks are the operative text.
epfo-rr-114-official,epfo-rr-114,Claim stuck Under process indefinitely without settlement or clear reject remark,PFBalanceCheck distinguishes Under Process vs Settled vs Rejected. CitizenNest/RTI Wiki describe escalating parked files via EPFiGMS when no defect is named.,official_or_commonly_seen_status,Technical_Portal,medium,high,https://pfbalancecheck.com/epfo-claim-rejected-reason/ | https://www.citizennest.com/guide/pf-claim-rejected-fix | https://righttoinformation.wiki/pf-withdrawal-claim-rejected-without-reason-epfo-india | https://epfigms.gov.in/ | https://taxguru.in/corporate-law/standard-operating-procedure-sop-settlement-claims-epfo.html,
epfo-rr-115-a01,epfo-rr-115,Bank account changed after claim submission causing payment failure or re-validation reject,Bank changed after claim filed,alias_or_portal_remark,Bank_Payment,medium,high,https://www.livemint.com/money/personal-finance/epfo-top-reasons-your-employees-provident-fund-settlement-claims-rejected-explained-epf-scheme-document-errors-mismatch-11783073513956.html | https://pfbalancecheck.com/epfo-claim-rejected-reason/ | https://epfwala.com/pf-claim-status-shows-settled-but-amount-not-credited/ | https://righttoinformation.wiki/practical-guides/epfo-claim-settled-money-not-credited | https://www.epfindia.gov.in/site_docs/PDFs/Circulars/Y2025-2026/Circular_RemovalOfUploadingImage.pdf,Compiled from source records. EPFO does not publish a numbered rejection-code list; portal remarks are the operative text.
epfo-rr-115-a02,epfo-rr-115,Bank account changed after claim submission causing payment failure or re-validation reject,IFSC updated mid-claim,alias_or_portal_remark,Bank_Payment,medium,high,https://www.livemint.com/money/personal-finance/epfo-top-reasons-your-employees-provident-fund-settlement-claims-rejected-explained-epf-scheme-document-errors-mismatch-11783073513956.html | https://pfbalancecheck.com/epfo-claim-rejected-reason/ | https://epfwala.com/pf-claim-status-shows-settled-but-amount-not-credited/ | https://righttoinformation.wiki/practical-guides/epfo-claim-settled-money-not-credited | https://www.epfindia.gov.in/site_docs/PDFs/Circulars/Y2025-2026/Circular_RemovalOfUploadingImage.pdf,Compiled from source records. EPFO does not publish a numbered rejection-code list; portal remarks are the operative text.
epfo-rr-115-a03,epfo-rr-115,Bank account changed after claim submission causing payment failure or re-validation reject,New account not used for settlement,alias_or_portal_remark,Bank_Payment,medium,high,https://www.livemint.com/money/personal-finance/epfo-top-reasons-your-employees-provident-fund-settlement-claims-rejected-explained-epf-scheme-document-errors-mismatch-11783073513956.html | https://pfbalancecheck.com/epfo-claim-rejected-reason/ | https://epfwala.com/pf-claim-status-shows-settled-but-amount-not-credited/ | https://righttoinformation.wiki/practical-guides/epfo-claim-settled-money-not-credited | https://www.epfindia.gov.in/site_docs/PDFs/Circulars/Y2025-2026/Circular_RemovalOfUploadingImage.pdf,Compiled from source records. EPFO does not publish a numbered rejection-code list; portal remarks are the operative text.
epfo-rr-115-a04,epfo-rr-115,Bank account changed after claim submission causing payment failure or re-validation reject,Payment to old account failed after KYC change,alias_or_portal_remark,Bank_Payment,medium,high,https://www.livemint.com/money/personal-finance/epfo-top-reasons-your-employees-provident-fund-settlement-claims-rejected-explained-epf-scheme-document-errors-mismatch-11783073513956.html | https://pfbalancecheck.com/epfo-claim-rejected-reason/ | https://epfwala.com/pf-claim-status-shows-settled-but-amount-not-credited/ | https://righttoinformation.wiki/practical-guides/epfo-claim-settled-money-not-credited | https://www.epfindia.gov.in/site_docs/PDFs/Circulars/Y2025-2026/Circular_RemovalOfUploadingImage.pdf,Compiled from source records. EPFO does not publish a numbered rejection-code list; portal remarks are the operative text.
epfo-rr-115-official,epfo-rr-115,Bank account changed after claim submission causing payment failure or re-validation reject,Mint/PFBalanceCheck bank-rejection patterns and settled-but-not-credited guides: payment uses bank details validated for that claim.,official_or_commonly_seen_status,Bank_Payment,medium,high,https://www.livemint.com/money/personal-finance/epfo-top-reasons-your-employees-provident-fund-settlement-claims-rejected-explained-epf-scheme-document-errors-mismatch-11783073513956.html | https://pfbalancecheck.com/epfo-claim-rejected-reason/ | https://epfwala.com/pf-claim-status-shows-settled-but-amount-not-credited/ | https://righttoinformation.wiki/practical-guides/epfo-claim-settled-money-not-credited | https://www.epfindia.gov.in/site_docs/PDFs/Circulars/Y2025-2026/Circular_RemovalOfUploadingImage.pdf,
epfo-rr-116-a01,epfo-rr-116,Exempted establishment private trust transfer to EPFO failed or incomplete blocking later settlement,Exempted trust transfer failed,alias_or_portal_remark,Transfer_Related,high,high,https://kustodian.life/resources/epf-form-13-pf-transfer-online-offline-how-to-fill-pdf-status | https://kustodian.life/resources/provident-fund/form-5if-guide | https://www.citizennest.com/guide/epf-transfer-claim-rejected-fix | https://www.epfindia.gov.in/site_en/WhichClaimForm.php?id=in_sm | https://www.epfindia.gov.in/site_docs/PDFs/MiscPDFs/FAQ_OCS_050517_1017.pdf,Compiled from source records. EPFO does not publish a numbered rejection-code list; portal remarks are the operative text.
epfo-rr-116-a02,epfo-rr-116,Exempted establishment private trust transfer to EPFO failed or incomplete blocking later settlement,Private PF trust balance not received by EPFO,alias_or_portal_remark,Transfer_Related,high,high,https://kustodian.life/resources/epf-form-13-pf-transfer-online-offline-how-to-fill-pdf-status | https://kustodian.life/resources/provident-fund/form-5if-guide | https://www.citizennest.com/guide/epf-transfer-claim-rejected-fix | https://www.epfindia.gov.in/site_en/WhichClaimForm.php?id=in_sm | https://www.epfindia.gov.in/site_docs/PDFs/MiscPDFs/FAQ_OCS_050517_1017.pdf,Compiled from source records. EPFO does not publish a numbered rejection-code list; portal remarks are the operative text.
epfo-rr-116-a03,epfo-rr-116,Exempted establishment private trust transfer to EPFO failed or incomplete blocking later settlement,Trust to EPFO transfer pending,alias_or_portal_remark,Transfer_Related,high,high,https://kustodian.life/resources/epf-form-13-pf-transfer-online-offline-how-to-fill-pdf-status | https://kustodian.life/resources/provident-fund/form-5if-guide | https://www.citizennest.com/guide/epf-transfer-claim-rejected-fix | https://www.epfindia.gov.in/site_en/WhichClaimForm.php?id=in_sm | https://www.epfindia.gov.in/site_docs/PDFs/MiscPDFs/FAQ_OCS_050517_1017.pdf,Compiled from source records. EPFO does not publish a numbered rejection-code list; portal remarks are the operative text.
epfo-rr-116-a04,epfo-rr-116,Exempted establishment private trust transfer to EPFO failed or incomplete blocking later settlement,Exempted establishment Annexure issues on transfer,alias_or_portal_remark,Transfer_Related,high,high,https://kustodian.life/resources/epf-form-13-pf-transfer-online-offline-how-to-fill-pdf-status | https://kustodian.life/resources/provident-fund/form-5if-guide | https://www.citizennest.com/guide/epf-transfer-claim-rejected-fix | https://www.epfindia.gov.in/site_en/WhichClaimForm.php?id=in_sm | https://www.epfindia.gov.in/site_docs/PDFs/MiscPDFs/FAQ_OCS_050517_1017.pdf,Compiled from source records. EPFO does not publish a numbered rejection-code list; portal remarks are the operative text.
epfo-rr-116-official,epfo-rr-116,Exempted establishment private trust transfer to EPFO failed or incomplete blocking later settlement,Kustodian Form 13 and EDLI guides note extra certificates when establishments are exempted. This row focuses on failed trust-to-EPFO corpus/service transfer leaving settlement short.,official_or_commonly_seen_status,Transfer_Related,high,high,https://kustodian.life/resources/epf-form-13-pf-transfer-online-offline-how-to-fill-pdf-status | https://kustodian.life/resources/provident-fund/form-5if-guide | https://www.citizennest.com/guide/epf-transfer-claim-rejected-fix | https://www.epfindia.gov.in/site_en/WhichClaimForm.php?id=in_sm | https://www.epfindia.gov.in/site_docs/PDFs/MiscPDFs/FAQ_OCS_050517_1017.pdf,
epfo-rr-117-a01,epfo-rr-117,Wrong Regional Office jurisdiction or physical claim filed at incorrect PF office,Claim sent to wrong RO,alias_or_portal_remark,Other,medium,high,https://www.epfindia.gov.in | https://www.citizennest.com/guide/pf-claim-rejected-fix | https://www.citizennest.com/guide/epf-transfer-claim-rejected-fix | https://www.epfindia.gov.in/site_docs/PDFs/MiscPDFs/FAQ_OCS_050517_1017.pdf | https://unifiedportal-mem.epfindia.gov.in/memberinterface/,Compiled from source records. EPFO does not publish a numbered rejection-code list; portal remarks are the operative text.
epfo-rr-117-a02,epfo-rr-117,Wrong Regional Office jurisdiction or physical claim filed at incorrect PF office,Jurisdictional mismatch claim rejected,alias_or_portal_remark,Other,medium,high,https://www.epfindia.gov.in | https://www.citizennest.com/guide/pf-claim-rejected-fix | https://www.citizennest.com/guide/epf-transfer-claim-rejected-fix | https://www.epfindia.gov.in/site_docs/PDFs/MiscPDFs/FAQ_OCS_050517_1017.pdf | https://unifiedportal-mem.epfindia.gov.in/memberinterface/,Compiled from source records. EPFO does not publish a numbered rejection-code list; portal remarks are the operative text.
epfo-rr-117-a03,epfo-rr-117,Wrong Regional Office jurisdiction or physical claim filed at incorrect PF office,Establishment code different office,alias_or_portal_remark,Other,medium,high,https://www.epfindia.gov.in | https://www.citizennest.com/guide/pf-claim-rejected-fix | https://www.citizennest.com/guide/epf-transfer-claim-rejected-fix | https://www.epfindia.gov.in/site_docs/PDFs/MiscPDFs/FAQ_OCS_050517_1017.pdf | https://unifiedportal-mem.epfindia.gov.in/memberinterface/,Compiled from source records. EPFO does not publish a numbered rejection-code list; portal remarks are the operative text.
epfo-rr-117-a04,epfo-rr-117,Wrong Regional Office jurisdiction or physical claim filed at incorrect PF office,Physical claim submitted at incorrect PF office,alias_or_portal_remark,Other,medium,high,https://www.epfindia.gov.in | https://www.citizennest.com/guide/pf-claim-rejected-fix | https://www.citizennest.com/guide/epf-transfer-claim-rejected-fix | https://www.epfindia.gov.in/site_docs/PDFs/MiscPDFs/FAQ_OCS_050517_1017.pdf | https://unifiedportal-mem.epfindia.gov.in/memberinterface/,Compiled from source records. EPFO does not publish a numbered rejection-code list; portal remarks are the operative text.
epfo-rr-117-official,epfo-rr-117,Wrong Regional Office jurisdiction or physical claim filed at incorrect PF office,Sibling epfo-rr-080 covers establishment mapping. This expands physical-filing and routing where members submit paper at the wrong RO.,official_or_commonly_seen_status,Other,medium,high,https://www.epfindia.gov.in | https://www.citizennest.com/guide/pf-claim-rejected-fix | https://www.citizennest.com/guide/epf-transfer-claim-rejected-fix | https://www.epfindia.gov.in/site_docs/PDFs/MiscPDFs/FAQ_OCS_050517_1017.pdf | https://unifiedportal-mem.epfindia.gov.in/memberinterface/,
epfo-rr-118-a01,epfo-rr-118,Child pension stopped or rejected because beneficiary crossed age limit without disablement exception,Child pension age limit exceeded,alias_or_portal_remark,Nominee_Death,medium,medium,https://www.epfindia.gov.in/site_docs/PDFs/Downloads_PDFs/Form10D.pdf | https://kustodian.life/resources/epf-form-10d-the-2026-guide-to-claiming-your-monthly-pension | https://www.epfindia.gov.in/site_en/WhichClaimForm.php?id=in_sm | https://www.financialexpress.com/money/epfo-pension-rules-settlement-in-20-days-but-heres-why-many-eps-claims-still-get-rejected-4168274/,Compiled from source records. EPFO does not publish a numbered rejection-code list; portal remarks are the operative text.
epfo-rr-118-a02,epfo-rr-118,Child pension stopped or rejected because beneficiary crossed age limit without disablement exception,Son/daughter over 25 pension stopped,alias_or_portal_remark,Nominee_Death,medium,medium,https://www.epfindia.gov.in/site_docs/PDFs/Downloads_PDFs/Form10D.pdf | https://kustodian.life/resources/epf-form-10d-the-2026-guide-to-claiming-your-monthly-pension | https://www.epfindia.gov.in/site_en/WhichClaimForm.php?id=in_sm | https://www.financialexpress.com/money/epfo-pension-rules-settlement-in-20-days-but-heres-why-many-eps-claims-still-get-rejected-4168274/,Compiled from source records. EPFO does not publish a numbered rejection-code list; portal remarks are the operative text.
epfo-rr-118-a03,epfo-rr-118,Child pension stopped or rejected because beneficiary crossed age limit without disablement exception,Family pension child ineligible age,alias_or_portal_remark,Nominee_Death,medium,medium,https://www.epfindia.gov.in/site_docs/PDFs/Downloads_PDFs/Form10D.pdf | https://kustodian.life/resources/epf-form-10d-the-2026-guide-to-claiming-your-monthly-pension | https://www.epfindia.gov.in/site_en/WhichClaimForm.php?id=in_sm | https://www.financialexpress.com/money/epfo-pension-rules-settlement-in-20-days-but-heres-why-many-eps-claims-still-get-rejected-4168274/,Compiled from source records. EPFO does not publish a numbered rejection-code list; portal remarks are the operative text.
epfo-rr-118-a04,epfo-rr-118,Child pension stopped or rejected because beneficiary crossed age limit without disablement exception,Orphan child aged out of EPS,alias_or_portal_remark,Nominee_Death,medium,medium,https://www.epfindia.gov.in/site_docs/PDFs/Downloads_PDFs/Form10D.pdf | https://kustodian.life/resources/epf-form-10d-the-2026-guide-to-claiming-your-monthly-pension | https://www.epfindia.gov.in/site_en/WhichClaimForm.php?id=in_sm | https://www.financialexpress.com/money/epfo-pension-rules-settlement-in-20-days-but-heres-why-many-eps-claims-still-get-rejected-4168274/,Compiled from source records. EPFO does not publish a numbered rejection-code list; portal remarks are the operative text.
epfo-rr-118-official,epfo-rr-118,Child pension stopped or rejected because beneficiary crossed age limit without disablement exception,EPS family pension explainers and Form 10D practice: child pension generally continues until a stated age (commonly 25 in secondary guides) unless permanently disabled.,official_or_commonly_seen_status,Nominee_Death,medium,medium,https://www.epfindia.gov.in/site_docs/PDFs/Downloads_PDFs/Form10D.pdf | https://kustodian.life/resources/epf-form-10d-the-2026-guide-to-claiming-your-monthly-pension | https://www.epfindia.gov.in/site_en/WhichClaimForm.php?id=in_sm | https://www.financialexpress.com/money/epfo-pension-rules-settlement-in-20-days-but-heres-why-many-eps-claims-still-get-rejected-4168274/,Age cut-off from secondary explainers; confirm Form 10D/EPS text.
epfo-rr-119-a01,epfo-rr-119,Scheme Certificate not issued or lost blocking later Form 10D recognition of past service,Scheme certificate not generated,alias_or_portal_remark,Eligibility_Service,high,high,https://www.epfindia.gov.in/site_docs/PDFs/MiscPDFs/FAQ_OCS_050517_1017.pdf | https://kustodian.life/resources/epf-form-10d-the-2026-guide-to-claiming-your-monthly-pension | https://www.financialexpress.com/money/epfo-pension-rules-settlement-in-20-days-but-heres-why-many-eps-claims-still-get-rejected-4168274/ | https://www.epfindia.gov.in/site_en/WhichClaimForm.php?id=in_sm | https://kustodian.life/resources/epf-claim-rejected-because-of-eps-top-reasons-and-proven-fixes-india-2026-guide,Compiled from source records. EPFO does not publish a numbered rejection-code list; portal remarks are the operative text.
epfo-rr-119-a02,epfo-rr-119,Scheme Certificate not issued or lost blocking later Form 10D recognition of past service,Scheme certificate missing for pension,alias_or_portal_remark,Eligibility_Service,high,high,https://www.epfindia.gov.in/site_docs/PDFs/MiscPDFs/FAQ_OCS_050517_1017.pdf | https://kustodian.life/resources/epf-form-10d-the-2026-guide-to-claiming-your-monthly-pension | https://www.financialexpress.com/money/epfo-pension-rules-settlement-in-20-days-but-heres-why-many-eps-claims-still-get-rejected-4168274/ | https://www.epfindia.gov.in/site_en/WhichClaimForm.php?id=in_sm | https://kustodian.life/resources/epf-claim-rejected-because-of-eps-top-reasons-and-proven-fixes-india-2026-guide,Compiled from source records. EPFO does not publish a numbered rejection-code list; portal remarks are the operative text.
epfo-rr-119-a03,epfo-rr-119,Scheme Certificate not issued or lost blocking later Form 10D recognition of past service,10C scheme certificate pending,alias_or_portal_remark,Eligibility_Service,high,high,https://www.epfindia.gov.in/site_docs/PDFs/MiscPDFs/FAQ_OCS_050517_1017.pdf | https://kustodian.life/resources/epf-form-10d-the-2026-guide-to-claiming-your-monthly-pension | https://www.financialexpress.com/money/epfo-pension-rules-settlement-in-20-days-but-heres-why-many-eps-claims-still-get-rejected-4168274/ | https://www.epfindia.gov.in/site_en/WhichClaimForm.php?id=in_sm | https://kustodian.life/resources/epf-claim-rejected-because-of-eps-top-reasons-and-proven-fixes-india-2026-guide,Compiled from source records. EPFO does not publish a numbered rejection-code list; portal remarks are the operative text.
epfo-rr-119-a04,epfo-rr-119,Scheme Certificate not issued or lost blocking later Form 10D recognition of past service,Past EPS service not recognised without certificate,alias_or_portal_remark,Eligibility_Service,high,high,https://www.epfindia.gov.in/site_docs/PDFs/MiscPDFs/FAQ_OCS_050517_1017.pdf | https://kustodian.life/resources/epf-form-10d-the-2026-guide-to-claiming-your-monthly-pension | https://www.financialexpress.com/money/epfo-pension-rules-settlement-in-20-days-but-heres-why-many-eps-claims-still-get-rejected-4168274/ | https://www.epfindia.gov.in/site_en/WhichClaimForm.php?id=in_sm | https://kustodian.life/resources/epf-claim-rejected-because-of-eps-top-reasons-and-proven-fixes-india-2026-guide,Compiled from source records. EPFO does not publish a numbered rejection-code list; portal remarks are the operative text.
epfo-rr-119-official,epfo-rr-119,Scheme Certificate not issued or lost blocking later Form 10D recognition of past service,"OCS FAQ: after about 10 years pensionable service, cash 10C is wrong — member should take Scheme Certificate or later Form 10D. Kustodian/FE: missing past service/certificate issues delay pension.",official_or_commonly_seen_status,Eligibility_Service,high,high,https://www.epfindia.gov.in/site_docs/PDFs/MiscPDFs/FAQ_OCS_050517_1017.pdf | https://kustodian.life/resources/epf-form-10d-the-2026-guide-to-claiming-your-monthly-pension | https://www.financialexpress.com/money/epfo-pension-rules-settlement-in-20-days-but-heres-why-many-eps-claims-still-get-rejected-4168274/ | https://www.epfindia.gov.in/site_en/WhichClaimForm.php?id=in_sm | https://kustodian.life/resources/epf-claim-rejected-because-of-eps-top-reasons-and-proven-fixes-india-2026-guide,
epfo-rr-120-a01,epfo-rr-120,Online claim failed because last four digits of bank account verification did not match seeded KYC,Bank account last 4 digits not matching,alias_or_portal_remark,Technical_Portal,high,high,https://cleartax.in/s/epf-form-31 | https://unifiedportal-mem.epfindia.gov.in/memberinterface/ | https://www.epfindia.gov.in/site_docs/PDFs/MiscPDFs/FAQ_OCS_050517_1017.pdf | https://pfbalancecheck.com/epfo-claim-rejected-reason/ | https://www.livemint.com/money/personal-finance/epfo-top-reasons-your-employees-provident-fund-settlement-claims-rejected-explained-epf-scheme-document-errors-mismatch-11783073513956.html,Compiled from source records. EPFO does not publish a numbered rejection-code list; portal remarks are the operative text.
epfo-rr-120-a02,epfo-rr-120,Online claim failed because last four digits of bank account verification did not match seeded KYC,Enter bank account digits verification failed,alias_or_portal_remark,Technical_Portal,high,high,https://cleartax.in/s/epf-form-31 | https://unifiedportal-mem.epfindia.gov.in/memberinterface/ | https://www.epfindia.gov.in/site_docs/PDFs/MiscPDFs/FAQ_OCS_050517_1017.pdf | https://pfbalancecheck.com/epfo-claim-rejected-reason/ | https://www.livemint.com/money/personal-finance/epfo-top-reasons-your-employees-provident-fund-settlement-claims-rejected-explained-epf-scheme-document-errors-mismatch-11783073513956.html,Compiled from source records. EPFO does not publish a numbered rejection-code list; portal remarks are the operative text.
epfo-rr-120-a03,epfo-rr-120,Online claim failed because last four digits of bank account verification did not match seeded KYC,Account number mismatch at claim start,alias_or_portal_remark,Technical_Portal,high,high,https://cleartax.in/s/epf-form-31 | https://unifiedportal-mem.epfindia.gov.in/memberinterface/ | https://www.epfindia.gov.in/site_docs/PDFs/MiscPDFs/FAQ_OCS_050517_1017.pdf | https://pfbalancecheck.com/epfo-claim-rejected-reason/ | https://www.livemint.com/money/personal-finance/epfo-top-reasons-your-employees-provident-fund-settlement-claims-rejected-explained-epf-scheme-document-errors-mismatch-11783073513956.html,Compiled from source records. EPFO does not publish a numbered rejection-code list; portal remarks are the operative text.
epfo-rr-120-a04,epfo-rr-120,Online claim failed because last four digits of bank account verification did not match seeded KYC,Cannot proceed for online claim bank verify,alias_or_portal_remark,Technical_Portal,high,high,https://cleartax.in/s/epf-form-31 | https://unifiedportal-mem.epfindia.gov.in/memberinterface/ | https://www.epfindia.gov.in/site_docs/PDFs/MiscPDFs/FAQ_OCS_050517_1017.pdf | https://pfbalancecheck.com/epfo-claim-rejected-reason/ | https://www.livemint.com/money/personal-finance/epfo-top-reasons-your-employees-provident-fund-settlement-claims-rejected-explained-epf-scheme-document-errors-mismatch-11783073513956.html,Compiled from source records. EPFO does not publish a numbered rejection-code list; portal remarks are the operative text.
epfo-rr-120-official,epfo-rr-120,Online claim failed because last four digits of bank account verification did not match seeded KYC,ClearTax Form 31 online steps and member portal flow: claim wizard asks last 4 digits of bank account to verify against seeded KYC before proceeding.,official_or_commonly_seen_status,Technical_Portal,high,high,https://cleartax.in/s/epf-form-31 | https://unifiedportal-mem.epfindia.gov.in/memberinterface/ | https://www.epfindia.gov.in/site_docs/PDFs/MiscPDFs/FAQ_OCS_050517_1017.pdf | https://pfbalancecheck.com/epfo-claim-rejected-reason/ | https://www.livemint.com/money/personal-finance/epfo-top-reasons-your-employees-provident-fund-settlement-claims-rejected-explained-epf-scheme-document-errors-mismatch-11783073513956.html,
epfo-rr-121-a01,epfo-rr-121,Form 31 Special Circumstances purpose used without meeting unemployment/calamity/closure conditions,Special circumstances advance rejected,alias_or_portal_remark,Eligibility_Service,medium,medium,https://taxguru.in/corporate-law/epfos-pf-withdrawal-rules-claims-rejected.html | https://knowmoney.in/blog/epfo-3-withdrawal-rules-india-2026 | https://www.livemint.com/money/personal-finance/epfo-top-reasons-your-employees-provident-fund-settlement-claims-rejected-explained-epf-scheme-document-errors-mismatch-11783073513956.html | https://cleartax.in/s/epf-form-31 | https://www.jagranjosh.com/general-knowledge/epf-scheme-withdrawal-rules-2026-3day-settlement-limits-and-online-claim-1820010445-1,Compiled from source records. EPFO does not publish a numbered rejection-code list; portal remarks are the operative text.
epfo-rr-121-a02,epfo-rr-121,Form 31 Special Circumstances purpose used without meeting unemployment/calamity/closure conditions,Special circumstances without reason still rejected,alias_or_portal_remark,Eligibility_Service,medium,medium,https://taxguru.in/corporate-law/epfos-pf-withdrawal-rules-claims-rejected.html | https://knowmoney.in/blog/epfo-3-withdrawal-rules-india-2026 | https://www.livemint.com/money/personal-finance/epfo-top-reasons-your-employees-provident-fund-settlement-claims-rejected-explained-epf-scheme-document-errors-mismatch-11783073513956.html | https://cleartax.in/s/epf-form-31 | https://www.jagranjosh.com/general-knowledge/epf-scheme-withdrawal-rules-2026-3day-settlement-limits-and-online-claim-1820010445-1,Compiled from source records. EPFO does not publish a numbered rejection-code list; portal remarks are the operative text.
epfo-rr-121-a03,epfo-rr-121,Form 31 Special Circumstances purpose used without meeting unemployment/calamity/closure conditions,Wrong special circumstances claim,alias_or_portal_remark,Eligibility_Service,medium,medium,https://taxguru.in/corporate-law/epfos-pf-withdrawal-rules-claims-rejected.html | https://knowmoney.in/blog/epfo-3-withdrawal-rules-india-2026 | https://www.livemint.com/money/personal-finance/epfo-top-reasons-your-employees-provident-fund-settlement-claims-rejected-explained-epf-scheme-document-errors-mismatch-11783073513956.html | https://cleartax.in/s/epf-form-31 | https://www.jagranjosh.com/general-knowledge/epf-scheme-withdrawal-rules-2026-3day-settlement-limits-and-online-claim-1820010445-1,Compiled from source records. EPFO does not publish a numbered rejection-code list; portal remarks are the operative text.
epfo-rr-121-a04,epfo-rr-121,Form 31 Special Circumstances purpose used without meeting unemployment/calamity/closure conditions,Essential vs special circumstances mix-up,alias_or_portal_remark,Eligibility_Service,medium,medium,https://taxguru.in/corporate-law/epfos-pf-withdrawal-rules-claims-rejected.html | https://knowmoney.in/blog/epfo-3-withdrawal-rules-india-2026 | https://www.livemint.com/money/personal-finance/epfo-top-reasons-your-employees-provident-fund-settlement-claims-rejected-explained-epf-scheme-document-errors-mismatch-11783073513956.html | https://cleartax.in/s/epf-form-31 | https://www.jagranjosh.com/general-knowledge/epf-scheme-withdrawal-rules-2026-3day-settlement-limits-and-online-claim-1820010445-1,Compiled from source records. EPFO does not publish a numbered rejection-code list; portal remarks are the operative text.
epfo-rr-121-official,epfo-rr-121,Form 31 Special Circumstances purpose used without meeting unemployment/calamity/closure conditions,"TaxGuru/KnowMoney on Oct 2025 CBT / EPFO 3.0: withdrawals grouped into Essential Needs, Housing Needs, and Special Circumstances; special circumstances reportedly eased documentation but still cover unemployment, calamity, lockout-type events. 25% retention still applies in explainers.",official_or_commonly_seen_status,Eligibility_Service,medium,medium,https://taxguru.in/corporate-law/epfos-pf-withdrawal-rules-claims-rejected.html | https://knowmoney.in/blog/epfo-3-withdrawal-rules-india-2026 | https://www.livemint.com/money/personal-finance/epfo-top-reasons-your-employees-provident-fund-settlement-claims-rejected-explained-epf-scheme-document-errors-mismatch-11783073513956.html | https://cleartax.in/s/epf-form-31 | https://www.jagranjosh.com/general-knowledge/epf-scheme-withdrawal-rules-2026-3day-settlement-limits-and-online-claim-1820010445-1,2026 three-head framework from secondary reporting; portal wins.
epfo-rr-122-a01,epfo-rr-122,Passbook balance zero or stale while ECR paid — claim amount/eligibility fails,Passbook shows zero balance,alias_or_portal_remark,Technical_Portal,medium,high,https://www.livemint.com/money/personal-finance/epfo-showing-wrong-service-history-what-employees-should-check-immediately-and-do-next-to-rectify-the-error-11786520369893.html | https://pfbalancecheck.com/epfo-claim-rejected-reason/ | https://www.epfindia.gov.in/site_docs/PDFs/MiscPDFs/FAQ_OCS_050517_1017.pdf | https://unifiedportal-mem.epfindia.gov.in/memberinterface/ | https://www.bajajfinserv.in/investments/epf-or-pf-withdrawal-rules,Compiled from source records. EPFO does not publish a numbered rejection-code list; portal remarks are the operative text.
epfo-rr-122-a02,epfo-rr-122,Passbook balance zero or stale while ECR paid — claim amount/eligibility fails,Passbook not updated claim rejected,alias_or_portal_remark,Technical_Portal,medium,high,https://www.livemint.com/money/personal-finance/epfo-showing-wrong-service-history-what-employees-should-check-immediately-and-do-next-to-rectify-the-error-11786520369893.html | https://pfbalancecheck.com/epfo-claim-rejected-reason/ | https://www.epfindia.gov.in/site_docs/PDFs/MiscPDFs/FAQ_OCS_050517_1017.pdf | https://unifiedportal-mem.epfindia.gov.in/memberinterface/ | https://www.bajajfinserv.in/investments/epf-or-pf-withdrawal-rules,Compiled from source records. EPFO does not publish a numbered rejection-code list; portal remarks are the operative text.
epfo-rr-122-a03,epfo-rr-122,Passbook balance zero or stale while ECR paid — claim amount/eligibility fails,Eligible amount zero on claim screen,alias_or_portal_remark,Technical_Portal,medium,high,https://www.livemint.com/money/personal-finance/epfo-showing-wrong-service-history-what-employees-should-check-immediately-and-do-next-to-rectify-the-error-11786520369893.html | https://pfbalancecheck.com/epfo-claim-rejected-reason/ | https://www.epfindia.gov.in/site_docs/PDFs/MiscPDFs/FAQ_OCS_050517_1017.pdf | https://unifiedportal-mem.epfindia.gov.in/memberinterface/ | https://www.bajajfinserv.in/investments/epf-or-pf-withdrawal-rules,Compiled from source records. EPFO does not publish a numbered rejection-code list; portal remarks are the operative text.
epfo-rr-122-a04,epfo-rr-122,Passbook balance zero or stale while ECR paid — claim amount/eligibility fails,Recent ECR not reflecting in passbook,alias_or_portal_remark,Technical_Portal,medium,high,https://www.livemint.com/money/personal-finance/epfo-showing-wrong-service-history-what-employees-should-check-immediately-and-do-next-to-rectify-the-error-11786520369893.html | https://pfbalancecheck.com/epfo-claim-rejected-reason/ | https://www.epfindia.gov.in/site_docs/PDFs/MiscPDFs/FAQ_OCS_050517_1017.pdf | https://unifiedportal-mem.epfindia.gov.in/memberinterface/ | https://www.bajajfinserv.in/investments/epf-or-pf-withdrawal-rules,Compiled from source records. EPFO does not publish a numbered rejection-code list; portal remarks are the operative text.
epfo-rr-122-official,epfo-rr-122,Passbook balance zero or stale while ECR paid — claim amount/eligibility fails,Mint service-history explainers; PFBalanceCheck checklist asks whether passbook shows recent deposits. Claims can show eligible amount zero when passbook lags ECR.,official_or_commonly_seen_status,Technical_Portal,medium,high,https://www.livemint.com/money/personal-finance/epfo-showing-wrong-service-history-what-employees-should-check-immediately-and-do-next-to-rectify-the-error-11786520369893.html | https://pfbalancecheck.com/epfo-claim-rejected-reason/ | https://www.epfindia.gov.in/site_docs/PDFs/MiscPDFs/FAQ_OCS_050517_1017.pdf | https://unifiedportal-mem.epfindia.gov.in/memberinterface/ | https://www.bajajfinserv.in/investments/epf-or-pf-withdrawal-rules,
epfo-rr-123-a01,epfo-rr-123,International worker claim blocked for want of passport/bank attestation on physical non-Aadhaar path,IW physical claim documents incomplete,alias_or_portal_remark,Compliance_Legal,high,high,https://taxguru.in/corporate-law/epfo-clarifies-physical-claim-settlement-seeding-aadhaar.html | https://www.staffnews.in/2024/12/settlement-of-physical-claims-without-seeding-of-aadhaar.html | https://www.cnbctv18.com/personal-finance/epfo-relaxes-aadhaar-norms-for-select-employee-categories-key-details-19517361.htm | https://www.in.kpmg.com/taxflashnews/KPMG-Flash-News-EPFO-Update-Simplifying-process-of-PF-withdrawal-for-International-Workers.pdf | https://www.epfindia.gov.in/site_en/International_workers.php,Compiled from source records. EPFO does not publish a numbered rejection-code list; portal remarks are the operative text.
epfo-rr-123-a02,epfo-rr-123,International worker claim blocked for want of passport/bank attestation on physical non-Aadhaar path,Passport not attached IW claim,alias_or_portal_remark,Compliance_Legal,high,high,https://taxguru.in/corporate-law/epfo-clarifies-physical-claim-settlement-seeding-aadhaar.html | https://www.staffnews.in/2024/12/settlement-of-physical-claims-without-seeding-of-aadhaar.html | https://www.cnbctv18.com/personal-finance/epfo-relaxes-aadhaar-norms-for-select-employee-categories-key-details-19517361.htm | https://www.in.kpmg.com/taxflashnews/KPMG-Flash-News-EPFO-Update-Simplifying-process-of-PF-withdrawal-for-International-Workers.pdf | https://www.epfindia.gov.in/site_en/International_workers.php,Compiled from source records. EPFO does not publish a numbered rejection-code list; portal remarks are the operative text.
epfo-rr-123-a03,epfo-rr-123,International worker claim blocked for want of passport/bank attestation on physical non-Aadhaar path,Bank verification letter missing international worker,alias_or_portal_remark,Compliance_Legal,high,high,https://taxguru.in/corporate-law/epfo-clarifies-physical-claim-settlement-seeding-aadhaar.html | https://www.staffnews.in/2024/12/settlement-of-physical-claims-without-seeding-of-aadhaar.html | https://www.cnbctv18.com/personal-finance/epfo-relaxes-aadhaar-norms-for-select-employee-categories-key-details-19517361.htm | https://www.in.kpmg.com/taxflashnews/KPMG-Flash-News-EPFO-Update-Simplifying-process-of-PF-withdrawal-for-International-Workers.pdf | https://www.epfindia.gov.in/site_en/International_workers.php,Compiled from source records. EPFO does not publish a numbered rejection-code list; portal remarks are the operative text.
epfo-rr-123-a04,epfo-rr-123,International worker claim blocked for want of passport/bank attestation on physical non-Aadhaar path,Mission attestation required IW,alias_or_portal_remark,Compliance_Legal,high,high,https://taxguru.in/corporate-law/epfo-clarifies-physical-claim-settlement-seeding-aadhaar.html | https://www.staffnews.in/2024/12/settlement-of-physical-claims-without-seeding-of-aadhaar.html | https://www.cnbctv18.com/personal-finance/epfo-relaxes-aadhaar-norms-for-select-employee-categories-key-details-19517361.htm | https://www.in.kpmg.com/taxflashnews/KPMG-Flash-News-EPFO-Update-Simplifying-process-of-PF-withdrawal-for-International-Workers.pdf | https://www.epfindia.gov.in/site_en/International_workers.php,Compiled from source records. EPFO does not publish a numbered rejection-code list; portal remarks are the operative text.
epfo-rr-123-official,epfo-rr-123,International worker claim blocked for want of passport/bank attestation on physical non-Aadhaar path,"CNBC/KPMG/TaxGuru IW notes: specified classes may settle physically without Aadhaar seeding but still need UAN, passport, and bank verification; employer identity confirm may apply above balance thresholds.",official_or_commonly_seen_status,Compliance_Legal,high,high,https://taxguru.in/corporate-law/epfo-clarifies-physical-claim-settlement-seeding-aadhaar.html | https://www.staffnews.in/2024/12/settlement-of-physical-claims-without-seeding-of-aadhaar.html | https://www.cnbctv18.com/personal-finance/epfo-relaxes-aadhaar-norms-for-select-employee-categories-key-details-19517361.htm | https://www.in.kpmg.com/taxflashnews/KPMG-Flash-News-EPFO-Update-Simplifying-process-of-PF-withdrawal-for-International-Workers.pdf | https://www.epfindia.gov.in/site_en/International_workers.php,
epfo-rr-124-a01,epfo-rr-124,"E-sign failure at member claim or nomination submission (member-side, not employer DSC)",Member e-sign failed,alias_or_portal_remark,Technical_Portal,medium,high,https://zeenews.india.com/personal-finance/pf-settlement-money-may-not-reach-your-family-for-a-common-mistake-your-e-nomination-will-not-be-valid-until-you-do-this-3054752.html | https://unifiedportal-mem.epfindia.gov.in/memberinterface/ | https://web.umang.gov.in | https://www.epfindia.gov.in/site_docs/PDFs/MiscPDFs/FAQ_OCS_050517_1017.pdf | https://cleartax.in/s/epf-form-31,Compiled from source records. EPFO does not publish a numbered rejection-code list; portal remarks are the operative text.
epfo-rr-124-a02,epfo-rr-124,"E-sign failure at member claim or nomination submission (member-side, not employer DSC)",Aadhaar e-sign not completed on claim,alias_or_portal_remark,Technical_Portal,medium,high,https://zeenews.india.com/personal-finance/pf-settlement-money-may-not-reach-your-family-for-a-common-mistake-your-e-nomination-will-not-be-valid-until-you-do-this-3054752.html | https://unifiedportal-mem.epfindia.gov.in/memberinterface/ | https://web.umang.gov.in | https://www.epfindia.gov.in/site_docs/PDFs/MiscPDFs/FAQ_OCS_050517_1017.pdf | https://cleartax.in/s/epf-form-31,Compiled from source records. EPFO does not publish a numbered rejection-code list; portal remarks are the operative text.
epfo-rr-124-a03,epfo-rr-124,"E-sign failure at member claim or nomination submission (member-side, not employer DSC)",Digital signature failure member portal,alias_or_portal_remark,Technical_Portal,medium,high,https://zeenews.india.com/personal-finance/pf-settlement-money-may-not-reach-your-family-for-a-common-mistake-your-e-nomination-will-not-be-valid-until-you-do-this-3054752.html | https://unifiedportal-mem.epfindia.gov.in/memberinterface/ | https://web.umang.gov.in | https://www.epfindia.gov.in/site_docs/PDFs/MiscPDFs/FAQ_OCS_050517_1017.pdf | https://cleartax.in/s/epf-form-31,Compiled from source records. EPFO does not publish a numbered rejection-code list; portal remarks are the operative text.
epfo-rr-124-a04,epfo-rr-124,"E-sign failure at member claim or nomination submission (member-side, not employer DSC)",Claim PDF not e-signed by member,alias_or_portal_remark,Technical_Portal,medium,high,https://zeenews.india.com/personal-finance/pf-settlement-money-may-not-reach-your-family-for-a-common-mistake-your-e-nomination-will-not-be-valid-until-you-do-this-3054752.html | https://unifiedportal-mem.epfindia.gov.in/memberinterface/ | https://web.umang.gov.in | https://www.epfindia.gov.in/site_docs/PDFs/MiscPDFs/FAQ_OCS_050517_1017.pdf | https://cleartax.in/s/epf-form-31,Compiled from source records. EPFO does not publish a numbered rejection-code list; portal remarks are the operative text.
epfo-rr-124-official,epfo-rr-124,"E-sign failure at member claim or nomination submission (member-side, not employer DSC)",Zee e-nomination e-sign requirement and portal OTP/e-sign flows: member-side Aadhaar e-sign can fail independently of employer DSC issues.,official_or_commonly_seen_status,Technical_Portal,medium,high,https://zeenews.india.com/personal-finance/pf-settlement-money-may-not-reach-your-family-for-a-common-mistake-your-e-nomination-will-not-be-valid-until-you-do-this-3054752.html | https://unifiedportal-mem.epfindia.gov.in/memberinterface/ | https://web.umang.gov.in | https://www.epfindia.gov.in/site_docs/PDFs/MiscPDFs/FAQ_OCS_050517_1017.pdf | https://cleartax.in/s/epf-form-31,
epfo-rr-125-a01,epfo-rr-125,One-year continuous unemployment full-withdrawal expectation filed on wrong Form 31 purpose,One year continuous unemployment PF,alias_or_portal_remark,Eligibility_Service,medium,medium,https://cleartax.in/s/epf-form-31 | https://www.bajajfinserv.in/investments/epf-or-pf-withdrawal-rules | https://www.livemint.com/money/personal-finance/epfo-top-reasons-your-employees-provident-fund-settlement-claims-rejected-explained-epf-scheme-document-errors-mismatch-11783073513956.html | https://www.jagranjosh.com/general-knowledge/epf-scheme-withdrawal-rules-2026-3day-settlement-limits-and-online-claim-1820010445-1 | https://www.epfindia.gov.in/site_docs/PDFs/MiscPDFs/FAQ_OCS_050517_1017.pdf,Compiled from source records. EPFO does not publish a numbered rejection-code list; portal remarks are the operative text.
epfo-rr-125-a02,epfo-rr-125,One-year continuous unemployment full-withdrawal expectation filed on wrong Form 31 purpose,Unemployed one year still Form 31 rejected,alias_or_portal_remark,Eligibility_Service,medium,medium,https://cleartax.in/s/epf-form-31 | https://www.bajajfinserv.in/investments/epf-or-pf-withdrawal-rules | https://www.livemint.com/money/personal-finance/epfo-top-reasons-your-employees-provident-fund-settlement-claims-rejected-explained-epf-scheme-document-errors-mismatch-11783073513956.html | https://www.jagranjosh.com/general-knowledge/epf-scheme-withdrawal-rules-2026-3day-settlement-limits-and-online-claim-1820010445-1 | https://www.epfindia.gov.in/site_docs/PDFs/MiscPDFs/FAQ_OCS_050517_1017.pdf,Compiled from source records. EPFO does not publish a numbered rejection-code list; portal remarks are the operative text.
epfo-rr-125-a03,epfo-rr-125,One-year continuous unemployment full-withdrawal expectation filed on wrong Form 31 purpose,Full PF after one year unemployment wrong form,alias_or_portal_remark,Eligibility_Service,medium,medium,https://cleartax.in/s/epf-form-31 | https://www.bajajfinserv.in/investments/epf-or-pf-withdrawal-rules | https://www.livemint.com/money/personal-finance/epfo-top-reasons-your-employees-provident-fund-settlement-claims-rejected-explained-epf-scheme-document-errors-mismatch-11783073513956.html | https://www.jagranjosh.com/general-knowledge/epf-scheme-withdrawal-rules-2026-3day-settlement-limits-and-online-claim-1820010445-1 | https://www.epfindia.gov.in/site_docs/PDFs/MiscPDFs/FAQ_OCS_050517_1017.pdf,Compiled from source records. EPFO does not publish a numbered rejection-code list; portal remarks are the operative text.
epfo-rr-125-a04,epfo-rr-125,One-year continuous unemployment full-withdrawal expectation filed on wrong Form 31 purpose,Non contributory period one year claim,alias_or_portal_remark,Eligibility_Service,medium,medium,https://cleartax.in/s/epf-form-31 | https://www.bajajfinserv.in/investments/epf-or-pf-withdrawal-rules | https://www.livemint.com/money/personal-finance/epfo-top-reasons-your-employees-provident-fund-settlement-claims-rejected-explained-epf-scheme-document-errors-mismatch-11783073513956.html | https://www.jagranjosh.com/general-knowledge/epf-scheme-withdrawal-rules-2026-3day-settlement-limits-and-online-claim-1820010445-1 | https://www.epfindia.gov.in/site_docs/PDFs/MiscPDFs/FAQ_OCS_050517_1017.pdf,Compiled from source records. EPFO does not publish a numbered rejection-code list; portal remarks are the operative text.
epfo-rr-125-official,epfo-rr-125,One-year continuous unemployment full-withdrawal expectation filed on wrong Form 31 purpose,ClearTax and Bajaj discuss unemployment-linked full or large withdrawals via Form 19 after waiting rules; Form 31 has shorter unemployment advances. Members often conflate one-year unemployment folklore with a Form 31 purpose.,official_or_commonly_seen_status,Eligibility_Service,medium,medium,https://cleartax.in/s/epf-form-31 | https://www.bajajfinserv.in/investments/epf-or-pf-withdrawal-rules | https://www.livemint.com/money/personal-finance/epfo-top-reasons-your-employees-provident-fund-settlement-claims-rejected-explained-epf-scheme-document-errors-mismatch-11783073513956.html | https://www.jagranjosh.com/general-knowledge/epf-scheme-withdrawal-rules-2026-3day-settlement-limits-and-online-claim-1820010445-1 | https://www.epfindia.gov.in/site_docs/PDFs/MiscPDFs/FAQ_OCS_050517_1017.pdf,One-year folklore varies; rely on portal/Form 19 rules.
epfo-rr-126-a01,epfo-rr-126,Vague demographic mismatch remark without naming the field — refile without KYC/JD fix,Details mismatch please contact nearest EPFO office,alias_or_portal_remark,Other,medium,medium,https://pfbalancecheck.com/epfo-claim-rejected-reason/ | https://kustodian.life/resources/epf-claim-rejected-reasons-guide | https://kustodian.life/resources/epf-claim-rejected-name-aadhaar-dob-mismatch-fix-guide-2025 | https://www.quora.com/Why-was-my-EPF-claim-rejected | https://www.reddit.com/r/india/comments/1tp295c/epfo_rejected_your_pf_claim_dont_panic_after/ | https://finright.in/blogs/most-common-reasons-for-epf-claim-rejections-and-tips-to-avoid-them,Compiled from source records. EPFO does not publish a numbered rejection-code list; portal remarks are the operative text.
epfo-rr-126-a02,epfo-rr-126,Vague demographic mismatch remark without naming the field — refile without KYC/JD fix,Member details do not tally,alias_or_portal_remark,Other,medium,medium,https://pfbalancecheck.com/epfo-claim-rejected-reason/ | https://kustodian.life/resources/epf-claim-rejected-reasons-guide | https://kustodian.life/resources/epf-claim-rejected-name-aadhaar-dob-mismatch-fix-guide-2025 | https://www.quora.com/Why-was-my-EPF-claim-rejected | https://www.reddit.com/r/india/comments/1tp295c/epfo_rejected_your_pf_claim_dont_panic_after/ | https://finright.in/blogs/most-common-reasons-for-epf-claim-rejections-and-tips-to-avoid-them,Compiled from source records. EPFO does not publish a numbered rejection-code list; portal remarks are the operative text.
epfo-rr-126-a03,epfo-rr-126,Vague demographic mismatch remark without naming the field — refile without KYC/JD fix,KYC mismatch please update,alias_or_portal_remark,Other,medium,medium,https://pfbalancecheck.com/epfo-claim-rejected-reason/ | https://kustodian.life/resources/epf-claim-rejected-reasons-guide | https://kustodian.life/resources/epf-claim-rejected-name-aadhaar-dob-mismatch-fix-guide-2025 | https://www.quora.com/Why-was-my-EPF-claim-rejected | https://www.reddit.com/r/india/comments/1tp295c/epfo_rejected_your_pf_claim_dont_panic_after/ | https://finright.in/blogs/most-common-reasons-for-epf-claim-rejections-and-tips-to-avoid-them,Compiled from source records. EPFO does not publish a numbered rejection-code list; portal remarks are the operative text.
epfo-rr-126-a04,epfo-rr-126,Vague demographic mismatch remark without naming the field — refile without KYC/JD fix,Data mismatch claim cancelled,alias_or_portal_remark,Other,medium,medium,https://pfbalancecheck.com/epfo-claim-rejected-reason/ | https://kustodian.life/resources/epf-claim-rejected-reasons-guide | https://kustodian.life/resources/epf-claim-rejected-name-aadhaar-dob-mismatch-fix-guide-2025 | https://www.quora.com/Why-was-my-EPF-claim-rejected | https://www.reddit.com/r/india/comments/1tp295c/epfo_rejected_your_pf_claim_dont_panic_after/ | https://finright.in/blogs/most-common-reasons-for-epf-claim-rejections-and-tips-to-avoid-them,Compiled from source records. EPFO does not publish a numbered rejection-code list; portal remarks are the operative text.
epfo-rr-126-official,epfo-rr-126,Vague demographic mismatch remark without naming the field — refile without KYC/JD fix,Quora/Reddit/PFBalanceCheck/Kustodian collect vague mismatch remarks such as details mismatch contact EPFO office.,official_or_commonly_seen_status,Other,medium,medium,https://pfbalancecheck.com/epfo-claim-rejected-reason/ | https://kustodian.life/resources/epf-claim-rejected-reasons-guide | https://kustodian.life/resources/epf-claim-rejected-name-aadhaar-dob-mismatch-fix-guide-2025 | https://www.quora.com/Why-was-my-EPF-claim-rejected | https://www.reddit.com/r/india/comments/1tp295c/epfo_rejected_your_pf_claim_dont_panic_after/ | https://finright.in/blogs/most-common-reasons-for-epf-claim-rejections-and-tips-to-avoid-them,Quora URL is forum-class secondary.
epfo-rr-127-a01,epfo-rr-127,Transfer-then-withdraw sequencing error — Form 13 incomplete before Form 19/31,Transfer not complete but withdrawal filed,alias_or_portal_remark,Transfer_Related,high,high,https://zerodha.com/z-connect/varsity/epfo-claim-rejections-what-is-service-overlap-and-how-to-merge-pf-accounts | https://www.livemint.com/money/personal-finance/changing-jobs-soon-fix-these-epf-transfer-errors-before-resigning-for-a-smooth-pf-transfer-11782808524771.html | https://www.citizennest.com/guide/epf-transfer-claim-rejected-fix | https://kustodian.life/resources/epf-form-13-pf-transfer-online-offline-how-to-fill-pdf-status | https://www.team-bhp.com/forum/shifting-gears/200123-epf-withdrawal-process-experience-tips.html,Compiled from source records. EPFO does not publish a numbered rejection-code list; portal remarks are the operative text.
epfo-rr-127-a02,epfo-rr-127,Transfer-then-withdraw sequencing error — Form 13 incomplete before Form 19/31,Form 13 pending Form 19 rejected,alias_or_portal_remark,Transfer_Related,high,high,https://zerodha.com/z-connect/varsity/epfo-claim-rejections-what-is-service-overlap-and-how-to-merge-pf-accounts | https://www.livemint.com/money/personal-finance/changing-jobs-soon-fix-these-epf-transfer-errors-before-resigning-for-a-smooth-pf-transfer-11782808524771.html | https://www.citizennest.com/guide/epf-transfer-claim-rejected-fix | https://kustodian.life/resources/epf-form-13-pf-transfer-online-offline-how-to-fill-pdf-status | https://www.team-bhp.com/forum/shifting-gears/200123-epf-withdrawal-process-experience-tips.html,Compiled from source records. EPFO does not publish a numbered rejection-code list; portal remarks are the operative text.
epfo-rr-127-a03,epfo-rr-127,Transfer-then-withdraw sequencing error — Form 13 incomplete before Form 19/31,Old PF not merged before claim,alias_or_portal_remark,Transfer_Related,high,high,https://zerodha.com/z-connect/varsity/epfo-claim-rejections-what-is-service-overlap-and-how-to-merge-pf-accounts | https://www.livemint.com/money/personal-finance/changing-jobs-soon-fix-these-epf-transfer-errors-before-resigning-for-a-smooth-pf-transfer-11782808524771.html | https://www.citizennest.com/guide/epf-transfer-claim-rejected-fix | https://kustodian.life/resources/epf-form-13-pf-transfer-online-offline-how-to-fill-pdf-status | https://www.team-bhp.com/forum/shifting-gears/200123-epf-withdrawal-process-experience-tips.html,Compiled from source records. EPFO does not publish a numbered rejection-code list; portal remarks are the operative text.
epfo-rr-127-a04,epfo-rr-127,Transfer-then-withdraw sequencing error — Form 13 incomplete before Form 19/31,Withdraw before transfer failed,alias_or_portal_remark,Transfer_Related,high,high,https://zerodha.com/z-connect/varsity/epfo-claim-rejections-what-is-service-overlap-and-how-to-merge-pf-accounts | https://www.livemint.com/money/personal-finance/changing-jobs-soon-fix-these-epf-transfer-errors-before-resigning-for-a-smooth-pf-transfer-11782808524771.html | https://www.citizennest.com/guide/epf-transfer-claim-rejected-fix | https://kustodian.life/resources/epf-form-13-pf-transfer-online-offline-how-to-fill-pdf-status | https://www.team-bhp.com/forum/shifting-gears/200123-epf-withdrawal-process-experience-tips.html,Compiled from source records. EPFO does not publish a numbered rejection-code list; portal remarks are the operative text.
epfo-rr-127-a05,epfo-rr-127,Transfer-then-withdraw sequencing error — Form 13 incomplete before Form 19/31,Transfer incomplete before withdrawal,alias_or_portal_remark,Transfer_Related,high,high,https://zerodha.com/z-connect/varsity/epfo-claim-rejections-what-is-service-overlap-and-how-to-merge-pf-accounts | https://www.livemint.com/money/personal-finance/changing-jobs-soon-fix-these-epf-transfer-errors-before-resigning-for-a-smooth-pf-transfer-11782808524771.html | https://www.citizennest.com/guide/epf-transfer-claim-rejected-fix | https://kustodian.life/resources/epf-form-13-pf-transfer-online-offline-how-to-fill-pdf-status | https://www.team-bhp.com/forum/shifting-gears/200123-epf-withdrawal-process-experience-tips.html,Compiled from source records. EPFO does not publish a numbered rejection-code list; portal remarks are the operative text.
epfo-rr-127-a06,epfo-rr-127,Transfer-then-withdraw sequencing error — Form 13 incomplete before Form 19/31,Consolidate PF before claim,alias_or_portal_remark,Transfer_Related,high,high,https://zerodha.com/z-connect/varsity/epfo-claim-rejections-what-is-service-overlap-and-how-to-merge-pf-accounts | https://www.livemint.com/money/personal-finance/changing-jobs-soon-fix-these-epf-transfer-errors-before-resigning-for-a-smooth-pf-transfer-11782808524771.html | https://www.citizennest.com/guide/epf-transfer-claim-rejected-fix | https://kustodian.life/resources/epf-form-13-pf-transfer-online-offline-how-to-fill-pdf-status | https://www.team-bhp.com/forum/shifting-gears/200123-epf-withdrawal-process-experience-tips.html,Compiled from source records. EPFO does not publish a numbered rejection-code list; portal remarks are the operative text.
epfo-rr-127-official,epfo-rr-127,Transfer-then-withdraw sequencing error — Form 13 incomplete before Form 19/31,"Zerodha Z-Connect, Mint transfer articles, CitizenNest Form 13 guides, and Team-BHP-style forum threads warn that filing withdrawal while Form 13 is pending or old balances unmerged causes service/amount rejects.",official_or_commonly_seen_status,Transfer_Related,high,high,https://zerodha.com/z-connect/varsity/epfo-claim-rejections-what-is-service-overlap-and-how-to-merge-pf-accounts | https://www.livemint.com/money/personal-finance/changing-jobs-soon-fix-these-epf-transfer-errors-before-resigning-for-a-smooth-pf-transfer-11782808524771.html | https://www.citizennest.com/guide/epf-transfer-claim-rejected-fix | https://kustodian.life/resources/epf-form-13-pf-transfer-online-offline-how-to-fill-pdf-status | https://www.team-bhp.com/forum/shifting-gears/200123-epf-withdrawal-process-experience-tips.html,
epfo-rr-128-a01,epfo-rr-128,Higher pension option pending validation delaying ordinary Form 10D start,Higher pension validation pending,alias_or_portal_remark,Compliance_Legal,medium,medium,https://kustodian.life/resources/epf-claim-rejected-because-of-eps-top-reasons-and-proven-fixes-india-2026-guide | https://economictimes.indiatimes.com/wealth/legal/will/higher-eps-pension-epfo-cant-use-the-excuse-of-employers-deficient-system-of-recordkeeping-as-a-ground-to-deny-higher-pension-to-employees-rules-bombay-hc/articleshow/130464158.cms | https://www.financialexpress.com/money/epfo-pension-rules-settlement-in-20-days-but-heres-why-many-eps-claims-still-get-rejected-4168274/ | https://epfigms.gov.in/,Compiled from source records. EPFO does not publish a numbered rejection-code list; portal remarks are the operative text.
epfo-rr-128-a02,epfo-rr-128,Higher pension option pending validation delaying ordinary Form 10D start,Form 10D on hold higher pension cell,alias_or_portal_remark,Compliance_Legal,medium,medium,https://kustodian.life/resources/epf-claim-rejected-because-of-eps-top-reasons-and-proven-fixes-india-2026-guide | https://economictimes.indiatimes.com/wealth/legal/will/higher-eps-pension-epfo-cant-use-the-excuse-of-employers-deficient-system-of-recordkeeping-as-a-ground-to-deny-higher-pension-to-employees-rules-bombay-hc/articleshow/130464158.cms | https://www.financialexpress.com/money/epfo-pension-rules-settlement-in-20-days-but-heres-why-many-eps-claims-still-get-rejected-4168274/ | https://epfigms.gov.in/,Compiled from source records. EPFO does not publish a numbered rejection-code list; portal remarks are the operative text.
epfo-rr-128-a03,epfo-rr-128,Higher pension option pending validation delaying ordinary Form 10D start,Joint option under process pension delayed,alias_or_portal_remark,Compliance_Legal,medium,medium,https://kustodian.life/resources/epf-claim-rejected-because-of-eps-top-reasons-and-proven-fixes-india-2026-guide | https://economictimes.indiatimes.com/wealth/legal/will/higher-eps-pension-epfo-cant-use-the-excuse-of-employers-deficient-system-of-recordkeeping-as-a-ground-to-deny-higher-pension-to-employees-rules-bombay-hc/articleshow/130464158.cms | https://www.financialexpress.com/money/epfo-pension-rules-settlement-in-20-days-but-heres-why-many-eps-claims-still-get-rejected-4168274/ | https://epfigms.gov.in/,Compiled from source records. EPFO does not publish a numbered rejection-code list; portal remarks are the operative text.
epfo-rr-128-a04,epfo-rr-128,Higher pension option pending validation delaying ordinary Form 10D start,Ordinary pension blocked by higher pension queue,alias_or_portal_remark,Compliance_Legal,medium,medium,https://kustodian.life/resources/epf-claim-rejected-because-of-eps-top-reasons-and-proven-fixes-india-2026-guide | https://economictimes.indiatimes.com/wealth/legal/will/higher-eps-pension-epfo-cant-use-the-excuse-of-employers-deficient-system-of-recordkeeping-as-a-ground-to-deny-higher-pension-to-employees-rules-bombay-hc/articleshow/130464158.cms | https://www.financialexpress.com/money/epfo-pension-rules-settlement-in-20-days-but-heres-why-many-eps-claims-still-get-rejected-4168274/ | https://epfigms.gov.in/,Compiled from source records. EPFO does not publish a numbered rejection-code list; portal remarks are the operative text.
epfo-rr-128-official,epfo-rr-128,Higher pension option pending validation delaying ordinary Form 10D start,Kustodian EPS and ET higher-pension reporting: members in the higher-pension pipeline face long validation. Some see ordinary 10D delayed even when they would accept ceiling pension.,official_or_commonly_seen_status,Compliance_Legal,medium,medium,https://kustodian.life/resources/epf-claim-rejected-because-of-eps-top-reasons-and-proven-fixes-india-2026-guide | https://economictimes.indiatimes.com/wealth/legal/will/higher-eps-pension-epfo-cant-use-the-excuse-of-employers-deficient-system-of-recordkeeping-as-a-ground-to-deny-higher-pension-to-employees-rules-bombay-hc/articleshow/130464158.cms | https://www.financialexpress.com/money/epfo-pension-rules-settlement-in-20-days-but-heres-why-many-eps-claims-still-get-rejected-4168274/ | https://epfigms.gov.in/,
epfo-rr-129-a01,epfo-rr-129,Form 31 illness Certificate C / doctor-employer certificate defective on physical claim,Certificate C rejected,alias_or_portal_remark,Form_Documentation,medium,high,https://labourlawadvisor.in/blog/wp-content/uploads/2019/08/PF-Advance-Rules.pdf | https://cleartax.in/s/epf-form-31 | https://www.indiafilings.com/learn/epf-form-31 | https://www.epfindia.gov.in/site_docs/PDFs/Circulars/Y2016-2017/Composite_Claim_Forms_31792.pdf,Compiled from source records. EPFO does not publish a numbered rejection-code list; portal remarks are the operative text.
epfo-rr-129-a02,epfo-rr-129,Form 31 illness Certificate C / doctor-employer certificate defective on physical claim,Doctor certificate not accepted Form 31,alias_or_portal_remark,Form_Documentation,medium,high,https://labourlawadvisor.in/blog/wp-content/uploads/2019/08/PF-Advance-Rules.pdf | https://cleartax.in/s/epf-form-31 | https://www.indiafilings.com/learn/epf-form-31 | https://www.epfindia.gov.in/site_docs/PDFs/Circulars/Y2016-2017/Composite_Claim_Forms_31792.pdf,Compiled from source records. EPFO does not publish a numbered rejection-code list; portal remarks are the operative text.
epfo-rr-129-a03,epfo-rr-129,Form 31 illness Certificate C / doctor-employer certificate defective on physical claim,Employer medical certificate defective,alias_or_portal_remark,Form_Documentation,medium,high,https://labourlawadvisor.in/blog/wp-content/uploads/2019/08/PF-Advance-Rules.pdf | https://cleartax.in/s/epf-form-31 | https://www.indiafilings.com/learn/epf-form-31 | https://www.epfindia.gov.in/site_docs/PDFs/Circulars/Y2016-2017/Composite_Claim_Forms_31792.pdf,Compiled from source records. EPFO does not publish a numbered rejection-code list; portal remarks are the operative text.
epfo-rr-129-a04,epfo-rr-129,Form 31 illness Certificate C / doctor-employer certificate defective on physical claim,Physical medical advance documents returned,alias_or_portal_remark,Form_Documentation,medium,high,https://labourlawadvisor.in/blog/wp-content/uploads/2019/08/PF-Advance-Rules.pdf | https://cleartax.in/s/epf-form-31 | https://www.indiafilings.com/learn/epf-form-31 | https://www.epfindia.gov.in/site_docs/PDFs/Circulars/Y2016-2017/Composite_Claim_Forms_31792.pdf,Compiled from source records. EPFO does not publish a numbered rejection-code list; portal remarks are the operative text.
epfo-rr-129-official,epfo-rr-129,Form 31 illness Certificate C / doctor-employer certificate defective on physical claim,Labour-law Form 31 PDF and ClearTax document tables require Certificate C signed by employer and doctor for illness advances on traditional/physical paths. Online self-cert often replaces this.,official_or_commonly_seen_status,Form_Documentation,medium,high,https://labourlawadvisor.in/blog/wp-content/uploads/2019/08/PF-Advance-Rules.pdf | https://cleartax.in/s/epf-form-31 | https://www.indiafilings.com/learn/epf-form-31 | https://www.epfindia.gov.in/site_docs/PDFs/Circulars/Y2016-2017/Composite_Claim_Forms_31792.pdf,
epfo-rr-130-a01,epfo-rr-130,UMANG shows claim rejected or failed while member portal shows different status,UMANG status mismatch,alias_or_portal_remark,Technical_Portal,medium,high,https://web.umang.gov.in | https://unifiedportal-mem.epfindia.gov.in/memberinterface/ | https://pfbalancecheck.com/epfo-claim-rejected-reason/ | https://kustodian.life/resources/epf-claim-rejected-reasons-guide | https://www.epfindia.gov.in/site_docs/PDFs/MiscPDFs/FAQ_OCS_050517_1017.pdf,Compiled from source records. EPFO does not publish a numbered rejection-code list; portal remarks are the operative text.
epfo-rr-130-a02,epfo-rr-130,UMANG shows claim rejected or failed while member portal shows different status,UMANG rejected portal under process,alias_or_portal_remark,Technical_Portal,medium,high,https://web.umang.gov.in | https://unifiedportal-mem.epfindia.gov.in/memberinterface/ | https://pfbalancecheck.com/epfo-claim-rejected-reason/ | https://kustodian.life/resources/epf-claim-rejected-reasons-guide | https://www.epfindia.gov.in/site_docs/PDFs/MiscPDFs/FAQ_OCS_050517_1017.pdf,Compiled from source records. EPFO does not publish a numbered rejection-code list; portal remarks are the operative text.
epfo-rr-130-a03,epfo-rr-130,UMANG shows claim rejected or failed while member portal shows different status,Claim on UMANG not reflecting on portal,alias_or_portal_remark,Technical_Portal,medium,high,https://web.umang.gov.in | https://unifiedportal-mem.epfindia.gov.in/memberinterface/ | https://pfbalancecheck.com/epfo-claim-rejected-reason/ | https://kustodian.life/resources/epf-claim-rejected-reasons-guide | https://www.epfindia.gov.in/site_docs/PDFs/MiscPDFs/FAQ_OCS_050517_1017.pdf,Compiled from source records. EPFO does not publish a numbered rejection-code list; portal remarks are the operative text.
epfo-rr-130-a04,epfo-rr-130,UMANG shows claim rejected or failed while member portal shows different status,Duplicate status UMANG vs EPFO website,alias_or_portal_remark,Technical_Portal,medium,high,https://web.umang.gov.in | https://unifiedportal-mem.epfindia.gov.in/memberinterface/ | https://pfbalancecheck.com/epfo-claim-rejected-reason/ | https://kustodian.life/resources/epf-claim-rejected-reasons-guide | https://www.epfindia.gov.in/site_docs/PDFs/MiscPDFs/FAQ_OCS_050517_1017.pdf,Compiled from source records. EPFO does not publish a numbered rejection-code list; portal remarks are the operative text.
epfo-rr-130-official,epfo-rr-130,UMANG shows claim rejected or failed while member portal shows different status,PFBalanceCheck advises trusting Track Claim on member portal. UMANG may show Rejected while portal still Under process due to sync lag.,official_or_commonly_seen_status,Technical_Portal,medium,high,https://web.umang.gov.in | https://unifiedportal-mem.epfindia.gov.in/memberinterface/ | https://pfbalancecheck.com/epfo-claim-rejected-reason/ | https://kustodian.life/resources/epf-claim-rejected-reasons-guide | https://www.epfindia.gov.in/site_docs/PDFs/MiscPDFs/FAQ_OCS_050517_1017.pdf,
epfo-rr-131-a01,epfo-rr-131,Form 31 housing plot/site purchase rejected separately from construction (ownership or cost cap),Site purchase Form 31 rejected,alias_or_portal_remark,Eligibility_Service,medium,high,https://cleartax.in/s/epf-form-31 | https://labourlawadvisor.in/blog/wp-content/uploads/2019/08/PF-Advance-Rules.pdf | https://www.axismaxlife.com/blog/retirement-planning/epf-withdrawal-form-31 | https://www.epfindia.gov.in/site_docs/PDFs/Circulars/Y2016-2017/Composite_Claim_Forms_31792.pdf,Compiled from source records. EPFO does not publish a numbered rejection-code list; portal remarks are the operative text.
epfo-rr-131-a02,epfo-rr-131,Form 31 housing plot/site purchase rejected separately from construction (ownership or cost cap),Plot purchase advance not eligible,alias_or_portal_remark,Eligibility_Service,medium,high,https://cleartax.in/s/epf-form-31 | https://labourlawadvisor.in/blog/wp-content/uploads/2019/08/PF-Advance-Rules.pdf | https://www.axismaxlife.com/blog/retirement-planning/epf-withdrawal-form-31 | https://www.epfindia.gov.in/site_docs/PDFs/Circulars/Y2016-2017/Composite_Claim_Forms_31792.pdf,Compiled from source records. EPFO does not publish a numbered rejection-code list; portal remarks are the operative text.
epfo-rr-131-a03,epfo-rr-131,Form 31 housing plot/site purchase rejected separately from construction (ownership or cost cap),Land acquisition PF advance rejected,alias_or_portal_remark,Eligibility_Service,medium,high,https://cleartax.in/s/epf-form-31 | https://labourlawadvisor.in/blog/wp-content/uploads/2019/08/PF-Advance-Rules.pdf | https://www.axismaxlife.com/blog/retirement-planning/epf-withdrawal-form-31 | https://www.epfindia.gov.in/site_docs/PDFs/Circulars/Y2016-2017/Composite_Claim_Forms_31792.pdf,Compiled from source records. EPFO does not publish a numbered rejection-code list; portal remarks are the operative text.
epfo-rr-131-a04,epfo-rr-131,Form 31 housing plot/site purchase rejected separately from construction (ownership or cost cap),Dwelling site Form 31 insufficient service,alias_or_portal_remark,Eligibility_Service,medium,high,https://cleartax.in/s/epf-form-31 | https://labourlawadvisor.in/blog/wp-content/uploads/2019/08/PF-Advance-Rules.pdf | https://www.axismaxlife.com/blog/retirement-planning/epf-withdrawal-form-31 | https://www.epfindia.gov.in/site_docs/PDFs/Circulars/Y2016-2017/Composite_Claim_Forms_31792.pdf,Compiled from source records. EPFO does not publish a numbered rejection-code list; portal remarks are the operative text.
epfo-rr-131-official,epfo-rr-131,Form 31 housing plot/site purchase rejected separately from construction (ownership or cost cap),ClearTax/labour-law Form 31 tables give different caps for site/plot (often 24x wages) vs house construction/purchase (often 36x). Ownership must be member/spouse/joint.,official_or_commonly_seen_status,Eligibility_Service,medium,high,https://cleartax.in/s/epf-form-31 | https://labourlawadvisor.in/blog/wp-content/uploads/2019/08/PF-Advance-Rules.pdf | https://www.axismaxlife.com/blog/retirement-planning/epf-withdrawal-form-31 | https://www.epfindia.gov.in/site_docs/PDFs/Circulars/Y2016-2017/Composite_Claim_Forms_31792.pdf,
epfo-rr-132-a01,epfo-rr-132,Widow and children simultaneous Form 10D family pension — documentation or bank allocation defects,Widow cum child pension documents incomplete,alias_or_portal_remark,Nominee_Death,high,high,https://www.epfindia.gov.in/site_en/WhichClaimForm.php?id=in_sm | https://www.epfindia.gov.in/site_docs/PDFs/Downloads_PDFs/Form10D.pdf | https://kustodian.life/resources/epf-form-10d-the-2026-guide-to-claiming-your-monthly-pension | https://www.financialexpress.com/money/epfo-pension-rules-settlement-in-20-days-but-heres-why-many-eps-claims-still-get-rejected-4168274/ | https://www.wealthpedia.in/eps-family-pension/,Compiled from source records. EPFO does not publish a numbered rejection-code list; portal remarks are the operative text.
epfo-rr-132-a02,epfo-rr-132,Widow and children simultaneous Form 10D family pension — documentation or bank allocation defects,Family pension child bank account missing,alias_or_portal_remark,Nominee_Death,high,high,https://www.epfindia.gov.in/site_en/WhichClaimForm.php?id=in_sm | https://www.epfindia.gov.in/site_docs/PDFs/Downloads_PDFs/Form10D.pdf | https://kustodian.life/resources/epf-form-10d-the-2026-guide-to-claiming-your-monthly-pension | https://www.financialexpress.com/money/epfo-pension-rules-settlement-in-20-days-but-heres-why-many-eps-claims-still-get-rejected-4168274/ | https://www.wealthpedia.in/eps-family-pension/,Compiled from source records. EPFO does not publish a numbered rejection-code list; portal remarks are the operative text.
epfo-rr-132-a03,epfo-rr-132,Widow and children simultaneous Form 10D family pension — documentation or bank allocation defects,Simultaneous widow and children Form 10D rejected,alias_or_portal_remark,Nominee_Death,high,high,https://www.epfindia.gov.in/site_en/WhichClaimForm.php?id=in_sm | https://www.epfindia.gov.in/site_docs/PDFs/Downloads_PDFs/Form10D.pdf | https://kustodian.life/resources/epf-form-10d-the-2026-guide-to-claiming-your-monthly-pension | https://www.financialexpress.com/money/epfo-pension-rules-settlement-in-20-days-but-heres-why-many-eps-claims-still-get-rejected-4168274/ | https://www.wealthpedia.in/eps-family-pension/,Compiled from source records. EPFO does not publish a numbered rejection-code list; portal remarks are the operative text.
epfo-rr-132-a04,epfo-rr-132,Widow and children simultaneous Form 10D family pension — documentation or bank allocation defects,Two children pension not processed with widow,alias_or_portal_remark,Nominee_Death,high,high,https://www.epfindia.gov.in/site_en/WhichClaimForm.php?id=in_sm | https://www.epfindia.gov.in/site_docs/PDFs/Downloads_PDFs/Form10D.pdf | https://kustodian.life/resources/epf-form-10d-the-2026-guide-to-claiming-your-monthly-pension | https://www.financialexpress.com/money/epfo-pension-rules-settlement-in-20-days-but-heres-why-many-eps-claims-still-get-rejected-4168274/ | https://www.wealthpedia.in/eps-family-pension/,Compiled from source records. EPFO does not publish a numbered rejection-code list; portal remarks are the operative text.
epfo-rr-132-a05,epfo-rr-132,Widow and children simultaneous Form 10D family pension — documentation or bank allocation defects,Child pension beneficiary details deficient,alias_or_portal_remark,Nominee_Death,high,high,https://www.epfindia.gov.in/site_en/WhichClaimForm.php?id=in_sm | https://www.epfindia.gov.in/site_docs/PDFs/Downloads_PDFs/Form10D.pdf | https://kustodian.life/resources/epf-form-10d-the-2026-guide-to-claiming-your-monthly-pension | https://www.financialexpress.com/money/epfo-pension-rules-settlement-in-20-days-but-heres-why-many-eps-claims-still-get-rejected-4168274/ | https://www.wealthpedia.in/eps-family-pension/,Compiled from source records. EPFO does not publish a numbered rejection-code list; portal remarks are the operative text.
epfo-rr-132-official,epfo-rr-132,Widow and children simultaneous Form 10D family pension — documentation or bank allocation defects,"EPS family pension rules: widow/widower typically receives about 50% of member pension; up to two children may receive about 25% each simultaneously until age 25. Form 10D family claims need death certificate, relationship proof, and bank KYC for each beneficiary. Common remarks cite incomplete family details, missing child birth certificates, or bank not in beneficiary name.",official_or_commonly_seen_status,Nominee_Death,high,high,https://www.epfindia.gov.in/site_en/WhichClaimForm.php?id=in_sm | https://www.epfindia.gov.in/site_docs/PDFs/Downloads_PDFs/Form10D.pdf | https://kustodian.life/resources/epf-form-10d-the-2026-guide-to-claiming-your-monthly-pension | https://www.financialexpress.com/money/epfo-pension-rules-settlement-in-20-days-but-heres-why-many-eps-claims-still-get-rejected-4168274/ | https://www.wealthpedia.in/eps-family-pension/,Secondary EPS explainers summarise scheme percentages; verify live EPS-95 text and RO practice. Do not invent circular numbers.
epfo-rr-133-a01,epfo-rr-133,Widow/widower family pension stopped or reclaim raised after remarriage without proper notification path,Pension stopped remarriage,alias_or_portal_remark,Nominee_Death,high,high,https://www.epfindia.gov.in/site_docs/PDFs/Downloads_PDFs/Form10D.pdf | https://kustodian.life/resources/epf-form-10d-the-2026-guide-to-claiming-your-monthly-pension | https://jeevanpramaan.gov.in | https://www.wealthpedia.in/eps-family-pension/ | https://www.financialexpress.com/money/epfo-pension-rules-settlement-in-20-days-but-heres-why-many-eps-claims-still-get-rejected-4168274/,Compiled from source records. EPFO does not publish a numbered rejection-code list; portal remarks are the operative text.
epfo-rr-133-a02,epfo-rr-133,Widow/widower family pension stopped or reclaim raised after remarriage without proper notification path,Widow remarried pension discontinued,alias_or_portal_remark,Nominee_Death,high,high,https://www.epfindia.gov.in/site_docs/PDFs/Downloads_PDFs/Form10D.pdf | https://kustodian.life/resources/epf-form-10d-the-2026-guide-to-claiming-your-monthly-pension | https://jeevanpramaan.gov.in | https://www.wealthpedia.in/eps-family-pension/ | https://www.financialexpress.com/money/epfo-pension-rules-settlement-in-20-days-but-heres-why-many-eps-claims-still-get-rejected-4168274/,Compiled from source records. EPFO does not publish a numbered rejection-code list; portal remarks are the operative text.
epfo-rr-133-a03,epfo-rr-133,Widow/widower family pension stopped or reclaim raised after remarriage without proper notification path,Family pension recovery after remarriage,alias_or_portal_remark,Nominee_Death,high,high,https://www.epfindia.gov.in/site_docs/PDFs/Downloads_PDFs/Form10D.pdf | https://kustodian.life/resources/epf-form-10d-the-2026-guide-to-claiming-your-monthly-pension | https://jeevanpramaan.gov.in | https://www.wealthpedia.in/eps-family-pension/ | https://www.financialexpress.com/money/epfo-pension-rules-settlement-in-20-days-but-heres-why-many-eps-claims-still-get-rejected-4168274/,Compiled from source records. EPFO does not publish a numbered rejection-code list; portal remarks are the operative text.
epfo-rr-133-a04,epfo-rr-133,Widow/widower family pension stopped or reclaim raised after remarriage without proper notification path,Notify EPFO remarriage Form 10D,alias_or_portal_remark,Nominee_Death,high,high,https://www.epfindia.gov.in/site_docs/PDFs/Downloads_PDFs/Form10D.pdf | https://kustodian.life/resources/epf-form-10d-the-2026-guide-to-claiming-your-monthly-pension | https://jeevanpramaan.gov.in | https://www.wealthpedia.in/eps-family-pension/ | https://www.financialexpress.com/money/epfo-pension-rules-settlement-in-20-days-but-heres-why-many-eps-claims-still-get-rejected-4168274/,Compiled from source records. EPFO does not publish a numbered rejection-code list; portal remarks are the operative text.
epfo-rr-133-a05,epfo-rr-133,Widow/widower family pension stopped or reclaim raised after remarriage without proper notification path,Widower pension ceased on remarriage,alias_or_portal_remark,Nominee_Death,high,high,https://www.epfindia.gov.in/site_docs/PDFs/Downloads_PDFs/Form10D.pdf | https://kustodian.life/resources/epf-form-10d-the-2026-guide-to-claiming-your-monthly-pension | https://jeevanpramaan.gov.in | https://www.wealthpedia.in/eps-family-pension/ | https://www.financialexpress.com/money/epfo-pension-rules-settlement-in-20-days-but-heres-why-many-eps-claims-still-get-rejected-4168274/,Compiled from source records. EPFO does not publish a numbered rejection-code list; portal remarks are the operative text.
epfo-rr-133-official,epfo-rr-133,Widow/widower family pension stopped or reclaim raised after remarriage without proper notification path,"EPS family pension: widow/widower pension ceases on remarriage; child pension continues independently. Life certificate / marital status checks and Jeevan Pramaan can surface remarriage. Portal or RO may stop credit, reject restart claims, or seek recovery of overpaid widow pension.",official_or_commonly_seen_status,Nominee_Death,high,high,https://www.epfindia.gov.in/site_docs/PDFs/Downloads_PDFs/Form10D.pdf | https://kustodian.life/resources/epf-form-10d-the-2026-guide-to-claiming-your-monthly-pension | https://jeevanpramaan.gov.in | https://www.wealthpedia.in/eps-family-pension/ | https://www.financialexpress.com/money/epfo-pension-rules-settlement-in-20-days-but-heres-why-many-eps-claims-still-get-rejected-4168274/,Builds on epfo-rr-109 with explicit remarriage-stoppage and recovery edge; child continuity emphasised.
epfo-rr-134-a01,epfo-rr-134,Full orphan Form 10D pension rejected — both-parents death proof or orphan rate documentation gaps,Orphan pension both parents death certificate missing,alias_or_portal_remark,Nominee_Death,high,high,https://www.epfindia.gov.in/site_docs/PDFs/Downloads_PDFs/Form10D.pdf | https://www.epfindia.gov.in/site_en/WhichClaimForm.php?id=in_sm | https://kustodian.life/resources/epf-form-10d-the-2026-guide-to-claiming-your-monthly-pension | https://www.wealthpedia.in/eps-family-pension/ | https://righttoinformation.wiki/epf-death-claim-without-nominee-legal-heir-india,Compiled from source records. EPFO does not publish a numbered rejection-code list; portal remarks are the operative text.
epfo-rr-134-a02,epfo-rr-134,Full orphan Form 10D pension rejected — both-parents death proof or orphan rate documentation gaps,Orphan rate not applied,alias_or_portal_remark,Nominee_Death,high,high,https://www.epfindia.gov.in/site_docs/PDFs/Downloads_PDFs/Form10D.pdf | https://www.epfindia.gov.in/site_en/WhichClaimForm.php?id=in_sm | https://kustodian.life/resources/epf-form-10d-the-2026-guide-to-claiming-your-monthly-pension | https://www.wealthpedia.in/eps-family-pension/ | https://righttoinformation.wiki/epf-death-claim-without-nominee-legal-heir-india,Compiled from source records. EPFO does not publish a numbered rejection-code list; portal remarks are the operative text.
epfo-rr-134-a03,epfo-rr-134,Full orphan Form 10D pension rejected — both-parents death proof or orphan rate documentation gaps,Full orphan Form 10D rejected,alias_or_portal_remark,Nominee_Death,high,high,https://www.epfindia.gov.in/site_docs/PDFs/Downloads_PDFs/Form10D.pdf | https://www.epfindia.gov.in/site_en/WhichClaimForm.php?id=in_sm | https://kustodian.life/resources/epf-form-10d-the-2026-guide-to-claiming-your-monthly-pension | https://www.wealthpedia.in/eps-family-pension/ | https://righttoinformation.wiki/epf-death-claim-without-nominee-legal-heir-india,Compiled from source records. EPFO does not publish a numbered rejection-code list; portal remarks are the operative text.
epfo-rr-134-a04,epfo-rr-134,Full orphan Form 10D pension rejected — both-parents death proof or orphan rate documentation gaps,Guardian claiming orphan pension docs deficient,alias_or_portal_remark,Nominee_Death,high,high,https://www.epfindia.gov.in/site_docs/PDFs/Downloads_PDFs/Form10D.pdf | https://www.epfindia.gov.in/site_en/WhichClaimForm.php?id=in_sm | https://kustodian.life/resources/epf-form-10d-the-2026-guide-to-claiming-your-monthly-pension | https://www.wealthpedia.in/eps-family-pension/ | https://righttoinformation.wiki/epf-death-claim-without-nominee-legal-heir-india,Compiled from source records. EPFO does not publish a numbered rejection-code list; portal remarks are the operative text.
epfo-rr-134-a05,epfo-rr-134,Full orphan Form 10D pension rejected — both-parents death proof or orphan rate documentation gaps,Second parent death not recorded,alias_or_portal_remark,Nominee_Death,high,high,https://www.epfindia.gov.in/site_docs/PDFs/Downloads_PDFs/Form10D.pdf | https://www.epfindia.gov.in/site_en/WhichClaimForm.php?id=in_sm | https://kustodian.life/resources/epf-form-10d-the-2026-guide-to-claiming-your-monthly-pension | https://www.wealthpedia.in/eps-family-pension/ | https://righttoinformation.wiki/epf-death-claim-without-nominee-legal-heir-india,Compiled from source records. EPFO does not publish a numbered rejection-code list; portal remarks are the operative text.
epfo-rr-134-official,epfo-rr-134,Full orphan Form 10D pension rejected — both-parents death proof or orphan rate documentation gaps,"EPS orphan pension generally applies when both parents are deceased; orphan rate is higher than ordinary child pension (commonly summarised as about 75% of member pension per orphan, up to two at a time). Claims need death certificates of member and surviving spouse/parent as applicable, plus guardianship for minors.",official_or_commonly_seen_status,Nominee_Death,high,high,https://www.epfindia.gov.in/site_docs/PDFs/Downloads_PDFs/Form10D.pdf | https://www.epfindia.gov.in/site_en/WhichClaimForm.php?id=in_sm | https://kustodian.life/resources/epf-form-10d-the-2026-guide-to-claiming-your-monthly-pension | https://www.wealthpedia.in/eps-family-pension/ | https://righttoinformation.wiki/epf-death-claim-without-nominee-legal-heir-india,Percentages from secondary EPS explainers; confirm against scheme text at RO.
epfo-rr-135-a01,epfo-rr-135,Family/orphan pension credit blocked after guardian change without EPFO update,Guardian changed pension not credited,alias_or_portal_remark,Nominee_Death,medium,medium,https://www.epfindia.gov.in/site_docs/PDFs/Downloads_PDFs/Form10D.pdf | https://kustodian.life/resources/epf-form-10d-the-2026-guide-to-claiming-your-monthly-pension | https://epfigms.gov.in/ | https://righttoinformation.wiki/epf-death-claim-without-nominee-legal-heir-india | https://jeevanpramaan.gov.in,Compiled from source records. EPFO does not publish a numbered rejection-code list; portal remarks are the operative text.
epfo-rr-135-a02,epfo-rr-135,Family/orphan pension credit blocked after guardian change without EPFO update,New guardian bank KYC pending pension,alias_or_portal_remark,Nominee_Death,medium,medium,https://www.epfindia.gov.in/site_docs/PDFs/Downloads_PDFs/Form10D.pdf | https://kustodian.life/resources/epf-form-10d-the-2026-guide-to-claiming-your-monthly-pension | https://epfigms.gov.in/ | https://righttoinformation.wiki/epf-death-claim-without-nominee-legal-heir-india | https://jeevanpramaan.gov.in,Compiled from source records. EPFO does not publish a numbered rejection-code list; portal remarks are the operative text.
epfo-rr-135-a03,epfo-rr-135,Family/orphan pension credit blocked after guardian change without EPFO update,Change of guardian Form 10D,alias_or_portal_remark,Nominee_Death,medium,medium,https://www.epfindia.gov.in/site_docs/PDFs/Downloads_PDFs/Form10D.pdf | https://kustodian.life/resources/epf-form-10d-the-2026-guide-to-claiming-your-monthly-pension | https://epfigms.gov.in/ | https://righttoinformation.wiki/epf-death-claim-without-nominee-legal-heir-india | https://jeevanpramaan.gov.in,Compiled from source records. EPFO does not publish a numbered rejection-code list; portal remarks are the operative text.
epfo-rr-135-a04,epfo-rr-135,Family/orphan pension credit blocked after guardian change without EPFO update,Minor pension account holder change rejected,alias_or_portal_remark,Nominee_Death,medium,medium,https://www.epfindia.gov.in/site_docs/PDFs/Downloads_PDFs/Form10D.pdf | https://kustodian.life/resources/epf-form-10d-the-2026-guide-to-claiming-your-monthly-pension | https://epfigms.gov.in/ | https://righttoinformation.wiki/epf-death-claim-without-nominee-legal-heir-india | https://jeevanpramaan.gov.in,Compiled from source records. EPFO does not publish a numbered rejection-code list; portal remarks are the operative text.
epfo-rr-135-a05,epfo-rr-135,Family/orphan pension credit blocked after guardian change without EPFO update,Guardianship succession not updated EPFO,alias_or_portal_remark,Nominee_Death,medium,medium,https://www.epfindia.gov.in/site_docs/PDFs/Downloads_PDFs/Form10D.pdf | https://kustodian.life/resources/epf-form-10d-the-2026-guide-to-claiming-your-monthly-pension | https://epfigms.gov.in/ | https://righttoinformation.wiki/epf-death-claim-without-nominee-legal-heir-india | https://jeevanpramaan.gov.in,Compiled from source records. EPFO does not publish a numbered rejection-code list; portal remarks are the operative text.
epfo-rr-135-official,epfo-rr-135,Family/orphan pension credit blocked after guardian change without EPFO update,"Minor family/orphan pensions are paid through a recognised guardian's bank details until majority. Changing guardian (death of guardian, court order, natural guardian switch) without updating EPFO/PPO records leads to returned credits or suspended pension similar to bank-change rejects.",official_or_commonly_seen_status,Nominee_Death,medium,medium,https://www.epfindia.gov.in/site_docs/PDFs/Downloads_PDFs/Form10D.pdf | https://kustodian.life/resources/epf-form-10d-the-2026-guide-to-claiming-your-monthly-pension | https://epfigms.gov.in/ | https://righttoinformation.wiki/epf-death-claim-without-nominee-legal-heir-india | https://jeevanpramaan.gov.in,Operational edge widely seen in pension desks; scheme text does not publish a portal code.
epfo-rr-136-a01,epfo-rr-136,Dependent parents Form 10D pension rejected when spouse or eligible children still exist or dependency unproven,Parent pension EPS rejected,alias_or_portal_remark,Nominee_Death,high,medium,https://www.epfindia.gov.in/site_docs/PDFs/Downloads_PDFs/Form10D.pdf | https://www.epfindia.gov.in/site_en/WhichClaimForm.php?id=in_sm | https://www.wealthpedia.in/eps-family-pension/ | https://kustodian.life/resources/epf-death-claim-process-india | https://righttoinformation.wiki/epf-death-claim-without-nominee-legal-heir-india,Compiled from source records. EPFO does not publish a numbered rejection-code list; portal remarks are the operative text.
epfo-rr-136-a02,epfo-rr-136,Dependent parents Form 10D pension rejected when spouse or eligible children still exist or dependency unproven,Dependent father mother Form 10D,alias_or_portal_remark,Nominee_Death,high,medium,https://www.epfindia.gov.in/site_docs/PDFs/Downloads_PDFs/Form10D.pdf | https://www.epfindia.gov.in/site_en/WhichClaimForm.php?id=in_sm | https://www.wealthpedia.in/eps-family-pension/ | https://kustodian.life/resources/epf-death-claim-process-india | https://righttoinformation.wiki/epf-death-claim-without-nominee-legal-heir-india,Compiled from source records. EPFO does not publish a numbered rejection-code list; portal remarks are the operative text.
epfo-rr-136-a03,epfo-rr-136,Dependent parents Form 10D pension rejected when spouse or eligible children still exist or dependency unproven,No widow no children parent pension,alias_or_portal_remark,Nominee_Death,high,medium,https://www.epfindia.gov.in/site_docs/PDFs/Downloads_PDFs/Form10D.pdf | https://www.epfindia.gov.in/site_en/WhichClaimForm.php?id=in_sm | https://www.wealthpedia.in/eps-family-pension/ | https://kustodian.life/resources/epf-death-claim-process-india | https://righttoinformation.wiki/epf-death-claim-without-nominee-legal-heir-india,Compiled from source records. EPFO does not publish a numbered rejection-code list; portal remarks are the operative text.
epfo-rr-136-a04,epfo-rr-136,Dependent parents Form 10D pension rejected when spouse or eligible children still exist or dependency unproven,Dependency proof missing parents pension,alias_or_portal_remark,Nominee_Death,high,medium,https://www.epfindia.gov.in/site_docs/PDFs/Downloads_PDFs/Form10D.pdf | https://www.epfindia.gov.in/site_en/WhichClaimForm.php?id=in_sm | https://www.wealthpedia.in/eps-family-pension/ | https://kustodian.life/resources/epf-death-claim-process-india | https://righttoinformation.wiki/epf-death-claim-without-nominee-legal-heir-india,Compiled from source records. EPFO does not publish a numbered rejection-code list; portal remarks are the operative text.
epfo-rr-136-a05,epfo-rr-136,Dependent parents Form 10D pension rejected when spouse or eligible children still exist or dependency unproven,Parents claiming family pension wrongly,alias_or_portal_remark,Nominee_Death,high,medium,https://www.epfindia.gov.in/site_docs/PDFs/Downloads_PDFs/Form10D.pdf | https://www.epfindia.gov.in/site_en/WhichClaimForm.php?id=in_sm | https://www.wealthpedia.in/eps-family-pension/ | https://kustodian.life/resources/epf-death-claim-process-india | https://righttoinformation.wiki/epf-death-claim-without-nominee-legal-heir-india,Compiled from source records. EPFO does not publish a numbered rejection-code list; portal remarks are the operative text.
epfo-rr-136-official,epfo-rr-136,Dependent parents Form 10D pension rejected when spouse or eligible children still exist or dependency unproven,"EPS priority for family pension typically runs widow/widower, then children, then dependent parents if no other eligible family. Parent claims fail when a spouse or eligible child exists, or when financial dependency is not evidenced.",official_or_commonly_seen_status,Nominee_Death,high,medium,https://www.epfindia.gov.in/site_docs/PDFs/Downloads_PDFs/Form10D.pdf | https://www.epfindia.gov.in/site_en/WhichClaimForm.php?id=in_sm | https://www.wealthpedia.in/eps-family-pension/ | https://kustodian.life/resources/epf-death-claim-process-india | https://righttoinformation.wiki/epf-death-claim-without-nominee-legal-heir-india,Priority order summarised from EPS family-pension explainers; RO may ask extra dependency proof.
epfo-rr-137-a01,epfo-rr-137,EDLI Form 5IF assurance amount disputed — calculated benefit below expected minimum/maximum band,EDLI amount less than expected,alias_or_portal_remark,Nominee_Death,medium,high,https://www.epfindia.gov.in/site_docs/PDFs/Downloads_PDFs/Form5IF_Instructions_Eng.pdf | https://cleartax.in/s/edli | https://kustodian.life/resources/provident-fund/form-5if-guide | https://kustodian.life/resources/provident-fund/edli-claim-process | https://pmvbry.epfindia.gov.in/insurance-scheme-edli/,Compiled from source records. EPFO does not publish a numbered rejection-code list; portal remarks are the operative text.
epfo-rr-137-a02,epfo-rr-137,EDLI Form 5IF assurance amount disputed — calculated benefit below expected minimum/maximum band,Form 5IF assurance calculation dispute,alias_or_portal_remark,Nominee_Death,medium,high,https://www.epfindia.gov.in/site_docs/PDFs/Downloads_PDFs/Form5IF_Instructions_Eng.pdf | https://cleartax.in/s/edli | https://kustodian.life/resources/provident-fund/form-5if-guide | https://kustodian.life/resources/provident-fund/edli-claim-process | https://pmvbry.epfindia.gov.in/insurance-scheme-edli/,Compiled from source records. EPFO does not publish a numbered rejection-code list; portal remarks are the operative text.
epfo-rr-137-a03,epfo-rr-137,EDLI Form 5IF assurance amount disputed — calculated benefit below expected minimum/maximum band,EDLI not 7 lakh paid,alias_or_portal_remark,Nominee_Death,medium,high,https://www.epfindia.gov.in/site_docs/PDFs/Downloads_PDFs/Form5IF_Instructions_Eng.pdf | https://cleartax.in/s/edli | https://kustodian.life/resources/provident-fund/form-5if-guide | https://kustodian.life/resources/provident-fund/edli-claim-process | https://pmvbry.epfindia.gov.in/insurance-scheme-edli/,Compiled from source records. EPFO does not publish a numbered rejection-code list; portal remarks are the operative text.
epfo-rr-137-a04,epfo-rr-137,EDLI Form 5IF assurance amount disputed — calculated benefit below expected minimum/maximum band,Average PF balance EDLI short,alias_or_portal_remark,Nominee_Death,medium,high,https://www.epfindia.gov.in/site_docs/PDFs/Downloads_PDFs/Form5IF_Instructions_Eng.pdf | https://cleartax.in/s/edli | https://kustodian.life/resources/provident-fund/form-5if-guide | https://kustodian.life/resources/provident-fund/edli-claim-process | https://pmvbry.epfindia.gov.in/insurance-scheme-edli/,Compiled from source records. EPFO does not publish a numbered rejection-code list; portal remarks are the operative text.
epfo-rr-137-a05,epfo-rr-137,EDLI Form 5IF assurance amount disputed — calculated benefit below expected minimum/maximum band,EDLI minimum 2.5 lakh not credited,alias_or_portal_remark,Nominee_Death,medium,high,https://www.epfindia.gov.in/site_docs/PDFs/Downloads_PDFs/Form5IF_Instructions_Eng.pdf | https://cleartax.in/s/edli | https://kustodian.life/resources/provident-fund/form-5if-guide | https://kustodian.life/resources/provident-fund/edli-claim-process | https://pmvbry.epfindia.gov.in/insurance-scheme-edli/,Compiled from source records. EPFO does not publish a numbered rejection-code list; portal remarks are the operative text.
epfo-rr-137-official,epfo-rr-137,EDLI Form 5IF assurance amount disputed — calculated benefit below expected minimum/maximum band,"EDLI assurance is formula-based on average PF balance / wage multiples with published minimum and maximum bands (commonly cited min about Rs 2.5 lakh, max around Rs 7 lakh including enhancements — verify live scheme). Claims are not always rejected solely for low amount, but families treat underpayment as rejection; offices may return claims for wage/balance clarification.",official_or_commonly_seen_status,Nominee_Death,medium,high,https://www.epfindia.gov.in/site_docs/PDFs/Downloads_PDFs/Form5IF_Instructions_Eng.pdf | https://cleartax.in/s/edli | https://kustodian.life/resources/provident-fund/form-5if-guide | https://kustodian.life/resources/provident-fund/edli-claim-process | https://pmvbry.epfindia.gov.in/insurance-scheme-edli/,Min/max figures from EDLI scheme explainers and EPFO insurance pages; confirm current notification values before advising exact rupees.
epfo-rr-138-a01,epfo-rr-138,EDLI claim complicated by dual employment — overlapping covered establishments at death,Dual employment EDLI,alias_or_portal_remark,Nominee_Death,high,medium,https://www.epfindia.gov.in/site_docs/PDFs/Downloads_PDFs/Form5IF_Instructions_Eng.pdf | https://economictimes.indiatimes.com/wealth/save/epfo-clarifies-edli-rules-weekends-holidays-between-two-jobs-not-to-be-counted-as-break-for-settling-insurance-claims/articleshow/126054764.cms | https://cleartax.in/s/edli | https://www.epfindia.gov.in/site_en/WhichClaimForm.php?id=in_sm | https://kustodian.life/resources/provident-fund/edli-claim-process,Compiled from source records. EPFO does not publish a numbered rejection-code list; portal remarks are the operative text.
epfo-rr-138-a02,epfo-rr-138,EDLI claim complicated by dual employment — overlapping covered establishments at death,Two establishments EDLI which one,alias_or_portal_remark,Nominee_Death,high,medium,https://www.epfindia.gov.in/site_docs/PDFs/Downloads_PDFs/Form5IF_Instructions_Eng.pdf | https://economictimes.indiatimes.com/wealth/save/epfo-clarifies-edli-rules-weekends-holidays-between-two-jobs-not-to-be-counted-as-break-for-settling-insurance-claims/articleshow/126054764.cms | https://cleartax.in/s/edli | https://www.epfindia.gov.in/site_en/WhichClaimForm.php?id=in_sm | https://kustodian.life/resources/provident-fund/edli-claim-process,Compiled from source records. EPFO does not publish a numbered rejection-code list; portal remarks are the operative text.
epfo-rr-138-a03,epfo-rr-138,EDLI claim complicated by dual employment — overlapping covered establishments at death,Overlapping jobs death insurance claim,alias_or_portal_remark,Nominee_Death,high,medium,https://www.epfindia.gov.in/site_docs/PDFs/Downloads_PDFs/Form5IF_Instructions_Eng.pdf | https://economictimes.indiatimes.com/wealth/save/epfo-clarifies-edli-rules-weekends-holidays-between-two-jobs-not-to-be-counted-as-break-for-settling-insurance-claims/articleshow/126054764.cms | https://cleartax.in/s/edli | https://www.epfindia.gov.in/site_en/WhichClaimForm.php?id=in_sm | https://kustodian.life/resources/provident-fund/edli-claim-process,Compiled from source records. EPFO does not publish a numbered rejection-code list; portal remarks are the operative text.
epfo-rr-138-a04,epfo-rr-138,EDLI claim complicated by dual employment — overlapping covered establishments at death,EDLI dual PF membership dispute,alias_or_portal_remark,Nominee_Death,high,medium,https://www.epfindia.gov.in/site_docs/PDFs/Downloads_PDFs/Form5IF_Instructions_Eng.pdf | https://economictimes.indiatimes.com/wealth/save/epfo-clarifies-edli-rules-weekends-holidays-between-two-jobs-not-to-be-counted-as-break-for-settling-insurance-claims/articleshow/126054764.cms | https://cleartax.in/s/edli | https://www.epfindia.gov.in/site_en/WhichClaimForm.php?id=in_sm | https://kustodian.life/resources/provident-fund/edli-claim-process,Compiled from source records. EPFO does not publish a numbered rejection-code list; portal remarks are the operative text.
epfo-rr-138-a05,epfo-rr-138,EDLI claim complicated by dual employment — overlapping covered establishments at death,Form 5IF two employers,alias_or_portal_remark,Nominee_Death,high,medium,https://www.epfindia.gov.in/site_docs/PDFs/Downloads_PDFs/Form5IF_Instructions_Eng.pdf | https://economictimes.indiatimes.com/wealth/save/epfo-clarifies-edli-rules-weekends-holidays-between-two-jobs-not-to-be-counted-as-break-for-settling-insurance-claims/articleshow/126054764.cms | https://cleartax.in/s/edli | https://www.epfindia.gov.in/site_en/WhichClaimForm.php?id=in_sm | https://kustodian.life/resources/provident-fund/edli-claim-process,Compiled from source records. EPFO does not publish a numbered rejection-code list; portal remarks are the operative text.
epfo-rr-138-official,epfo-rr-138,EDLI claim complicated by dual employment — overlapping covered establishments at death,"Dual/overlapping employment already flags compliance (member wage reporting under two codes). On death, EDLI eligibility and which establishment's assurance applies can stall Form 5IF while service overlap and contribution continuity are verified.",official_or_commonly_seen_status,Nominee_Death,high,medium,https://www.epfindia.gov.in/site_docs/PDFs/Downloads_PDFs/Form5IF_Instructions_Eng.pdf | https://economictimes.indiatimes.com/wealth/save/epfo-clarifies-edli-rules-weekends-holidays-between-two-jobs-not-to-be-counted-as-break-for-settling-insurance-claims/articleshow/126054764.cms | https://cleartax.in/s/edli | https://www.epfindia.gov.in/site_en/WhichClaimForm.php?id=in_sm | https://kustodian.life/resources/provident-fund/edli-claim-process,Edge case combining dual-employment compliance with EDLI; ET break-in-service clarification may help contiguous jobs but not true concurrent dual employment.
epfo-rr-139-a01,epfo-rr-139,EDLI denied or delayed for contribution continuity / break-in-service beyond clarified weekend-holiday gaps,EDLI break in service,alias_or_portal_remark,Nominee_Death,high,medium,https://www.epfindia.gov.in/site_docs/PDFs/Downloads_PDFs/Form5IF_Instructions_Eng.pdf | https://economictimes.indiatimes.com/wealth/save/epfo-clarifies-edli-rules-weekends-holidays-between-two-jobs-not-to-be-counted-as-break-for-settling-insurance-claims/articleshow/126054764.cms | https://cleartax.in/s/edli | https://kustodian.life/resources/provident-fund/form-5if-guide | https://www.teamleaseregtech.com/updates/article/50901/epfo-issued-an-urgent-clarification-regarding-regulation-of-claims-und/,Compiled from source records. EPFO does not publish a numbered rejection-code list; portal remarks are the operative text.
epfo-rr-139-a02,epfo-rr-139,EDLI denied or delayed for contribution continuity / break-in-service beyond clarified weekend-holiday gaps,Contribution discontinuity Form 5IF,alias_or_portal_remark,Nominee_Death,high,medium,https://www.epfindia.gov.in/site_docs/PDFs/Downloads_PDFs/Form5IF_Instructions_Eng.pdf | https://economictimes.indiatimes.com/wealth/save/epfo-clarifies-edli-rules-weekends-holidays-between-two-jobs-not-to-be-counted-as-break-for-settling-insurance-claims/articleshow/126054764.cms | https://cleartax.in/s/edli | https://kustodian.life/resources/provident-fund/form-5if-guide | https://www.teamleaseregtech.com/updates/article/50901/epfo-issued-an-urgent-clarification-regarding-regulation-of-claims-und/,Compiled from source records. EPFO does not publish a numbered rejection-code list; portal remarks are the operative text.
epfo-rr-139-a03,epfo-rr-139,EDLI denied or delayed for contribution continuity / break-in-service beyond clarified weekend-holiday gaps,Gap between jobs EDLI rejected,alias_or_portal_remark,Nominee_Death,high,medium,https://www.epfindia.gov.in/site_docs/PDFs/Downloads_PDFs/Form5IF_Instructions_Eng.pdf | https://economictimes.indiatimes.com/wealth/save/epfo-clarifies-edli-rules-weekends-holidays-between-two-jobs-not-to-be-counted-as-break-for-settling-insurance-claims/articleshow/126054764.cms | https://cleartax.in/s/edli | https://kustodian.life/resources/provident-fund/form-5if-guide | https://www.teamleaseregtech.com/updates/article/50901/epfo-issued-an-urgent-clarification-regarding-regulation-of-claims-und/,Compiled from source records. EPFO does not publish a numbered rejection-code list; portal remarks are the operative text.
epfo-rr-139-a04,epfo-rr-139,EDLI denied or delayed for contribution continuity / break-in-service beyond clarified weekend-holiday gaps,Not continuous member EDLI,alias_or_portal_remark,Nominee_Death,high,medium,https://www.epfindia.gov.in/site_docs/PDFs/Downloads_PDFs/Form5IF_Instructions_Eng.pdf | https://economictimes.indiatimes.com/wealth/save/epfo-clarifies-edli-rules-weekends-holidays-between-two-jobs-not-to-be-counted-as-break-for-settling-insurance-claims/articleshow/126054764.cms | https://cleartax.in/s/edli | https://kustodian.life/resources/provident-fund/form-5if-guide | https://www.teamleaseregtech.com/updates/article/50901/epfo-issued-an-urgent-clarification-regarding-regulation-of-claims-und/,Compiled from source records. EPFO does not publish a numbered rejection-code list; portal remarks are the operative text.
epfo-rr-139-a05,epfo-rr-139,EDLI denied or delayed for contribution continuity / break-in-service beyond clarified weekend-holiday gaps,EDLI gap between employments,alias_or_portal_remark,Nominee_Death,high,medium,https://www.epfindia.gov.in/site_docs/PDFs/Downloads_PDFs/Form5IF_Instructions_Eng.pdf | https://economictimes.indiatimes.com/wealth/save/epfo-clarifies-edli-rules-weekends-holidays-between-two-jobs-not-to-be-counted-as-break-for-settling-insurance-claims/articleshow/126054764.cms | https://cleartax.in/s/edli | https://kustodian.life/resources/provident-fund/form-5if-guide | https://www.teamleaseregtech.com/updates/article/50901/epfo-issued-an-urgent-clarification-regarding-regulation-of-claims-und/,Compiled from source records. EPFO does not publish a numbered rejection-code list; portal remarks are the operative text.
epfo-rr-139-official,epfo-rr-139,EDLI denied or delayed for contribution continuity / break-in-service beyond clarified weekend-holiday gaps,"EPFO has clarified that weekends/holidays between two jobs are not a break for EDLI. Longer uncredited gaps, missing ECR months, or exits without rejoining can still defeat death-while-in-service or continuity tests. Secondary compliance notes discuss short-gap regulation — verify live circular text; do not invent numbers.",official_or_commonly_seen_status,Nominee_Death,high,medium,https://www.epfindia.gov.in/site_docs/PDFs/Downloads_PDFs/Form5IF_Instructions_Eng.pdf | https://economictimes.indiatimes.com/wealth/save/epfo-clarifies-edli-rules-weekends-holidays-between-two-jobs-not-to-be-counted-as-break-for-settling-insurance-claims/articleshow/126054764.cms | https://cleartax.in/s/edli | https://kustodian.life/resources/provident-fund/form-5if-guide | https://www.teamleaseregtech.com/updates/article/50901/epfo-issued-an-urgent-clarification-regarding-regulation-of-claims-und/,Weekend clarification is news-reported EPFO position; longer-gap numeric rules in secondary notes — medium confidence; verify circular before quoting a number.
epfo-rr-140-a01,epfo-rr-140,Form 5IF EDLI filed without or out of sequence with Form 20 PF death claim causing return,EDLI without Form 20,alias_or_portal_remark,Form_Documentation,medium,high,https://www.epfindia.gov.in/site_en/WhichClaimForm.php?id=in_sm | https://www.epfindia.gov.in/site_docs/PDFs/Downloads_PDFs/Form5IF_Instructions_Eng.pdf | https://www.epfindia.gov.in/site_docs/PDFs/Downloads_PDFs/Form20.pdf | https://kustodian.life/resources/epf-death-claim-process-india | https://kustodian.life/resources/provident-fund/form-5if-guide,Compiled from source records. EPFO does not publish a numbered rejection-code list; portal remarks are the operative text.
epfo-rr-140-a02,epfo-rr-140,Form 5IF EDLI filed without or out of sequence with Form 20 PF death claim causing return,Form 5IF alone rejected,alias_or_portal_remark,Form_Documentation,medium,high,https://www.epfindia.gov.in/site_en/WhichClaimForm.php?id=in_sm | https://www.epfindia.gov.in/site_docs/PDFs/Downloads_PDFs/Form5IF_Instructions_Eng.pdf | https://www.epfindia.gov.in/site_docs/PDFs/Downloads_PDFs/Form20.pdf | https://kustodian.life/resources/epf-death-claim-process-india | https://kustodian.life/resources/provident-fund/form-5if-guide,Compiled from source records. EPFO does not publish a numbered rejection-code list; portal remarks are the operative text.
epfo-rr-140-a03,epfo-rr-140,Form 5IF EDLI filed without or out of sequence with Form 20 PF death claim causing return,Death claim sequencing 20 and 5IF,alias_or_portal_remark,Form_Documentation,medium,high,https://www.epfindia.gov.in/site_en/WhichClaimForm.php?id=in_sm | https://www.epfindia.gov.in/site_docs/PDFs/Downloads_PDFs/Form5IF_Instructions_Eng.pdf | https://www.epfindia.gov.in/site_docs/PDFs/Downloads_PDFs/Form20.pdf | https://kustodian.life/resources/epf-death-claim-process-india | https://kustodian.life/resources/provident-fund/form-5if-guide,Compiled from source records. EPFO does not publish a numbered rejection-code list; portal remarks are the operative text.
epfo-rr-140-a04,epfo-rr-140,Form 5IF EDLI filed without or out of sequence with Form 20 PF death claim causing return,File Form 20 first then 5IF,alias_or_portal_remark,Form_Documentation,medium,high,https://www.epfindia.gov.in/site_en/WhichClaimForm.php?id=in_sm | https://www.epfindia.gov.in/site_docs/PDFs/Downloads_PDFs/Form5IF_Instructions_Eng.pdf | https://www.epfindia.gov.in/site_docs/PDFs/Downloads_PDFs/Form20.pdf | https://kustodian.life/resources/epf-death-claim-process-india | https://kustodian.life/resources/provident-fund/form-5if-guide,Compiled from source records. EPFO does not publish a numbered rejection-code list; portal remarks are the operative text.
epfo-rr-140-a05,epfo-rr-140,Form 5IF EDLI filed without or out of sequence with Form 20 PF death claim causing return,Composite death package incomplete,alias_or_portal_remark,Form_Documentation,medium,high,https://www.epfindia.gov.in/site_en/WhichClaimForm.php?id=in_sm | https://www.epfindia.gov.in/site_docs/PDFs/Downloads_PDFs/Form5IF_Instructions_Eng.pdf | https://www.epfindia.gov.in/site_docs/PDFs/Downloads_PDFs/Form20.pdf | https://kustodian.life/resources/epf-death-claim-process-india | https://kustodian.life/resources/provident-fund/form-5if-guide,Compiled from source records. EPFO does not publish a numbered rejection-code list; portal remarks are the operative text.
epfo-rr-140-official,epfo-rr-140,Form 5IF EDLI filed without or out of sequence with Form 20 PF death claim causing return,"Which Claim Form matrix for death in service typically lists Form 20 (PF) AND Form 10D/10C AND Form 5IF (EDLI). Filing only insurance without the PF death settlement path, or mismatched claimant details across forms, leads to returns for want of complete death package.",official_or_commonly_seen_status,Form_Documentation,medium,high,https://www.epfindia.gov.in/site_en/WhichClaimForm.php?id=in_sm | https://www.epfindia.gov.in/site_docs/PDFs/Downloads_PDFs/Form5IF_Instructions_Eng.pdf | https://www.epfindia.gov.in/site_docs/PDFs/Downloads_PDFs/Form20.pdf | https://kustodian.life/resources/epf-death-claim-process-india | https://kustodian.life/resources/provident-fund/form-5if-guide,Based on official Which Claim Form death package layout.
epfo-rr-141-a01,epfo-rr-141,EDLI Form 5IF stalled for exempted establishment / private trust missing twelve-month PF particulars,Exempted trust EDLI documents missing,alias_or_portal_remark,Nominee_Death,high,high,https://www.epfindia.gov.in/site_docs/PDFs/Downloads_PDFs/Form5IF_Instructions_Eng.pdf | https://cleartax.in/s/edli | https://kustodian.life/resources/provident-fund/form-5if-guide | https://www.epfindia.gov.in/site_en/WhichClaimForm.php?id=in_sm | https://kustodian.life/resources/provident-fund/edli-claim-process,Compiled from source records. EPFO does not publish a numbered rejection-code list; portal remarks are the operative text.
epfo-rr-141-a02,epfo-rr-141,EDLI Form 5IF stalled for exempted establishment / private trust missing twelve-month PF particulars,Form 5IF private PF trust annexure,alias_or_portal_remark,Nominee_Death,high,high,https://www.epfindia.gov.in/site_docs/PDFs/Downloads_PDFs/Form5IF_Instructions_Eng.pdf | https://cleartax.in/s/edli | https://kustodian.life/resources/provident-fund/form-5if-guide | https://www.epfindia.gov.in/site_en/WhichClaimForm.php?id=in_sm | https://kustodian.life/resources/provident-fund/edli-claim-process,Compiled from source records. EPFO does not publish a numbered rejection-code list; portal remarks are the operative text.
epfo-rr-141-a03,epfo-rr-141,EDLI Form 5IF stalled for exempted establishment / private trust missing twelve-month PF particulars,Twelve months PF balance EDLI exempted,alias_or_portal_remark,Nominee_Death,high,high,https://www.epfindia.gov.in/site_docs/PDFs/Downloads_PDFs/Form5IF_Instructions_Eng.pdf | https://cleartax.in/s/edli | https://kustodian.life/resources/provident-fund/form-5if-guide | https://www.epfindia.gov.in/site_en/WhichClaimForm.php?id=in_sm | https://kustodian.life/resources/provident-fund/edli-claim-process,Compiled from source records. EPFO does not publish a numbered rejection-code list; portal remarks are the operative text.
epfo-rr-141-a04,epfo-rr-141,EDLI Form 5IF stalled for exempted establishment / private trust missing twelve-month PF particulars,Trust certificate for EDLI rejected,alias_or_portal_remark,Nominee_Death,high,high,https://www.epfindia.gov.in/site_docs/PDFs/Downloads_PDFs/Form5IF_Instructions_Eng.pdf | https://cleartax.in/s/edli | https://kustodian.life/resources/provident-fund/form-5if-guide | https://www.epfindia.gov.in/site_en/WhichClaimForm.php?id=in_sm | https://kustodian.life/resources/provident-fund/edli-claim-process,Compiled from source records. EPFO does not publish a numbered rejection-code list; portal remarks are the operative text.
epfo-rr-141-a05,epfo-rr-141,EDLI Form 5IF stalled for exempted establishment / private trust missing twelve-month PF particulars,Exempted establishment Form 5IF return,alias_or_portal_remark,Nominee_Death,high,high,https://www.epfindia.gov.in/site_docs/PDFs/Downloads_PDFs/Form5IF_Instructions_Eng.pdf | https://cleartax.in/s/edli | https://kustodian.life/resources/provident-fund/form-5if-guide | https://www.epfindia.gov.in/site_en/WhichClaimForm.php?id=in_sm | https://kustodian.life/resources/provident-fund/edli-claim-process,Compiled from source records. EPFO does not publish a numbered rejection-code list; portal remarks are the operative text.
epfo-rr-141-official,epfo-rr-141,EDLI Form 5IF stalled for exempted establishment / private trust missing twelve-month PF particulars,"Form 5IF instructions require additional particulars of PF accumulations for the preceding twelve months when the establishment is exempted / has a private trust. Without trust certificates, EDLI assurance cannot be computed and the claim is returned — sharper than general exempted-trust friction (031).",official_or_commonly_seen_status,Nominee_Death,high,high,https://www.epfindia.gov.in/site_docs/PDFs/Downloads_PDFs/Form5IF_Instructions_Eng.pdf | https://cleartax.in/s/edli | https://kustodian.life/resources/provident-fund/form-5if-guide | https://www.epfindia.gov.in/site_en/WhichClaimForm.php?id=in_sm | https://kustodian.life/resources/provident-fund/edli-claim-process,Directly from Form 5IF official instructions theme on exempted establishments.
epfo-rr-142-a01,epfo-rr-142,Multiple member IDs under one UAN — only partial balance transferred leaving residual MID unclaimed,Partial transfer multiple member IDs,alias_or_portal_remark,Transfer_Related,high,high,https://kustodian.life/resources/epf-form-13-pf-transfer-online-offline-how-to-fill-pdf-status | https://www.citizennest.com/guide/epf-transfer-claim-rejected-fix | https://www.livemint.com/money/personal-finance/changing-jobs-soon-fix-these-epf-transfer-errors-before-resigning-for-a-smooth-pf-transfer-11782808524771.html | https://righttoinformation.wiki/practical-guides/pf-transferred-to-wrong-member-id-correction | https://unifiedportal-mem.epfindia.gov.in/memberinterface/,Compiled from source records. EPFO does not publish a numbered rejection-code list; portal remarks are the operative text.
epfo-rr-142-a02,epfo-rr-142,Multiple member IDs under one UAN — only partial balance transferred leaving residual MID unclaimed,Old member ID balance still left,alias_or_portal_remark,Transfer_Related,high,high,https://kustodian.life/resources/epf-form-13-pf-transfer-online-offline-how-to-fill-pdf-status | https://www.citizennest.com/guide/epf-transfer-claim-rejected-fix | https://www.livemint.com/money/personal-finance/changing-jobs-soon-fix-these-epf-transfer-errors-before-resigning-for-a-smooth-pf-transfer-11782808524771.html | https://righttoinformation.wiki/practical-guides/pf-transferred-to-wrong-member-id-correction | https://unifiedportal-mem.epfindia.gov.in/memberinterface/,Compiled from source records. EPFO does not publish a numbered rejection-code list; portal remarks are the operative text.
epfo-rr-142-a03,epfo-rr-142,Multiple member IDs under one UAN — only partial balance transferred leaving residual MID unclaimed,One Member One EPF Account incomplete,alias_or_portal_remark,Transfer_Related,high,high,https://kustodian.life/resources/epf-form-13-pf-transfer-online-offline-how-to-fill-pdf-status | https://www.citizennest.com/guide/epf-transfer-claim-rejected-fix | https://www.livemint.com/money/personal-finance/changing-jobs-soon-fix-these-epf-transfer-errors-before-resigning-for-a-smooth-pf-transfer-11782808524771.html | https://righttoinformation.wiki/practical-guides/pf-transferred-to-wrong-member-id-correction | https://unifiedportal-mem.epfindia.gov.in/memberinterface/,Compiled from source records. EPFO does not publish a numbered rejection-code list; portal remarks are the operative text.
epfo-rr-142-a04,epfo-rr-142,Multiple member IDs under one UAN — only partial balance transferred leaving residual MID unclaimed,Transfer covered only latest MID,alias_or_portal_remark,Transfer_Related,high,high,https://kustodian.life/resources/epf-form-13-pf-transfer-online-offline-how-to-fill-pdf-status | https://www.citizennest.com/guide/epf-transfer-claim-rejected-fix | https://www.livemint.com/money/personal-finance/changing-jobs-soon-fix-these-epf-transfer-errors-before-resigning-for-a-smooth-pf-transfer-11782808524771.html | https://righttoinformation.wiki/practical-guides/pf-transferred-to-wrong-member-id-correction | https://unifiedportal-mem.epfindia.gov.in/memberinterface/,Compiled from source records. EPFO does not publish a numbered rejection-code list; portal remarks are the operative text.
epfo-rr-142-a05,epfo-rr-142,Multiple member IDs under one UAN — only partial balance transferred leaving residual MID unclaimed,Residual PF in previous member ID,alias_or_portal_remark,Transfer_Related,high,high,https://kustodian.life/resources/epf-form-13-pf-transfer-online-offline-how-to-fill-pdf-status | https://www.citizennest.com/guide/epf-transfer-claim-rejected-fix | https://www.livemint.com/money/personal-finance/changing-jobs-soon-fix-these-epf-transfer-errors-before-resigning-for-a-smooth-pf-transfer-11782808524771.html | https://righttoinformation.wiki/practical-guides/pf-transferred-to-wrong-member-id-correction | https://unifiedportal-mem.epfindia.gov.in/memberinterface/,Compiled from source records. EPFO does not publish a numbered rejection-code list; portal remarks are the operative text.
epfo-rr-142-official,epfo-rr-142,Multiple member IDs under one UAN — only partial balance transferred leaving residual MID unclaimed,UAN can hold many member IDs. Auto-transfer and One Member-One EPF Account flows often move the most recent previous MID; older MIDs may remain. Members who then settle only the current MID discover residual balances. Transfer claims may be rejected or unused for older MIDs until separately filed.,official_or_commonly_seen_status,Transfer_Related,high,high,https://kustodian.life/resources/epf-form-13-pf-transfer-online-offline-how-to-fill-pdf-status | https://www.citizennest.com/guide/epf-transfer-claim-rejected-fix | https://www.livemint.com/money/personal-finance/changing-jobs-soon-fix-these-epf-transfer-errors-before-resigning-for-a-smooth-pf-transfer-11782808524771.html | https://righttoinformation.wiki/practical-guides/pf-transferred-to-wrong-member-id-correction | https://unifiedportal-mem.epfindia.gov.in/memberinterface/,Forum/RTI guides document residual MID pattern extensively.
epfo-rr-143-a01,epfo-rr-143,"Auto-transfer of EPF failed — exit not marked, KYC incomplete, or multi-account conditions unmet",Auto transfer not happened,alias_or_portal_remark,Transfer_Related,medium,medium,https://investmentepfo.com/auto-transfer-of-epf-how-it-works-when-you-switch-jobs/ | https://kustodian.life/resources/epf-form-13-pf-transfer-online-offline-how-to-fill-pdf-status | https://www.livemint.com/money/personal-finance/changing-jobs-soon-fix-these-epf-transfer-errors-before-resigning-for-a-smooth-pf-transfer-11782808524771.html | https://unifiedportal-mem.epfindia.gov.in/memberinterface/ | https://www.epfindia.gov.in/site_docs/PDFs/MiscPDFs/FAQ_OCS_050517_1017.pdf,Compiled from source records. EPFO does not publish a numbered rejection-code list; portal remarks are the operative text.
epfo-rr-143-a02,epfo-rr-143,"Auto-transfer of EPF failed — exit not marked, KYC incomplete, or multi-account conditions unmet",Automatic PF transfer failed,alias_or_portal_remark,Transfer_Related,medium,medium,https://investmentepfo.com/auto-transfer-of-epf-how-it-works-when-you-switch-jobs/ | https://kustodian.life/resources/epf-form-13-pf-transfer-online-offline-how-to-fill-pdf-status | https://www.livemint.com/money/personal-finance/changing-jobs-soon-fix-these-epf-transfer-errors-before-resigning-for-a-smooth-pf-transfer-11782808524771.html | https://unifiedportal-mem.epfindia.gov.in/memberinterface/ | https://www.epfindia.gov.in/site_docs/PDFs/MiscPDFs/FAQ_OCS_050517_1017.pdf,Compiled from source records. EPFO does not publish a numbered rejection-code list; portal remarks are the operative text.
epfo-rr-143-a03,epfo-rr-143,"Auto-transfer of EPF failed — exit not marked, KYC incomplete, or multi-account conditions unmet",One Member One EPF auto transfer pending,alias_or_portal_remark,Transfer_Related,medium,medium,https://investmentepfo.com/auto-transfer-of-epf-how-it-works-when-you-switch-jobs/ | https://kustodian.life/resources/epf-form-13-pf-transfer-online-offline-how-to-fill-pdf-status | https://www.livemint.com/money/personal-finance/changing-jobs-soon-fix-these-epf-transfer-errors-before-resigning-for-a-smooth-pf-transfer-11782808524771.html | https://unifiedportal-mem.epfindia.gov.in/memberinterface/ | https://www.epfindia.gov.in/site_docs/PDFs/MiscPDFs/FAQ_OCS_050517_1017.pdf,Compiled from source records. EPFO does not publish a numbered rejection-code list; portal remarks are the operative text.
epfo-rr-143-a04,epfo-rr-143,"Auto-transfer of EPF failed — exit not marked, KYC incomplete, or multi-account conditions unmet",PF not auto transferred after joining,alias_or_portal_remark,Transfer_Related,medium,medium,https://investmentepfo.com/auto-transfer-of-epf-how-it-works-when-you-switch-jobs/ | https://kustodian.life/resources/epf-form-13-pf-transfer-online-offline-how-to-fill-pdf-status | https://www.livemint.com/money/personal-finance/changing-jobs-soon-fix-these-epf-transfer-errors-before-resigning-for-a-smooth-pf-transfer-11782808524771.html | https://unifiedportal-mem.epfindia.gov.in/memberinterface/ | https://www.epfindia.gov.in/site_docs/PDFs/MiscPDFs/FAQ_OCS_050517_1017.pdf,Compiled from source records. EPFO does not publish a numbered rejection-code list; portal remarks are the operative text.
epfo-rr-143-a05,epfo-rr-143,"Auto-transfer of EPF failed — exit not marked, KYC incomplete, or multi-account conditions unmet",Auto transfer conditions not satisfied,alias_or_portal_remark,Transfer_Related,medium,medium,https://investmentepfo.com/auto-transfer-of-epf-how-it-works-when-you-switch-jobs/ | https://kustodian.life/resources/epf-form-13-pf-transfer-online-offline-how-to-fill-pdf-status | https://www.livemint.com/money/personal-finance/changing-jobs-soon-fix-these-epf-transfer-errors-before-resigning-for-a-smooth-pf-transfer-11782808524771.html | https://unifiedportal-mem.epfindia.gov.in/memberinterface/ | https://www.epfindia.gov.in/site_docs/PDFs/MiscPDFs/FAQ_OCS_050517_1017.pdf,Compiled from source records. EPFO does not publish a numbered rejection-code list; portal remarks are the operative text.
epfo-rr-143-official,epfo-rr-143,"Auto-transfer of EPF failed — exit not marked, KYC incomplete, or multi-account conditions unmet","EPFO auto-transfer after joining a new establishment typically needs prior DOE marked, KYC seeded/verified, same UAN reused, and system eligibility. If conditions fail, balance stays on old MID until manual Form 13. Members often call this a rejection though no claim was filed.",official_or_commonly_seen_status,Transfer_Related,medium,medium,https://investmentepfo.com/auto-transfer-of-epf-how-it-works-when-you-switch-jobs/ | https://kustodian.life/resources/epf-form-13-pf-transfer-online-offline-how-to-fill-pdf-status | https://www.livemint.com/money/personal-finance/changing-jobs-soon-fix-these-epf-transfer-errors-before-resigning-for-a-smooth-pf-transfer-11782808524771.html | https://unifiedportal-mem.epfindia.gov.in/memberinterface/ | https://www.epfindia.gov.in/site_docs/PDFs/MiscPDFs/FAQ_OCS_050517_1017.pdf,Auto-transfer behaviour documented in secondary explainers; portal remains authoritative.
epfo-rr-144-a01,epfo-rr-144,Transfer settled but balance mismatch — amount debited at source not credited at destination,Transfer amount deducted not credited,alias_or_portal_remark,Transfer_Related,critical,high,https://righttoinformation.wiki/practical-guides/pf-transferred-to-wrong-member-id-correction | https://kustodian.life/resources/epf-form-13-pf-transfer-online-offline-how-to-fill-pdf-status | https://www.citizennest.com/guide/epf-transfer-claim-rejected-fix | https://www.reddit.com/r/epfoindia/comments/1taoams/epfo_pf_transfer_stuck_for_4_years_amount/ | https://epfigms.gov.in/,Compiled from source records. EPFO does not publish a numbered rejection-code list; portal remarks are the operative text.
epfo-rr-144-a02,epfo-rr-144,Transfer settled but balance mismatch — amount debited at source not credited at destination,Form 13 settled money missing,alias_or_portal_remark,Transfer_Related,critical,high,https://righttoinformation.wiki/practical-guides/pf-transferred-to-wrong-member-id-correction | https://kustodian.life/resources/epf-form-13-pf-transfer-online-offline-how-to-fill-pdf-status | https://www.citizennest.com/guide/epf-transfer-claim-rejected-fix | https://www.reddit.com/r/epfoindia/comments/1taoams/epfo_pf_transfer_stuck_for_4_years_amount/ | https://epfigms.gov.in/,Compiled from source records. EPFO does not publish a numbered rejection-code list; portal remarks are the operative text.
epfo-rr-144-a03,epfo-rr-144,Transfer settled but balance mismatch — amount debited at source not credited at destination,PF transfer debit without credit,alias_or_portal_remark,Transfer_Related,critical,high,https://righttoinformation.wiki/practical-guides/pf-transferred-to-wrong-member-id-correction | https://kustodian.life/resources/epf-form-13-pf-transfer-online-offline-how-to-fill-pdf-status | https://www.citizennest.com/guide/epf-transfer-claim-rejected-fix | https://www.reddit.com/r/epfoindia/comments/1taoams/epfo_pf_transfer_stuck_for_4_years_amount/ | https://epfigms.gov.in/,Compiled from source records. EPFO does not publish a numbered rejection-code list; portal remarks are the operative text.
epfo-rr-144-a04,epfo-rr-144,Transfer settled but balance mismatch — amount debited at source not credited at destination,Annexure K internal rejection after debit,alias_or_portal_remark,Transfer_Related,critical,high,https://righttoinformation.wiki/practical-guides/pf-transferred-to-wrong-member-id-correction | https://kustodian.life/resources/epf-form-13-pf-transfer-online-offline-how-to-fill-pdf-status | https://www.citizennest.com/guide/epf-transfer-claim-rejected-fix | https://www.reddit.com/r/epfoindia/comments/1taoams/epfo_pf_transfer_stuck_for_4_years_amount/ | https://epfigms.gov.in/,Compiled from source records. EPFO does not publish a numbered rejection-code list; portal remarks are the operative text.
epfo-rr-144-a05,epfo-rr-144,Transfer settled but balance mismatch — amount debited at source not credited at destination,Re-credit transfer amount pending,alias_or_portal_remark,Transfer_Related,critical,high,https://righttoinformation.wiki/practical-guides/pf-transferred-to-wrong-member-id-correction | https://kustodian.life/resources/epf-form-13-pf-transfer-online-offline-how-to-fill-pdf-status | https://www.citizennest.com/guide/epf-transfer-claim-rejected-fix | https://www.reddit.com/r/epfoindia/comments/1taoams/epfo_pf_transfer_stuck_for_4_years_amount/ | https://epfigms.gov.in/,Compiled from source records. EPFO does not publish a numbered rejection-code list; portal remarks are the operative text.
epfo-rr-144-official,epfo-rr-144,Transfer settled but balance mismatch — amount debited at source not credited at destination,"Members report Form 13 status Settled or debited passbook at source while destination passbook never rises. Causes include EPS mismatch, internal rejection after debit, or wrong MID credit. Fix is re-credit at source then re-transfer — not filing Form 19 on a zeroed source.",official_or_commonly_seen_status,Transfer_Related,critical,high,https://righttoinformation.wiki/practical-guides/pf-transferred-to-wrong-member-id-correction | https://kustodian.life/resources/epf-form-13-pf-transfer-online-offline-how-to-fill-pdf-status | https://www.citizennest.com/guide/epf-transfer-claim-rejected-fix | https://www.reddit.com/r/epfoindia/comments/1taoams/epfo_pf_transfer_stuck_for_4_years_amount/ | https://epfigms.gov.in/,Widely reported operational failure mode; no single public rejection code.
epfo-rr-145-a01,epfo-rr-145,Form 13 transfer rejected with remark to update EPS date of joining and date of exit,PLZ UPDATE EPS DOJ AND DOE,alias_or_portal_remark,Transfer_Related,high,high,https://www.reddit.com/r/epfoindia/comments/1tm7e94/raised_a_claim_before_transfer/ | https://kustodian.life/resources/epf-form-13-pf-transfer-online-offline-how-to-fill-pdf-status | https://www.epfindia.gov.in/site_docs/PDFs/Circulars/Y2023-2024/SOP_WSU_new.pdf | https://unifiedportal-mem.epfindia.gov.in/memberinterface/ | https://www.livemint.com/money/personal-finance/epfo-showing-wrong-service-history-what-employees-should-check-immediately-and-do-next-to-rectify-the-error-11786520369893.html,Compiled from source records. EPFO does not publish a numbered rejection-code list; portal remarks are the operative text.
epfo-rr-145-a02,epfo-rr-145,Form 13 transfer rejected with remark to update EPS date of joining and date of exit,Update EPS DOJ DOE transfer rejected,alias_or_portal_remark,Transfer_Related,high,high,https://www.reddit.com/r/epfoindia/comments/1tm7e94/raised_a_claim_before_transfer/ | https://kustodian.life/resources/epf-form-13-pf-transfer-online-offline-how-to-fill-pdf-status | https://www.epfindia.gov.in/site_docs/PDFs/Circulars/Y2023-2024/SOP_WSU_new.pdf | https://unifiedportal-mem.epfindia.gov.in/memberinterface/ | https://www.livemint.com/money/personal-finance/epfo-showing-wrong-service-history-what-employees-should-check-immediately-and-do-next-to-rectify-the-error-11786520369893.html,Compiled from source records. EPFO does not publish a numbered rejection-code list; portal remarks are the operative text.
epfo-rr-145-a03,epfo-rr-145,Form 13 transfer rejected with remark to update EPS date of joining and date of exit,EPS dates missing Form 13,alias_or_portal_remark,Transfer_Related,high,high,https://www.reddit.com/r/epfoindia/comments/1tm7e94/raised_a_claim_before_transfer/ | https://kustodian.life/resources/epf-form-13-pf-transfer-online-offline-how-to-fill-pdf-status | https://www.epfindia.gov.in/site_docs/PDFs/Circulars/Y2023-2024/SOP_WSU_new.pdf | https://unifiedportal-mem.epfindia.gov.in/memberinterface/ | https://www.livemint.com/money/personal-finance/epfo-showing-wrong-service-history-what-employees-should-check-immediately-and-do-next-to-rectify-the-error-11786520369893.html,Compiled from source records. EPFO does not publish a numbered rejection-code list; portal remarks are the operative text.
epfo-rr-145-a04,epfo-rr-145,Form 13 transfer rejected with remark to update EPS date of joining and date of exit,Pension DOJ DOE not updated transfer,alias_or_portal_remark,Transfer_Related,high,high,https://www.reddit.com/r/epfoindia/comments/1tm7e94/raised_a_claim_before_transfer/ | https://kustodian.life/resources/epf-form-13-pf-transfer-online-offline-how-to-fill-pdf-status | https://www.epfindia.gov.in/site_docs/PDFs/Circulars/Y2023-2024/SOP_WSU_new.pdf | https://unifiedportal-mem.epfindia.gov.in/memberinterface/ | https://www.livemint.com/money/personal-finance/epfo-showing-wrong-service-history-what-employees-should-check-immediately-and-do-next-to-rectify-the-error-11786520369893.html,Compiled from source records. EPFO does not publish a numbered rejection-code list; portal remarks are the operative text.
epfo-rr-145-a05,epfo-rr-145,Form 13 transfer rejected with remark to update EPS date of joining and date of exit,Transfer claim EPS service dates,alias_or_portal_remark,Transfer_Related,high,high,https://www.reddit.com/r/epfoindia/comments/1tm7e94/raised_a_claim_before_transfer/ | https://kustodian.life/resources/epf-form-13-pf-transfer-online-offline-how-to-fill-pdf-status | https://www.epfindia.gov.in/site_docs/PDFs/Circulars/Y2023-2024/SOP_WSU_new.pdf | https://unifiedportal-mem.epfindia.gov.in/memberinterface/ | https://www.livemint.com/money/personal-finance/epfo-showing-wrong-service-history-what-employees-should-check-immediately-and-do-next-to-rectify-the-error-11786520369893.html,Compiled from source records. EPFO does not publish a numbered rejection-code list; portal remarks are the operative text.
epfo-rr-145-official,epfo-rr-145,Form 13 transfer rejected with remark to update EPS date of joining and date of exit,"Forum-reported transfer rejection remark: update EPS DOJ and DOE. Even when Service History shows EPF dates, EPS-specific joining/exit fields may be blank or inconsistent, blocking One Member-One EPF Account transfers.",official_or_commonly_seen_status,Transfer_Related,high,high,https://www.reddit.com/r/epfoindia/comments/1tm7e94/raised_a_claim_before_transfer/ | https://kustodian.life/resources/epf-form-13-pf-transfer-online-offline-how-to-fill-pdf-status | https://www.epfindia.gov.in/site_docs/PDFs/Circulars/Y2023-2024/SOP_WSU_new.pdf | https://unifiedportal-mem.epfindia.gov.in/memberinterface/ | https://www.livemint.com/money/personal-finance/epfo-showing-wrong-service-history-what-employees-should-check-immediately-and-do-next-to-rectify-the-error-11786520369893.html,Remark string commonly reported on Reddit r/epfoindia; employer update is the fix.
epfo-rr-146-a01,epfo-rr-146,PF transferred or credited to wrong member ID under the UAN,PF transferred to wrong member ID,alias_or_portal_remark,Transfer_Related,critical,high,https://righttoinformation.wiki/practical-guides/pf-transferred-to-wrong-member-id-correction | https://kustodian.life/resources/epf-form-13-pf-transfer-online-offline-how-to-fill-pdf-status | https://www.citizennest.com/guide/epf-transfer-claim-rejected-fix | https://epfigms.gov.in/ | https://unifiedportal-mem.epfindia.gov.in/memberinterface/,Compiled from source records. EPFO does not publish a numbered rejection-code list; portal remarks are the operative text.
epfo-rr-146-a02,epfo-rr-146,PF transferred or credited to wrong member ID under the UAN,Credit in incorrect MID,alias_or_portal_remark,Transfer_Related,critical,high,https://righttoinformation.wiki/practical-guides/pf-transferred-to-wrong-member-id-correction | https://kustodian.life/resources/epf-form-13-pf-transfer-online-offline-how-to-fill-pdf-status | https://www.citizennest.com/guide/epf-transfer-claim-rejected-fix | https://epfigms.gov.in/ | https://unifiedportal-mem.epfindia.gov.in/memberinterface/,Compiled from source records. EPFO does not publish a numbered rejection-code list; portal remarks are the operative text.
epfo-rr-146-a03,epfo-rr-146,PF transferred or credited to wrong member ID under the UAN,Transfer wrong destination member ID,alias_or_portal_remark,Transfer_Related,critical,high,https://righttoinformation.wiki/practical-guides/pf-transferred-to-wrong-member-id-correction | https://kustodian.life/resources/epf-form-13-pf-transfer-online-offline-how-to-fill-pdf-status | https://www.citizennest.com/guide/epf-transfer-claim-rejected-fix | https://epfigms.gov.in/ | https://unifiedportal-mem.epfindia.gov.in/memberinterface/,Compiled from source records. EPFO does not publish a numbered rejection-code list; portal remarks are the operative text.
epfo-rr-146-a04,epfo-rr-146,PF transferred or credited to wrong member ID under the UAN,Balance showing under unknown member ID,alias_or_portal_remark,Transfer_Related,critical,high,https://righttoinformation.wiki/practical-guides/pf-transferred-to-wrong-member-id-correction | https://kustodian.life/resources/epf-form-13-pf-transfer-online-offline-how-to-fill-pdf-status | https://www.citizennest.com/guide/epf-transfer-claim-rejected-fix | https://epfigms.gov.in/ | https://unifiedportal-mem.epfindia.gov.in/memberinterface/,Compiled from source records. EPFO does not publish a numbered rejection-code list; portal remarks are the operative text.
epfo-rr-146-a05,epfo-rr-146,PF transferred or credited to wrong member ID under the UAN,Mis-credited PF transfer,alias_or_portal_remark,Transfer_Related,critical,high,https://righttoinformation.wiki/practical-guides/pf-transferred-to-wrong-member-id-correction | https://kustodian.life/resources/epf-form-13-pf-transfer-online-offline-how-to-fill-pdf-status | https://www.citizennest.com/guide/epf-transfer-claim-rejected-fix | https://epfigms.gov.in/ | https://unifiedportal-mem.epfindia.gov.in/memberinterface/,Compiled from source records. EPFO does not publish a numbered rejection-code list; portal remarks are the operative text.
epfo-rr-146-official,epfo-rr-146,PF transferred or credited to wrong member ID under the UAN,Transfers can post to an incorrect member ID when the wrong destination is selected or backend mapping errs. Passbook then shows credit on an unexpected MID; claims on the intended MID fail for insufficient balance.,official_or_commonly_seen_status,Transfer_Related,critical,high,https://righttoinformation.wiki/practical-guides/pf-transferred-to-wrong-member-id-correction | https://kustodian.life/resources/epf-form-13-pf-transfer-online-offline-how-to-fill-pdf-status | https://www.citizennest.com/guide/epf-transfer-claim-rejected-fix | https://epfigms.gov.in/ | https://unifiedportal-mem.epfindia.gov.in/memberinterface/,RTI Wiki practical guide on wrong-MID transfer.
epfo-rr-147-a01,epfo-rr-147,"Establishment code change, merger, or amalgamation leaving member ID mapped to obsolete code",Establishment merger PF claim stuck,alias_or_portal_remark,Employer_Related,high,medium,https://www.epfindia.gov.in | https://www.epfindia.gov.in/site_docs/PDFs/Circulars/Y2023-2024/SOP_Exemption_06102023.pdf | https://www.epfindia.gov.in/site_en/OTCP_ForEmployers.php | https://epfindia.gov.in/site_docs/PDFs/OTCP_PDFs/MembersFAQ.pdf | https://www.livemint.com/money/personal-finance/changing-jobs-soon-fix-these-epf-transfer-errors-before-resigning-for-a-smooth-pf-transfer-11782808524771.html,Compiled from source records. EPFO does not publish a numbered rejection-code list; portal remarks are the operative text.
epfo-rr-147-a02,epfo-rr-147,"Establishment code change, merger, or amalgamation leaving member ID mapped to obsolete code",Old establishment code claim rejected,alias_or_portal_remark,Employer_Related,high,medium,https://www.epfindia.gov.in | https://www.epfindia.gov.in/site_docs/PDFs/Circulars/Y2023-2024/SOP_Exemption_06102023.pdf | https://www.epfindia.gov.in/site_en/OTCP_ForEmployers.php | https://epfindia.gov.in/site_docs/PDFs/OTCP_PDFs/MembersFAQ.pdf | https://www.livemint.com/money/personal-finance/changing-jobs-soon-fix-these-epf-transfer-errors-before-resigning-for-a-smooth-pf-transfer-11782808524771.html,Compiled from source records. EPFO does not publish a numbered rejection-code list; portal remarks are the operative text.
epfo-rr-147-a03,epfo-rr-147,"Establishment code change, merger, or amalgamation leaving member ID mapped to obsolete code",Amalgamation member ID not migrated,alias_or_portal_remark,Employer_Related,high,medium,https://www.epfindia.gov.in | https://www.epfindia.gov.in/site_docs/PDFs/Circulars/Y2023-2024/SOP_Exemption_06102023.pdf | https://www.epfindia.gov.in/site_en/OTCP_ForEmployers.php | https://epfindia.gov.in/site_docs/PDFs/OTCP_PDFs/MembersFAQ.pdf | https://www.livemint.com/money/personal-finance/changing-jobs-soon-fix-these-epf-transfer-errors-before-resigning-for-a-smooth-pf-transfer-11782808524771.html,Compiled from source records. EPFO does not publish a numbered rejection-code list; portal remarks are the operative text.
epfo-rr-147-a04,epfo-rr-147,"Establishment code change, merger, or amalgamation leaving member ID mapped to obsolete code",Company merger PF transfer issue,alias_or_portal_remark,Employer_Related,high,medium,https://www.epfindia.gov.in | https://www.epfindia.gov.in/site_docs/PDFs/Circulars/Y2023-2024/SOP_Exemption_06102023.pdf | https://www.epfindia.gov.in/site_en/OTCP_ForEmployers.php | https://epfindia.gov.in/site_docs/PDFs/OTCP_PDFs/MembersFAQ.pdf | https://www.livemint.com/money/personal-finance/changing-jobs-soon-fix-these-epf-transfer-errors-before-resigning-for-a-smooth-pf-transfer-11782808524771.html,Compiled from source records. EPFO does not publish a numbered rejection-code list; portal remarks are the operative text.
epfo-rr-147-a05,epfo-rr-147,"Establishment code change, merger, or amalgamation leaving member ID mapped to obsolete code",Establishment code changed Form 5A,alias_or_portal_remark,Employer_Related,high,medium,https://www.epfindia.gov.in | https://www.epfindia.gov.in/site_docs/PDFs/Circulars/Y2023-2024/SOP_Exemption_06102023.pdf | https://www.epfindia.gov.in/site_en/OTCP_ForEmployers.php | https://epfindia.gov.in/site_docs/PDFs/OTCP_PDFs/MembersFAQ.pdf | https://www.livemint.com/money/personal-finance/changing-jobs-soon-fix-these-epf-transfer-errors-before-resigning-for-a-smooth-pf-transfer-11782808524771.html,Compiled from source records. EPFO does not publish a numbered rejection-code list; portal remarks are the operative text.
epfo-rr-147-official,epfo-rr-147,"Establishment code change, merger, or amalgamation leaving member ID mapped to obsolete code","Mergers/amalgamations require establishment profile/Form 5A and RO updates. Members stranded on pre-merger codes face attestation, DSC, and jurisdiction failures. Exemption SOPs also require notifying legal-status changes.",official_or_commonly_seen_status,Employer_Related,high,medium,https://www.epfindia.gov.in | https://www.epfindia.gov.in/site_docs/PDFs/Circulars/Y2023-2024/SOP_Exemption_06102023.pdf | https://www.epfindia.gov.in/site_en/OTCP_ForEmployers.php | https://epfindia.gov.in/site_docs/PDFs/OTCP_PDFs/MembersFAQ.pdf | https://www.livemint.com/money/personal-finance/changing-jobs-soon-fix-these-epf-transfer-errors-before-resigning-for-a-smooth-pf-transfer-11782808524771.html,Tied to Form 5A / legal-status change duties; secondary M&A claim friction reports.
epfo-rr-148-a01,epfo-rr-148,Regional Office bifurcation or jurisdiction remapping mid-claim sending file to wrong RO,RO bifurcation claim stuck,alias_or_portal_remark,Other,medium,medium,https://www.epfindia.gov.in | https://epfigms.gov.in/ | https://epfindia.gov.in/site_docs/PDFs/OTCP_PDFs/MembersFAQ.pdf | https://taxguru.in/corporate-law/standard-operating-procedure-sop-settlement-claims-epfo.html | https://unifiedportal-mem.epfindia.gov.in/memberinterface/,Compiled from source records. EPFO does not publish a numbered rejection-code list; portal remarks are the operative text.
epfo-rr-148-a02,epfo-rr-148,Regional Office bifurcation or jurisdiction remapping mid-claim sending file to wrong RO,Jurisdiction changed Regional Office,alias_or_portal_remark,Other,medium,medium,https://www.epfindia.gov.in | https://epfigms.gov.in/ | https://epfindia.gov.in/site_docs/PDFs/OTCP_PDFs/MembersFAQ.pdf | https://taxguru.in/corporate-law/standard-operating-procedure-sop-settlement-claims-epfo.html | https://unifiedportal-mem.epfindia.gov.in/memberinterface/,Compiled from source records. EPFO does not publish a numbered rejection-code list; portal remarks are the operative text.
epfo-rr-148-a03,epfo-rr-148,Regional Office bifurcation or jurisdiction remapping mid-claim sending file to wrong RO,Claim forwarded wrong RO after bifurcation,alias_or_portal_remark,Other,medium,medium,https://www.epfindia.gov.in | https://epfigms.gov.in/ | https://epfindia.gov.in/site_docs/PDFs/OTCP_PDFs/MembersFAQ.pdf | https://taxguru.in/corporate-law/standard-operating-procedure-sop-settlement-claims-epfo.html | https://unifiedportal-mem.epfindia.gov.in/memberinterface/,Compiled from source records. EPFO does not publish a numbered rejection-code list; portal remarks are the operative text.
epfo-rr-148-a04,epfo-rr-148,Regional Office bifurcation or jurisdiction remapping mid-claim sending file to wrong RO,Establishment remapped new RO,alias_or_portal_remark,Other,medium,medium,https://www.epfindia.gov.in | https://epfigms.gov.in/ | https://epfindia.gov.in/site_docs/PDFs/OTCP_PDFs/MembersFAQ.pdf | https://taxguru.in/corporate-law/standard-operating-procedure-sop-settlement-claims-epfo.html | https://unifiedportal-mem.epfindia.gov.in/memberinterface/,Compiled from source records. EPFO does not publish a numbered rejection-code list; portal remarks are the operative text.
epfo-rr-148-a05,epfo-rr-148,Regional Office bifurcation or jurisdiction remapping mid-claim sending file to wrong RO,PF office division claim pending,alias_or_portal_remark,Other,medium,medium,https://www.epfindia.gov.in | https://epfigms.gov.in/ | https://epfindia.gov.in/site_docs/PDFs/OTCP_PDFs/MembersFAQ.pdf | https://taxguru.in/corporate-law/standard-operating-procedure-sop-settlement-claims-epfo.html | https://unifiedportal-mem.epfindia.gov.in/memberinterface/,Compiled from source records. EPFO does not publish a numbered rejection-code list; portal remarks are the operative text.
epfo-rr-148-official,epfo-rr-148,Regional Office bifurcation or jurisdiction remapping mid-claim sending file to wrong RO,"When EPFO splits or reassigns establishment jurisdiction across Regional/District Offices, in-flight claims and physical files can sit in the old RO queue or show vague pending remarks. Related to jurisdiction mismatch (080, 117) but specifically triggered by remapping events.",official_or_commonly_seen_status,Other,medium,medium,https://www.epfindia.gov.in | https://epfigms.gov.in/ | https://epfindia.gov.in/site_docs/PDFs/OTCP_PDFs/MembersFAQ.pdf | https://taxguru.in/corporate-law/standard-operating-procedure-sop-settlement-claims-epfo.html | https://unifiedportal-mem.epfindia.gov.in/memberinterface/,Operational jurisdiction remapping pattern; no single circular number invented.
epfo-rr-149-a01,epfo-rr-149,ECR revised or supplementary return filed after claim submission altering service or contribution data,ECR revision after claim,alias_or_portal_remark,Employer_Related,high,medium,https://epfindia.gov.in/site_docs/PDFs/OTCP_PDFs/MembersFAQ.pdf | https://www.epfindia.gov.in/site_docs/PDFs/MiscPDFs/FAQ_OCS_050517_1017.pdf | https://www.reddit.com/r/epfoindia/comments/1lwzhcs/my_epfo_claim_got_rejected_form31_after_16_days/ | https://www.livemint.com/money/personal-finance/epfo-showing-wrong-service-history-what-employees-should-check-immediately-and-do-next-to-rectify-the-error-11786520369893.html | https://unifiedportal-mem.epfindia.gov.in/memberinterface/,Compiled from source records. EPFO does not publish a numbered rejection-code list; portal remarks are the operative text.
epfo-rr-149-a02,epfo-rr-149,ECR revised or supplementary return filed after claim submission altering service or contribution data,Supplementary ECR claim rejected,alias_or_portal_remark,Employer_Related,high,medium,https://epfindia.gov.in/site_docs/PDFs/OTCP_PDFs/MembersFAQ.pdf | https://www.epfindia.gov.in/site_docs/PDFs/MiscPDFs/FAQ_OCS_050517_1017.pdf | https://www.reddit.com/r/epfoindia/comments/1lwzhcs/my_epfo_claim_got_rejected_form31_after_16_days/ | https://www.livemint.com/money/personal-finance/epfo-showing-wrong-service-history-what-employees-should-check-immediately-and-do-next-to-rectify-the-error-11786520369893.html | https://unifiedportal-mem.epfindia.gov.in/memberinterface/,Compiled from source records. EPFO does not publish a numbered rejection-code list; portal remarks are the operative text.
epfo-rr-149-a03,epfo-rr-149,ECR revised or supplementary return filed after claim submission altering service or contribution data,Contribution corrected post claim,alias_or_portal_remark,Employer_Related,high,medium,https://epfindia.gov.in/site_docs/PDFs/OTCP_PDFs/MembersFAQ.pdf | https://www.epfindia.gov.in/site_docs/PDFs/MiscPDFs/FAQ_OCS_050517_1017.pdf | https://www.reddit.com/r/epfoindia/comments/1lwzhcs/my_epfo_claim_got_rejected_form31_after_16_days/ | https://www.livemint.com/money/personal-finance/epfo-showing-wrong-service-history-what-employees-should-check-immediately-and-do-next-to-rectify-the-error-11786520369893.html | https://unifiedportal-mem.epfindia.gov.in/memberinterface/,Compiled from source records. EPFO does not publish a numbered rejection-code list; portal remarks are the operative text.
epfo-rr-149-a04,epfo-rr-149,ECR revised or supplementary return filed after claim submission altering service or contribution data,Employer revised return claim hold,alias_or_portal_remark,Employer_Related,high,medium,https://epfindia.gov.in/site_docs/PDFs/OTCP_PDFs/MembersFAQ.pdf | https://www.epfindia.gov.in/site_docs/PDFs/MiscPDFs/FAQ_OCS_050517_1017.pdf | https://www.reddit.com/r/epfoindia/comments/1lwzhcs/my_epfo_claim_got_rejected_form31_after_16_days/ | https://www.livemint.com/money/personal-finance/epfo-showing-wrong-service-history-what-employees-should-check-immediately-and-do-next-to-rectify-the-error-11786520369893.html | https://unifiedportal-mem.epfindia.gov.in/memberinterface/,Compiled from source records. EPFO does not publish a numbered rejection-code list; portal remarks are the operative text.
epfo-rr-149-a05,epfo-rr-149,ECR revised or supplementary return filed after claim submission altering service or contribution data,Re-filed ECR mismatch claim,alias_or_portal_remark,Employer_Related,high,medium,https://epfindia.gov.in/site_docs/PDFs/OTCP_PDFs/MembersFAQ.pdf | https://www.epfindia.gov.in/site_docs/PDFs/MiscPDFs/FAQ_OCS_050517_1017.pdf | https://www.reddit.com/r/epfoindia/comments/1lwzhcs/my_epfo_claim_got_rejected_form31_after_16_days/ | https://www.livemint.com/money/personal-finance/epfo-showing-wrong-service-history-what-employees-should-check-immediately-and-do-next-to-rectify-the-error-11786520369893.html | https://unifiedportal-mem.epfindia.gov.in/memberinterface/,Compiled from source records. EPFO does not publish a numbered rejection-code list; portal remarks are the operative text.
epfo-rr-149-official,epfo-rr-149,ECR revised or supplementary return filed after claim submission altering service or contribution data,"Employers sometimes revise ECR after a member claims — adding late contributions, correcting wages, or reversing rows. Backend revalidation then rejects or returns the claim for contribution-after-exit, amount mismatch, or service change (related to 097/098).",official_or_commonly_seen_status,Employer_Related,high,medium,https://epfindia.gov.in/site_docs/PDFs/OTCP_PDFs/MembersFAQ.pdf | https://www.epfindia.gov.in/site_docs/PDFs/MiscPDFs/FAQ_OCS_050517_1017.pdf | https://www.reddit.com/r/epfoindia/comments/1lwzhcs/my_epfo_claim_got_rejected_form31_after_16_days/ | https://www.livemint.com/money/personal-finance/epfo-showing-wrong-service-history-what-employees-should-check-immediately-and-do-next-to-rectify-the-error-11786520369893.html | https://unifiedportal-mem.epfindia.gov.in/memberinterface/,Extends post-exit contribution rejects to the ECR-revision timing edge.
epfo-rr-150-a01,epfo-rr-150,Inspection para or compliance proceeding against establishment holding member claims,Inspection para claim withheld,alias_or_portal_remark,Compliance_Legal,high,medium,https://taxguru.in/corporate-law/standard-operating-procedure-sop-settlement-claims-epfo.html | https://epfigms.gov.in/ | https://epfindia.gov.in/site_docs/PDFs/OTCP_PDFs/MembersFAQ.pdf | https://www.epfindia.gov.in | https://www.business-standard.com/finance/personal-finance/epfo-issues-new-rules-for-inoperative-inactive-accounts-to-combat-fraud-124080600360_1.html,Compiled from source records. EPFO does not publish a numbered rejection-code list; portal remarks are the operative text.
epfo-rr-150-a02,epfo-rr-150,Inspection para or compliance proceeding against establishment holding member claims,Compliance case PF claim pending,alias_or_portal_remark,Compliance_Legal,high,medium,https://taxguru.in/corporate-law/standard-operating-procedure-sop-settlement-claims-epfo.html | https://epfigms.gov.in/ | https://epfindia.gov.in/site_docs/PDFs/OTCP_PDFs/MembersFAQ.pdf | https://www.epfindia.gov.in | https://www.business-standard.com/finance/personal-finance/epfo-issues-new-rules-for-inoperative-inactive-accounts-to-combat-fraud-124080600360_1.html,Compiled from source records. EPFO does not publish a numbered rejection-code list; portal remarks are the operative text.
epfo-rr-150-a03,epfo-rr-150,Inspection para or compliance proceeding against establishment holding member claims,Establishment under inspection claims blocked,alias_or_portal_remark,Compliance_Legal,high,medium,https://taxguru.in/corporate-law/standard-operating-procedure-sop-settlement-claims-epfo.html | https://epfigms.gov.in/ | https://epfindia.gov.in/site_docs/PDFs/OTCP_PDFs/MembersFAQ.pdf | https://www.epfindia.gov.in | https://www.business-standard.com/finance/personal-finance/epfo-issues-new-rules-for-inoperative-inactive-accounts-to-combat-fraud-124080600360_1.html,Compiled from source records. EPFO does not publish a numbered rejection-code list; portal remarks are the operative text.
epfo-rr-150-a04,epfo-rr-150,Inspection para or compliance proceeding against establishment holding member claims,Inquiry proceeding claim hold,alias_or_portal_remark,Compliance_Legal,high,medium,https://taxguru.in/corporate-law/standard-operating-procedure-sop-settlement-claims-epfo.html | https://epfigms.gov.in/ | https://epfindia.gov.in/site_docs/PDFs/OTCP_PDFs/MembersFAQ.pdf | https://www.epfindia.gov.in | https://www.business-standard.com/finance/personal-finance/epfo-issues-new-rules-for-inoperative-inactive-accounts-to-combat-fraud-124080600360_1.html,Compiled from source records. EPFO does not publish a numbered rejection-code list; portal remarks are the operative text.
epfo-rr-150-a05,epfo-rr-150,Inspection para or compliance proceeding against establishment holding member claims,Enforcement file blocking settlement,alias_or_portal_remark,Compliance_Legal,high,medium,https://taxguru.in/corporate-law/standard-operating-procedure-sop-settlement-claims-epfo.html | https://epfigms.gov.in/ | https://epfindia.gov.in/site_docs/PDFs/OTCP_PDFs/MembersFAQ.pdf | https://www.epfindia.gov.in | https://www.business-standard.com/finance/personal-finance/epfo-issues-new-rules-for-inoperative-inactive-accounts-to-combat-fraud-124080600360_1.html,Compiled from source records. EPFO does not publish a numbered rejection-code list; portal remarks are the operative text.
epfo-rr-150-official,epfo-rr-150,Inspection para or compliance proceeding against establishment holding member claims,"When RO enforcement/inspection paras, coverage disputes, or inquiry proceedings run against an establishment, individual claims may be kept pending or returned until the para is closed or member-level clearance is given. Members see vague pending remarks rather than a published code.",official_or_commonly_seen_status,Compliance_Legal,high,medium,https://taxguru.in/corporate-law/standard-operating-procedure-sop-settlement-claims-epfo.html | https://epfigms.gov.in/ | https://epfindia.gov.in/site_docs/PDFs/OTCP_PDFs/MembersFAQ.pdf | https://www.epfindia.gov.in | https://www.business-standard.com/finance/personal-finance/epfo-issues-new-rules-for-inoperative-inactive-accounts-to-combat-fraud-124080600360_1.html,Operational hold pattern; do not invent section numbers beyond commonly referenced inquiry contexts.
epfo-rr-151-a01,epfo-rr-151,Aadhaar face authentication failure on UMANG blocking UAN activation or KYC refresh,Face authentication failure EPFO,alias_or_portal_remark,KYC_Identity,critical,high,https://www.epfindia.gov.in/site_docs/PDFs/Circulars/Y2025-2026/AllotmentAndActivationOfUAN_UMANGAppUsingFAT.pdf | https://taxguru.in/corporate-law/epfo-uan-activation-umang-app-face-authentication.html | https://uidai.gov.in | https://web.umang.gov.in | https://www.livemint.com/money/personal-finance/epfo-members-account-blocked-uan-no-access-passbook-kyc-pending-common-issues-how-fix-it-provident-fund-portal-umang-app-11785514948903.html,Compiled from source records. EPFO does not publish a numbered rejection-code list; portal remarks are the operative text.
epfo-rr-151-a02,epfo-rr-151,Aadhaar face authentication failure on UMANG blocking UAN activation or KYC refresh,FAT failed UMANG UAN,alias_or_portal_remark,KYC_Identity,critical,high,https://www.epfindia.gov.in/site_docs/PDFs/Circulars/Y2025-2026/AllotmentAndActivationOfUAN_UMANGAppUsingFAT.pdf | https://taxguru.in/corporate-law/epfo-uan-activation-umang-app-face-authentication.html | https://uidai.gov.in | https://web.umang.gov.in | https://www.livemint.com/money/personal-finance/epfo-members-account-blocked-uan-no-access-passbook-kyc-pending-common-issues-how-fix-it-provident-fund-portal-umang-app-11785514948903.html,Compiled from source records. EPFO does not publish a numbered rejection-code list; portal remarks are the operative text.
epfo-rr-151-a03,epfo-rr-151,Aadhaar face authentication failure on UMANG blocking UAN activation or KYC refresh,Aadhaar Face RD authentication failed,alias_or_portal_remark,KYC_Identity,critical,high,https://www.epfindia.gov.in/site_docs/PDFs/Circulars/Y2025-2026/AllotmentAndActivationOfUAN_UMANGAppUsingFAT.pdf | https://taxguru.in/corporate-law/epfo-uan-activation-umang-app-face-authentication.html | https://uidai.gov.in | https://web.umang.gov.in | https://www.livemint.com/money/personal-finance/epfo-members-account-blocked-uan-no-access-passbook-kyc-pending-common-issues-how-fix-it-provident-fund-portal-umang-app-11785514948903.html,Compiled from source records. EPFO does not publish a numbered rejection-code list; portal remarks are the operative text.
epfo-rr-151-a04,epfo-rr-151,Aadhaar face authentication failure on UMANG blocking UAN activation or KYC refresh,Face scan not matching Aadhaar EPFO,alias_or_portal_remark,KYC_Identity,critical,high,https://www.epfindia.gov.in/site_docs/PDFs/Circulars/Y2025-2026/AllotmentAndActivationOfUAN_UMANGAppUsingFAT.pdf | https://taxguru.in/corporate-law/epfo-uan-activation-umang-app-face-authentication.html | https://uidai.gov.in | https://web.umang.gov.in | https://www.livemint.com/money/personal-finance/epfo-members-account-blocked-uan-no-access-passbook-kyc-pending-common-issues-how-fix-it-provident-fund-portal-umang-app-11785514948903.html,Compiled from source records. EPFO does not publish a numbered rejection-code list; portal remarks are the operative text.
epfo-rr-151-a05,epfo-rr-151,Aadhaar face authentication failure on UMANG blocking UAN activation or KYC refresh,UAN activation face auth error,alias_or_portal_remark,KYC_Identity,critical,high,https://www.epfindia.gov.in/site_docs/PDFs/Circulars/Y2025-2026/AllotmentAndActivationOfUAN_UMANGAppUsingFAT.pdf | https://taxguru.in/corporate-law/epfo-uan-activation-umang-app-face-authentication.html | https://uidai.gov.in | https://web.umang.gov.in | https://www.livemint.com/money/personal-finance/epfo-members-account-blocked-uan-no-access-passbook-kyc-pending-common-issues-how-fix-it-provident-fund-portal-umang-app-11785514948903.html,Compiled from source records. EPFO does not publish a numbered rejection-code list; portal remarks are the operative text.
epfo-rr-151-official,epfo-rr-151,Aadhaar face authentication failure on UMANG blocking UAN activation or KYC refresh,EPFO circular/user manual on UMANG Face Authentication Technology (FAT) for UAN allotment/activation lists Face Authentication Failure as a defined error; retry or contact support. Portal UAN activation shifted toward UMANG FAT. Claims cannot proceed if UAN/KYC path is blocked by failed face match.,official_or_commonly_seen_status,KYC_Identity,critical,high,https://www.epfindia.gov.in/site_docs/PDFs/Circulars/Y2025-2026/AllotmentAndActivationOfUAN_UMANGAppUsingFAT.pdf | https://taxguru.in/corporate-law/epfo-uan-activation-umang-app-face-authentication.html | https://uidai.gov.in | https://web.umang.gov.in | https://www.livemint.com/money/personal-finance/epfo-members-account-blocked-uan-no-access-passbook-kyc-pending-common-issues-how-fix-it-provident-fund-portal-umang-app-11785514948903.html,Official FAT PDF on epfindia 2025-26 circulars folder.
epfo-rr-152-a01,epfo-rr-152,Legacy biometric (fingerprint) mismatch at Aadhaar authentication for claim or KYC,Fingerprint biometric mismatch EPFO,alias_or_portal_remark,KYC_Identity,high,medium,https://uidai.gov.in | https://www.epfindia.gov.in/site_docs/PDFs/Circulars/Y2025-2026/AllotmentAndActivationOfUAN_UMANGAppUsingFAT.pdf | https://www.epfindia.gov.in/site_docs/PDFs/MiscPDFs/FAQ_OCS_050517_1017.pdf | https://taxguru.in/corporate-law/epfo-clarifies-physical-claim-settlement-seeding-aadhaar.html | https://web.umang.gov.in,Compiled from source records. EPFO does not publish a numbered rejection-code list; portal remarks are the operative text.
epfo-rr-152-a02,epfo-rr-152,Legacy biometric (fingerprint) mismatch at Aadhaar authentication for claim or KYC,Aadhaar biometric failed PF claim,alias_or_portal_remark,KYC_Identity,high,medium,https://uidai.gov.in | https://www.epfindia.gov.in/site_docs/PDFs/Circulars/Y2025-2026/AllotmentAndActivationOfUAN_UMANGAppUsingFAT.pdf | https://www.epfindia.gov.in/site_docs/PDFs/MiscPDFs/FAQ_OCS_050517_1017.pdf | https://taxguru.in/corporate-law/epfo-clarifies-physical-claim-settlement-seeding-aadhaar.html | https://web.umang.gov.in,Compiled from source records. EPFO does not publish a numbered rejection-code list; portal remarks are the operative text.
epfo-rr-152-a03,epfo-rr-152,Legacy biometric (fingerprint) mismatch at Aadhaar authentication for claim or KYC,Biometric authentication not matching,alias_or_portal_remark,KYC_Identity,high,medium,https://uidai.gov.in | https://www.epfindia.gov.in/site_docs/PDFs/Circulars/Y2025-2026/AllotmentAndActivationOfUAN_UMANGAppUsingFAT.pdf | https://www.epfindia.gov.in/site_docs/PDFs/MiscPDFs/FAQ_OCS_050517_1017.pdf | https://taxguru.in/corporate-law/epfo-clarifies-physical-claim-settlement-seeding-aadhaar.html | https://web.umang.gov.in,Compiled from source records. EPFO does not publish a numbered rejection-code list; portal remarks are the operative text.
epfo-rr-152-a04,epfo-rr-152,Legacy biometric (fingerprint) mismatch at Aadhaar authentication for claim or KYC,Fingerprint not verified UIDAI EPFO,alias_or_portal_remark,KYC_Identity,high,medium,https://uidai.gov.in | https://www.epfindia.gov.in/site_docs/PDFs/Circulars/Y2025-2026/AllotmentAndActivationOfUAN_UMANGAppUsingFAT.pdf | https://www.epfindia.gov.in/site_docs/PDFs/MiscPDFs/FAQ_OCS_050517_1017.pdf | https://taxguru.in/corporate-law/epfo-clarifies-physical-claim-settlement-seeding-aadhaar.html | https://web.umang.gov.in,Compiled from source records. EPFO does not publish a numbered rejection-code list; portal remarks are the operative text.
epfo-rr-152-a05,epfo-rr-152,Legacy biometric (fingerprint) mismatch at Aadhaar authentication for claim or KYC,Biosensor failure Aadhaar eKYC,alias_or_portal_remark,KYC_Identity,high,medium,https://uidai.gov.in | https://www.epfindia.gov.in/site_docs/PDFs/Circulars/Y2025-2026/AllotmentAndActivationOfUAN_UMANGAppUsingFAT.pdf | https://www.epfindia.gov.in/site_docs/PDFs/MiscPDFs/FAQ_OCS_050517_1017.pdf | https://taxguru.in/corporate-law/epfo-clarifies-physical-claim-settlement-seeding-aadhaar.html | https://web.umang.gov.in,Compiled from source records. EPFO does not publish a numbered rejection-code list; portal remarks are the operative text.
epfo-rr-152-official,epfo-rr-152,Legacy biometric (fingerprint) mismatch at Aadhaar authentication for claim or KYC,"Where fingerprint-based Aadhaar auth is still used (CSC/office or older flows), biometric mismatch from worn fingerprints, sensor quality, or demographic lock issues blocks e-KYC. Face auth on UMANG is the modern alternative path for many UAN services.",official_or_commonly_seen_status,KYC_Identity,high,medium,https://uidai.gov.in | https://www.epfindia.gov.in/site_docs/PDFs/Circulars/Y2025-2026/AllotmentAndActivationOfUAN_UMANGAppUsingFAT.pdf | https://www.epfindia.gov.in/site_docs/PDFs/MiscPDFs/FAQ_OCS_050517_1017.pdf | https://taxguru.in/corporate-law/epfo-clarifies-physical-claim-settlement-seeding-aadhaar.html | https://web.umang.gov.in,Legacy biometric path; FAT circular positions face as preferred smartphone path.
epfo-rr-153-a01,epfo-rr-153,Aadhaar Vault / reference-key or encrypted Aadhaar storage issue preventing seeding display,Aadhaar Vault error EPFO,alias_or_portal_remark,KYC_Identity,medium,medium,https://www.epfindia.gov.in/site_docs/PDFs/MiscPDFs/FAQ_OCS_050517_1017.pdf | https://unifiedportal-mem.epfindia.gov.in/memberinterface/ | https://uidai.gov.in | https://www.taxbuddy.com/blog/how-incorrect-kyc-details-affect-pf-withdrawal-approval | https://www.epfindia.gov.in/site_docs/PDFs/Circulars/Y2023-2024/SOP_WSU_new.pdf,Compiled from source records. EPFO does not publish a numbered rejection-code list; portal remarks are the operative text.
epfo-rr-153-a02,epfo-rr-153,Aadhaar Vault / reference-key or encrypted Aadhaar storage issue preventing seeding display,Aadhaar reference key mismatch,alias_or_portal_remark,KYC_Identity,medium,medium,https://www.epfindia.gov.in/site_docs/PDFs/MiscPDFs/FAQ_OCS_050517_1017.pdf | https://unifiedportal-mem.epfindia.gov.in/memberinterface/ | https://uidai.gov.in | https://www.taxbuddy.com/blog/how-incorrect-kyc-details-affect-pf-withdrawal-approval | https://www.epfindia.gov.in/site_docs/PDFs/Circulars/Y2023-2024/SOP_WSU_new.pdf,Compiled from source records. EPFO does not publish a numbered rejection-code list; portal remarks are the operative text.
epfo-rr-153-a03,epfo-rr-153,Aadhaar Vault / reference-key or encrypted Aadhaar storage issue preventing seeding display,Encrypted Aadhaar not seeding,alias_or_portal_remark,KYC_Identity,medium,medium,https://www.epfindia.gov.in/site_docs/PDFs/MiscPDFs/FAQ_OCS_050517_1017.pdf | https://unifiedportal-mem.epfindia.gov.in/memberinterface/ | https://uidai.gov.in | https://www.taxbuddy.com/blog/how-incorrect-kyc-details-affect-pf-withdrawal-approval | https://www.epfindia.gov.in/site_docs/PDFs/Circulars/Y2023-2024/SOP_WSU_new.pdf,Compiled from source records. EPFO does not publish a numbered rejection-code list; portal remarks are the operative text.
epfo-rr-153-a04,epfo-rr-153,Aadhaar Vault / reference-key or encrypted Aadhaar storage issue preventing seeding display,Aadhaar vault service unavailable KYC,alias_or_portal_remark,KYC_Identity,medium,medium,https://www.epfindia.gov.in/site_docs/PDFs/MiscPDFs/FAQ_OCS_050517_1017.pdf | https://unifiedportal-mem.epfindia.gov.in/memberinterface/ | https://uidai.gov.in | https://www.taxbuddy.com/blog/how-incorrect-kyc-details-affect-pf-withdrawal-approval | https://www.epfindia.gov.in/site_docs/PDFs/Circulars/Y2023-2024/SOP_WSU_new.pdf,Compiled from source records. EPFO does not publish a numbered rejection-code list; portal remarks are the operative text.
epfo-rr-153-a05,epfo-rr-153,Aadhaar Vault / reference-key or encrypted Aadhaar storage issue preventing seeding display,Masked Aadhaar not accepted seed,alias_or_portal_remark,KYC_Identity,medium,medium,https://www.epfindia.gov.in/site_docs/PDFs/MiscPDFs/FAQ_OCS_050517_1017.pdf | https://unifiedportal-mem.epfindia.gov.in/memberinterface/ | https://uidai.gov.in | https://www.taxbuddy.com/blog/how-incorrect-kyc-details-affect-pf-withdrawal-approval | https://www.epfindia.gov.in/site_docs/PDFs/Circulars/Y2023-2024/SOP_WSU_new.pdf,Compiled from source records. EPFO does not publish a numbered rejection-code list; portal remarks are the operative text.
epfo-rr-153-official,epfo-rr-153,Aadhaar Vault / reference-key or encrypted Aadhaar storage issue preventing seeding display,"EPFO stores Aadhaar via secure reference/vault patterns rather than displaying full Aadhaar. Portal glitches, vault service errors, or uploading masked-only PDFs without proper e-KYC can leave seeding incomplete while UI looks confusing.",official_or_commonly_seen_status,KYC_Identity,medium,medium,https://www.epfindia.gov.in/site_docs/PDFs/MiscPDFs/FAQ_OCS_050517_1017.pdf | https://unifiedportal-mem.epfindia.gov.in/memberinterface/ | https://uidai.gov.in | https://www.taxbuddy.com/blog/how-incorrect-kyc-details-affect-pf-withdrawal-approval | https://www.epfindia.gov.in/site_docs/PDFs/Circulars/Y2023-2024/SOP_WSU_new.pdf,Vault/reference behaviour inferred from Aadhaar Act compliance patterns and portal UX; medium confidence.
epfo-rr-154-a01,epfo-rr-154,DigiLocker-fetched KYC document rejected or not accepted as EPFO seeding proof,DigiLocker KYC rejected EPFO,alias_or_portal_remark,KYC_Identity,medium,medium,https://www.epfindia.gov.in/site_docs/PDFs/MiscPDFs/FAQ_OCS_050517_1017.pdf | https://unifiedportal-mem.epfindia.gov.in/memberinterface/ | https://uidai.gov.in | https://www.taxbuddy.com/blog/how-incorrect-kyc-details-affect-pf-withdrawal-approval | https://cleartax.in/c/pf-withdrawal-online,Compiled from source records. EPFO does not publish a numbered rejection-code list; portal remarks are the operative text.
epfo-rr-154-a02,epfo-rr-154,DigiLocker-fetched KYC document rejected or not accepted as EPFO seeding proof,DigiLocker Aadhaar not seeding,alias_or_portal_remark,KYC_Identity,medium,medium,https://www.epfindia.gov.in/site_docs/PDFs/MiscPDFs/FAQ_OCS_050517_1017.pdf | https://unifiedportal-mem.epfindia.gov.in/memberinterface/ | https://uidai.gov.in | https://www.taxbuddy.com/blog/how-incorrect-kyc-details-affect-pf-withdrawal-approval | https://cleartax.in/c/pf-withdrawal-online,Compiled from source records. EPFO does not publish a numbered rejection-code list; portal remarks are the operative text.
epfo-rr-154-a03,epfo-rr-154,DigiLocker-fetched KYC document rejected or not accepted as EPFO seeding proof,Issued document DigiLocker PF claim,alias_or_portal_remark,KYC_Identity,medium,medium,https://www.epfindia.gov.in/site_docs/PDFs/MiscPDFs/FAQ_OCS_050517_1017.pdf | https://unifiedportal-mem.epfindia.gov.in/memberinterface/ | https://uidai.gov.in | https://www.taxbuddy.com/blog/how-incorrect-kyc-details-affect-pf-withdrawal-approval | https://cleartax.in/c/pf-withdrawal-online,Compiled from source records. EPFO does not publish a numbered rejection-code list; portal remarks are the operative text.
epfo-rr-154-a04,epfo-rr-154,DigiLocker-fetched KYC document rejected or not accepted as EPFO seeding proof,DigiLocker PAN upload failed EPFO,alias_or_portal_remark,KYC_Identity,medium,medium,https://www.epfindia.gov.in/site_docs/PDFs/MiscPDFs/FAQ_OCS_050517_1017.pdf | https://unifiedportal-mem.epfindia.gov.in/memberinterface/ | https://uidai.gov.in | https://www.taxbuddy.com/blog/how-incorrect-kyc-details-affect-pf-withdrawal-approval | https://cleartax.in/c/pf-withdrawal-online,Compiled from source records. EPFO does not publish a numbered rejection-code list; portal remarks are the operative text.
epfo-rr-154-a05,epfo-rr-154,DigiLocker-fetched KYC document rejected or not accepted as EPFO seeding proof,eAadhaar DigiLocker not verified,alias_or_portal_remark,KYC_Identity,medium,medium,https://www.epfindia.gov.in/site_docs/PDFs/MiscPDFs/FAQ_OCS_050517_1017.pdf | https://unifiedportal-mem.epfindia.gov.in/memberinterface/ | https://uidai.gov.in | https://www.taxbuddy.com/blog/how-incorrect-kyc-details-affect-pf-withdrawal-approval | https://cleartax.in/c/pf-withdrawal-online,Compiled from source records. EPFO does not publish a numbered rejection-code list; portal remarks are the operative text.
epfo-rr-154-official,epfo-rr-154,DigiLocker-fetched KYC document rejected or not accepted as EPFO seeding proof,Members increasingly pull e-Aadhaar/PAN from DigiLocker. EPFO online claims still centre on UIDAI OTP e-KYC and employer-verified KYC rows. DigiLocker PDFs alone may not flip KYC to Verified if OTP e-KYC or employer approval is skipped.,official_or_commonly_seen_status,KYC_Identity,medium,medium,https://www.epfindia.gov.in/site_docs/PDFs/MiscPDFs/FAQ_OCS_050517_1017.pdf | https://unifiedportal-mem.epfindia.gov.in/memberinterface/ | https://uidai.gov.in | https://www.taxbuddy.com/blog/how-incorrect-kyc-details-affect-pf-withdrawal-approval | https://cleartax.in/c/pf-withdrawal-online,DigiLocker is widely used by members; EPFO still keys off OTP e-KYC per OCS FAQ.
epfo-rr-155-a01,epfo-rr-155,Passport-only member blocked on Aadhaar-mandatory online path despite physical non-Aadhaar eligibility,Passport only no Aadhaar PF claim,alias_or_portal_remark,KYC_Identity,high,high,https://taxguru.in/corporate-law/epfo-clarifies-physical-claim-settlement-seeding-aadhaar.html | https://www.staffnews.in/2024/12/settlement-of-physical-claims-without-seeding-of-aadhaar.html | https://www.cnbctv18.com/personal-finance/epfo-relaxes-aadhaar-norms-for-select-employee-categories-key-details-19517361.htm | https://www.in.kpmg.com/taxflashnews/KPMG-Flash-News-EPFO-Update-Simplifying-process-of-PF-withdrawal-for-International-Workers.pdf | https://www.epfindia.gov.in/site_en/WhichClaimForm.php?id=in_sm,Compiled from source records. EPFO does not publish a numbered rejection-code list; portal remarks are the operative text.
epfo-rr-155-a02,epfo-rr-155,Passport-only member blocked on Aadhaar-mandatory online path despite physical non-Aadhaar eligibility,Foreign passport member online claim blocked,alias_or_portal_remark,KYC_Identity,high,high,https://taxguru.in/corporate-law/epfo-clarifies-physical-claim-settlement-seeding-aadhaar.html | https://www.staffnews.in/2024/12/settlement-of-physical-claims-without-seeding-of-aadhaar.html | https://www.cnbctv18.com/personal-finance/epfo-relaxes-aadhaar-norms-for-select-employee-categories-key-details-19517361.htm | https://www.in.kpmg.com/taxflashnews/KPMG-Flash-News-EPFO-Update-Simplifying-process-of-PF-withdrawal-for-International-Workers.pdf | https://www.epfindia.gov.in/site_en/WhichClaimForm.php?id=in_sm,Compiled from source records. EPFO does not publish a numbered rejection-code list; portal remarks are the operative text.
epfo-rr-155-a03,epfo-rr-155,Passport-only member blocked on Aadhaar-mandatory online path despite physical non-Aadhaar eligibility,Non Aadhaar physical claim required,alias_or_portal_remark,KYC_Identity,high,high,https://taxguru.in/corporate-law/epfo-clarifies-physical-claim-settlement-seeding-aadhaar.html | https://www.staffnews.in/2024/12/settlement-of-physical-claims-without-seeding-of-aadhaar.html | https://www.cnbctv18.com/personal-finance/epfo-relaxes-aadhaar-norms-for-select-employee-categories-key-details-19517361.htm | https://www.in.kpmg.com/taxflashnews/KPMG-Flash-News-EPFO-Update-Simplifying-process-of-PF-withdrawal-for-International-Workers.pdf | https://www.epfindia.gov.in/site_en/WhichClaimForm.php?id=in_sm,Compiled from source records. EPFO does not publish a numbered rejection-code list; portal remarks are the operative text.
epfo-rr-155-a04,epfo-rr-155,Passport-only member blocked on Aadhaar-mandatory online path despite physical non-Aadhaar eligibility,IW passport settlement Aadhaar wall,alias_or_portal_remark,KYC_Identity,high,high,https://taxguru.in/corporate-law/epfo-clarifies-physical-claim-settlement-seeding-aadhaar.html | https://www.staffnews.in/2024/12/settlement-of-physical-claims-without-seeding-of-aadhaar.html | https://www.cnbctv18.com/personal-finance/epfo-relaxes-aadhaar-norms-for-select-employee-categories-key-details-19517361.htm | https://www.in.kpmg.com/taxflashnews/KPMG-Flash-News-EPFO-Update-Simplifying-process-of-PF-withdrawal-for-International-Workers.pdf | https://www.epfindia.gov.in/site_en/WhichClaimForm.php?id=in_sm,Compiled from source records. EPFO does not publish a numbered rejection-code list; portal remarks are the operative text.
epfo-rr-155-a05,epfo-rr-155,Passport-only member blocked on Aadhaar-mandatory online path despite physical non-Aadhaar eligibility,Cannot seed Aadhaar passport holder,alias_or_portal_remark,KYC_Identity,high,high,https://taxguru.in/corporate-law/epfo-clarifies-physical-claim-settlement-seeding-aadhaar.html | https://www.staffnews.in/2024/12/settlement-of-physical-claims-without-seeding-of-aadhaar.html | https://www.cnbctv18.com/personal-finance/epfo-relaxes-aadhaar-norms-for-select-employee-categories-key-details-19517361.htm | https://www.in.kpmg.com/taxflashnews/KPMG-Flash-News-EPFO-Update-Simplifying-process-of-PF-withdrawal-for-International-Workers.pdf | https://www.epfindia.gov.in/site_en/WhichClaimForm.php?id=in_sm,Compiled from source records. EPFO does not publish a numbered rejection-code list; portal remarks are the operative text.
epfo-rr-155-official,epfo-rr-155,Passport-only member blocked on Aadhaar-mandatory online path despite physical non-Aadhaar eligibility,Online Aadhaar-OTP claims fail for members without Aadhaar. Circular clarifications (e.g. 29.11.2024 lineage) allow physical settlement without Aadhaar seeding for specified IW/migrant classes with passport and bank verification; UAN remains mandatory. Related to 074/123 but focused on passport-only KYC posture.,official_or_commonly_seen_status,KYC_Identity,high,high,https://taxguru.in/corporate-law/epfo-clarifies-physical-claim-settlement-seeding-aadhaar.html | https://www.staffnews.in/2024/12/settlement-of-physical-claims-without-seeding-of-aadhaar.html | https://www.cnbctv18.com/personal-finance/epfo-relaxes-aadhaar-norms-for-select-employee-categories-key-details-19517361.htm | https://www.in.kpmg.com/taxflashnews/KPMG-Flash-News-EPFO-Update-Simplifying-process-of-PF-withdrawal-for-International-Workers.pdf | https://www.epfindia.gov.in/site_en/WhichClaimForm.php?id=in_sm,Anchored to physical claims without Aadhaar clarifications already in dataset sources.
epfo-rr-156-a01,epfo-rr-156,UPI-only / VPA-centric account without usable account-number+IFSC for EPFO NEFT credit,UPI only account PF claim,alias_or_portal_remark,Bank_Payment,high,medium,https://www.epfindia.gov.in/site_docs/PDFs/MiscPDFs/FAQ_OCS_050517_1017.pdf | https://www.epfindia.gov.in/site_docs/PDFs/Circulars/Y2025-2026/Circular_RemovalOfUploadingImage.pdf | https://unifiedportal-mem.epfindia.gov.in/memberinterface/ | https://dailyfinancial.in/epfo-3-0-testing-is-done-but-still-not-live-whats-stopping-upi-and-atm-based-pf-withdrawals-from-launching-right-now/ | https://cleartax.in/c/pf-withdrawal-online,Compiled from source records. EPFO does not publish a numbered rejection-code list; portal remarks are the operative text.
epfo-rr-156-a02,epfo-rr-156,UPI-only / VPA-centric account without usable account-number+IFSC for EPFO NEFT credit,VPA not accepted EPFO bank KYC,alias_or_portal_remark,Bank_Payment,high,medium,https://www.epfindia.gov.in/site_docs/PDFs/MiscPDFs/FAQ_OCS_050517_1017.pdf | https://www.epfindia.gov.in/site_docs/PDFs/Circulars/Y2025-2026/Circular_RemovalOfUploadingImage.pdf | https://unifiedportal-mem.epfindia.gov.in/memberinterface/ | https://dailyfinancial.in/epfo-3-0-testing-is-done-but-still-not-live-whats-stopping-upi-and-atm-based-pf-withdrawals-from-launching-right-now/ | https://cleartax.in/c/pf-withdrawal-online,Compiled from source records. EPFO does not publish a numbered rejection-code list; portal remarks are the operative text.
epfo-rr-156-a03,epfo-rr-156,UPI-only / VPA-centric account without usable account-number+IFSC for EPFO NEFT credit,Need IFSC account number not UPI,alias_or_portal_remark,Bank_Payment,high,medium,https://www.epfindia.gov.in/site_docs/PDFs/MiscPDFs/FAQ_OCS_050517_1017.pdf | https://www.epfindia.gov.in/site_docs/PDFs/Circulars/Y2025-2026/Circular_RemovalOfUploadingImage.pdf | https://unifiedportal-mem.epfindia.gov.in/memberinterface/ | https://dailyfinancial.in/epfo-3-0-testing-is-done-but-still-not-live-whats-stopping-upi-and-atm-based-pf-withdrawals-from-launching-right-now/ | https://cleartax.in/c/pf-withdrawal-online,Compiled from source records. EPFO does not publish a numbered rejection-code list; portal remarks are the operative text.
epfo-rr-156-a04,epfo-rr-156,UPI-only / VPA-centric account without usable account-number+IFSC for EPFO NEFT credit,BHIM UPI PF withdrawal not live,alias_or_portal_remark,Bank_Payment,high,medium,https://www.epfindia.gov.in/site_docs/PDFs/MiscPDFs/FAQ_OCS_050517_1017.pdf | https://www.epfindia.gov.in/site_docs/PDFs/Circulars/Y2025-2026/Circular_RemovalOfUploadingImage.pdf | https://unifiedportal-mem.epfindia.gov.in/memberinterface/ | https://dailyfinancial.in/epfo-3-0-testing-is-done-but-still-not-live-whats-stopping-upi-and-atm-based-pf-withdrawals-from-launching-right-now/ | https://cleartax.in/c/pf-withdrawal-online,Compiled from source records. EPFO does not publish a numbered rejection-code list; portal remarks are the operative text.
epfo-rr-156-a05,epfo-rr-156,UPI-only / VPA-centric account without usable account-number+IFSC for EPFO NEFT credit,Cannot seed UPI ID for claim,alias_or_portal_remark,Bank_Payment,high,medium,https://www.epfindia.gov.in/site_docs/PDFs/MiscPDFs/FAQ_OCS_050517_1017.pdf | https://www.epfindia.gov.in/site_docs/PDFs/Circulars/Y2025-2026/Circular_RemovalOfUploadingImage.pdf | https://unifiedportal-mem.epfindia.gov.in/memberinterface/ | https://dailyfinancial.in/epfo-3-0-testing-is-done-but-still-not-live-whats-stopping-upi-and-atm-based-pf-withdrawals-from-launching-right-now/ | https://cleartax.in/c/pf-withdrawal-online,Compiled from source records. EPFO does not publish a numbered rejection-code list; portal remarks are the operative text.
epfo-rr-156-official,epfo-rr-156,UPI-only / VPA-centric account without usable account-number+IFSC for EPFO NEFT credit,EPFO bank KYC historically requires account number + IFSC for NPCI/NEFT validation. UPI-based PF withdrawal features discussed under EPFO 3.0 style upgrades are not a substitute for seeded bank account on classic claims. Attempting to rely on VPA-only fintech accounts without IFSC fails seeding.,official_or_commonly_seen_status,Bank_Payment,high,medium,https://www.epfindia.gov.in/site_docs/PDFs/MiscPDFs/FAQ_OCS_050517_1017.pdf | https://www.epfindia.gov.in/site_docs/PDFs/Circulars/Y2025-2026/Circular_RemovalOfUploadingImage.pdf | https://unifiedportal-mem.epfindia.gov.in/memberinterface/ | https://dailyfinancial.in/epfo-3-0-testing-is-done-but-still-not-live-whats-stopping-upi-and-atm-based-pf-withdrawals-from-launching-right-now/ | https://cleartax.in/c/pf-withdrawal-online,UPI PF payout not assumed live; record warns against VPA-only seeding.
epfo-rr-157-a01,epfo-rr-157,Cooperative or regional rural bank account fails NPCI validation for EPFO bank KYC,Cooperative bank NPCI failed EPFO,alias_or_portal_remark,Bank_Payment,high,medium,https://www.epfindia.gov.in/site_docs/PDFs/MiscPDFs/FAQ_OCS_050517_1017.pdf | https://www.livemint.com/money/personal-finance/epfo-top-reasons-your-employees-provident-fund-settlement-claims-rejected-explained-epf-scheme-document-errors-mismatch-11783073513956.html | https://www.epfindia.gov.in/site_docs/PDFs/Circulars/Y2025-2026/Circular_RemovalOfUploadingImage.pdf | https://unifiedportal-mem.epfindia.gov.in/memberinterface/ | https://finright.in/blogs/most-common-reasons-for-epf-claim-rejections-and-tips-to-avoid-them,Compiled from source records. EPFO does not publish a numbered rejection-code list; portal remarks are the operative text.
epfo-rr-157-a02,epfo-rr-157,Cooperative or regional rural bank account fails NPCI validation for EPFO bank KYC,RRB bank KYC not verified,alias_or_portal_remark,Bank_Payment,high,medium,https://www.epfindia.gov.in/site_docs/PDFs/MiscPDFs/FAQ_OCS_050517_1017.pdf | https://www.livemint.com/money/personal-finance/epfo-top-reasons-your-employees-provident-fund-settlement-claims-rejected-explained-epf-scheme-document-errors-mismatch-11783073513956.html | https://www.epfindia.gov.in/site_docs/PDFs/Circulars/Y2025-2026/Circular_RemovalOfUploadingImage.pdf | https://unifiedportal-mem.epfindia.gov.in/memberinterface/ | https://finright.in/blogs/most-common-reasons-for-epf-claim-rejections-and-tips-to-avoid-them,Compiled from source records. EPFO does not publish a numbered rejection-code list; portal remarks are the operative text.
epfo-rr-157-a03,epfo-rr-157,Cooperative or regional rural bank account fails NPCI validation for EPFO bank KYC,Small bank account validation failed PF,alias_or_portal_remark,Bank_Payment,high,medium,https://www.epfindia.gov.in/site_docs/PDFs/MiscPDFs/FAQ_OCS_050517_1017.pdf | https://www.livemint.com/money/personal-finance/epfo-top-reasons-your-employees-provident-fund-settlement-claims-rejected-explained-epf-scheme-document-errors-mismatch-11783073513956.html | https://www.epfindia.gov.in/site_docs/PDFs/Circulars/Y2025-2026/Circular_RemovalOfUploadingImage.pdf | https://unifiedportal-mem.epfindia.gov.in/memberinterface/ | https://finright.in/blogs/most-common-reasons-for-epf-claim-rejections-and-tips-to-avoid-them,Compiled from source records. EPFO does not publish a numbered rejection-code list; portal remarks are the operative text.
epfo-rr-157-a04,epfo-rr-157,Cooperative or regional rural bank account fails NPCI validation for EPFO bank KYC,District cooperative bank claim payment fail,alias_or_portal_remark,Bank_Payment,high,medium,https://www.epfindia.gov.in/site_docs/PDFs/MiscPDFs/FAQ_OCS_050517_1017.pdf | https://www.livemint.com/money/personal-finance/epfo-top-reasons-your-employees-provident-fund-settlement-claims-rejected-explained-epf-scheme-document-errors-mismatch-11783073513956.html | https://www.epfindia.gov.in/site_docs/PDFs/Circulars/Y2025-2026/Circular_RemovalOfUploadingImage.pdf | https://unifiedportal-mem.epfindia.gov.in/memberinterface/ | https://finright.in/blogs/most-common-reasons-for-epf-claim-rejections-and-tips-to-avoid-them,Compiled from source records. EPFO does not publish a numbered rejection-code list; portal remarks are the operative text.
epfo-rr-157-a05,epfo-rr-157,Cooperative or regional rural bank account fails NPCI validation for EPFO bank KYC,NPCI not supporting cooperative bank,alias_or_portal_remark,Bank_Payment,high,medium,https://www.epfindia.gov.in/site_docs/PDFs/MiscPDFs/FAQ_OCS_050517_1017.pdf | https://www.livemint.com/money/personal-finance/epfo-top-reasons-your-employees-provident-fund-settlement-claims-rejected-explained-epf-scheme-document-errors-mismatch-11783073513956.html | https://www.epfindia.gov.in/site_docs/PDFs/Circulars/Y2025-2026/Circular_RemovalOfUploadingImage.pdf | https://unifiedportal-mem.epfindia.gov.in/memberinterface/ | https://finright.in/blogs/most-common-reasons-for-epf-claim-rejections-and-tips-to-avoid-them,Compiled from source records. EPFO does not publish a numbered rejection-code list; portal remarks are the operative text.
epfo-rr-157-official,epfo-rr-157,Cooperative or regional rural bank account fails NPCI validation for EPFO bank KYC,NPCI penny-drop / account validation coverage is weaker for some cooperative and regional rural banks. EPFO bank KYC then stays unverified or payments return. Mint/OCS still require seeded verified bank details for smooth online settlement.,official_or_commonly_seen_status,Bank_Payment,high,medium,https://www.epfindia.gov.in/site_docs/PDFs/MiscPDFs/FAQ_OCS_050517_1017.pdf | https://www.livemint.com/money/personal-finance/epfo-top-reasons-your-employees-provident-fund-settlement-claims-rejected-explained-epf-scheme-document-errors-mismatch-11783073513956.html | https://www.epfindia.gov.in/site_docs/PDFs/Circulars/Y2025-2026/Circular_RemovalOfUploadingImage.pdf | https://unifiedportal-mem.epfindia.gov.in/memberinterface/ | https://finright.in/blogs/most-common-reasons-for-epf-claim-rejections-and-tips-to-avoid-them,Penny-drop coverage gaps for cooperatives are industry-known; EPFO-specific fails reported in claim guides.
epfo-rr-158-a01,epfo-rr-158,Bank account holder name truncated on NPCI/NEFT validation causing false name mismatch,Name truncated 35 characters bank KYC,alias_or_portal_remark,Bank_Payment,medium,medium,https://www.livemint.com/money/personal-finance/epfo-top-reasons-your-employees-provident-fund-settlement-claims-rejected-explained-epf-scheme-document-errors-mismatch-11783073513956.html | https://www.epfindia.gov.in/site_docs/PDFs/MiscPDFs/FAQ_OCS_050517_1017.pdf | https://www.epfindia.gov.in/site_docs/PDFs/Circulars/Y2025-2026/Circular_RemovalOfUploadingImage.pdf | https://finright.in/blogs/most-common-reasons-for-epf-claim-rejections-and-tips-to-avoid-them | https://unifiedportal-mem.epfindia.gov.in/memberinterface/,Compiled from source records. EPFO does not publish a numbered rejection-code list; portal remarks are the operative text.
epfo-rr-158-a02,epfo-rr-158,Bank account holder name truncated on NPCI/NEFT validation causing false name mismatch,NPCI name length mismatch EPFO,alias_or_portal_remark,Bank_Payment,medium,medium,https://www.livemint.com/money/personal-finance/epfo-top-reasons-your-employees-provident-fund-settlement-claims-rejected-explained-epf-scheme-document-errors-mismatch-11783073513956.html | https://www.epfindia.gov.in/site_docs/PDFs/MiscPDFs/FAQ_OCS_050517_1017.pdf | https://www.epfindia.gov.in/site_docs/PDFs/Circulars/Y2025-2026/Circular_RemovalOfUploadingImage.pdf | https://finright.in/blogs/most-common-reasons-for-epf-claim-rejections-and-tips-to-avoid-them | https://unifiedportal-mem.epfindia.gov.in/memberinterface/,Compiled from source records. EPFO does not publish a numbered rejection-code list; portal remarks are the operative text.
epfo-rr-158-a03,epfo-rr-158,Bank account holder name truncated on NPCI/NEFT validation causing false name mismatch,Long name bank validation failed,alias_or_portal_remark,Bank_Payment,medium,medium,https://www.livemint.com/money/personal-finance/epfo-top-reasons-your-employees-provident-fund-settlement-claims-rejected-explained-epf-scheme-document-errors-mismatch-11783073513956.html | https://www.epfindia.gov.in/site_docs/PDFs/MiscPDFs/FAQ_OCS_050517_1017.pdf | https://www.epfindia.gov.in/site_docs/PDFs/Circulars/Y2025-2026/Circular_RemovalOfUploadingImage.pdf | https://finright.in/blogs/most-common-reasons-for-epf-claim-rejections-and-tips-to-avoid-them | https://unifiedportal-mem.epfindia.gov.in/memberinterface/,Compiled from source records. EPFO does not publish a numbered rejection-code list; portal remarks are the operative text.
epfo-rr-158-a04,epfo-rr-158,Bank account holder name truncated on NPCI/NEFT validation causing false name mismatch,Account name cut off PF claim,alias_or_portal_remark,Bank_Payment,medium,medium,https://www.livemint.com/money/personal-finance/epfo-top-reasons-your-employees-provident-fund-settlement-claims-rejected-explained-epf-scheme-document-errors-mismatch-11783073513956.html | https://www.epfindia.gov.in/site_docs/PDFs/MiscPDFs/FAQ_OCS_050517_1017.pdf | https://www.epfindia.gov.in/site_docs/PDFs/Circulars/Y2025-2026/Circular_RemovalOfUploadingImage.pdf | https://finright.in/blogs/most-common-reasons-for-epf-claim-rejections-and-tips-to-avoid-them | https://unifiedportal-mem.epfindia.gov.in/memberinterface/,Compiled from source records. EPFO does not publish a numbered rejection-code list; portal remarks are the operative text.
epfo-rr-158-a05,epfo-rr-158,Bank account holder name truncated on NPCI/NEFT validation causing false name mismatch,NEFT name truncation reject,alias_or_portal_remark,Bank_Payment,medium,medium,https://www.livemint.com/money/personal-finance/epfo-top-reasons-your-employees-provident-fund-settlement-claims-rejected-explained-epf-scheme-document-errors-mismatch-11783073513956.html | https://www.epfindia.gov.in/site_docs/PDFs/MiscPDFs/FAQ_OCS_050517_1017.pdf | https://www.epfindia.gov.in/site_docs/PDFs/Circulars/Y2025-2026/Circular_RemovalOfUploadingImage.pdf | https://finright.in/blogs/most-common-reasons-for-epf-claim-rejections-and-tips-to-avoid-them | https://unifiedportal-mem.epfindia.gov.in/memberinterface/,Compiled from source records. EPFO does not publish a numbered rejection-code list; portal remarks are the operative text.
epfo-rr-158-official,epfo-rr-158,Bank account holder name truncated on NPCI/NEFT validation causing false name mismatch,Payment rails and validators may truncate legal names (industry reports cite about 35-50 character limits on some NPCI validation paths). EPFO then flags bank name mismatch even when Aadhaar and bank full legal names match offline. Related to 020 but truncation-specific.,official_or_commonly_seen_status,Bank_Payment,medium,medium,https://www.livemint.com/money/personal-finance/epfo-top-reasons-your-employees-provident-fund-settlement-claims-rejected-explained-epf-scheme-document-errors-mismatch-11783073513956.html | https://www.epfindia.gov.in/site_docs/PDFs/MiscPDFs/FAQ_OCS_050517_1017.pdf | https://www.epfindia.gov.in/site_docs/PDFs/Circulars/Y2025-2026/Circular_RemovalOfUploadingImage.pdf | https://finright.in/blogs/most-common-reasons-for-epf-claim-rejections-and-tips-to-avoid-them | https://unifiedportal-mem.epfindia.gov.in/memberinterface/,Character-limit behaviour documented in NPCI validation industry reporting; apply carefully to EPFO.
epfo-rr-159-a01,epfo-rr-159,Penny-drop bank account verification failed during EPFO bank KYC seeding,Penny drop failed EPFO,alias_or_portal_remark,Bank_Payment,high,high,https://www.epfindia.gov.in/site_docs/PDFs/MiscPDFs/FAQ_OCS_050517_1017.pdf | https://www.epfindia.gov.in/site_docs/PDFs/Circulars/Y2025-2026/Circular_RemovalOfUploadingImage.pdf | https://www.timesnownews.com/business-economy/personal-finance/epfo-processed-8-3-crore-claims-in-fy26-cancelled-cheque-upload-no-longer-required-article-155357857 | https://www.livemint.com/money/personal-finance/epfo-top-reasons-your-employees-provident-fund-settlement-claims-rejected-explained-epf-scheme-document-errors-mismatch-11783073513956.html | https://unifiedportal-mem.epfindia.gov.in/memberinterface/,Compiled from source records. EPFO does not publish a numbered rejection-code list; portal remarks are the operative text.
epfo-rr-159-a02,epfo-rr-159,Penny-drop bank account verification failed during EPFO bank KYC seeding,Re 1 validation failed bank KYC,alias_or_portal_remark,Bank_Payment,high,high,https://www.epfindia.gov.in/site_docs/PDFs/MiscPDFs/FAQ_OCS_050517_1017.pdf | https://www.epfindia.gov.in/site_docs/PDFs/Circulars/Y2025-2026/Circular_RemovalOfUploadingImage.pdf | https://www.timesnownews.com/business-economy/personal-finance/epfo-processed-8-3-crore-claims-in-fy26-cancelled-cheque-upload-no-longer-required-article-155357857 | https://www.livemint.com/money/personal-finance/epfo-top-reasons-your-employees-provident-fund-settlement-claims-rejected-explained-epf-scheme-document-errors-mismatch-11783073513956.html | https://unifiedportal-mem.epfindia.gov.in/memberinterface/,Compiled from source records. EPFO does not publish a numbered rejection-code list; portal remarks are the operative text.
epfo-rr-159-a03,epfo-rr-159,Penny-drop bank account verification failed during EPFO bank KYC seeding,Account validation penny drop reject,alias_or_portal_remark,Bank_Payment,high,high,https://www.epfindia.gov.in/site_docs/PDFs/MiscPDFs/FAQ_OCS_050517_1017.pdf | https://www.epfindia.gov.in/site_docs/PDFs/Circulars/Y2025-2026/Circular_RemovalOfUploadingImage.pdf | https://www.timesnownews.com/business-economy/personal-finance/epfo-processed-8-3-crore-claims-in-fy26-cancelled-cheque-upload-no-longer-required-article-155357857 | https://www.livemint.com/money/personal-finance/epfo-top-reasons-your-employees-provident-fund-settlement-claims-rejected-explained-epf-scheme-document-errors-mismatch-11783073513956.html | https://unifiedportal-mem.epfindia.gov.in/memberinterface/,Compiled from source records. EPFO does not publish a numbered rejection-code list; portal remarks are the operative text.
epfo-rr-159-a04,epfo-rr-159,Penny-drop bank account verification failed during EPFO bank KYC seeding,IMPS verification failed PF bank seed,alias_or_portal_remark,Bank_Payment,high,high,https://www.epfindia.gov.in/site_docs/PDFs/MiscPDFs/FAQ_OCS_050517_1017.pdf | https://www.epfindia.gov.in/site_docs/PDFs/Circulars/Y2025-2026/Circular_RemovalOfUploadingImage.pdf | https://www.timesnownews.com/business-economy/personal-finance/epfo-processed-8-3-crore-claims-in-fy26-cancelled-cheque-upload-no-longer-required-article-155357857 | https://www.livemint.com/money/personal-finance/epfo-top-reasons-your-employees-provident-fund-settlement-claims-rejected-explained-epf-scheme-document-errors-mismatch-11783073513956.html | https://unifiedportal-mem.epfindia.gov.in/memberinterface/,Compiled from source records. EPFO does not publish a numbered rejection-code list; portal remarks are the operative text.
epfo-rr-159-a05,epfo-rr-159,Penny-drop bank account verification failed during EPFO bank KYC seeding,Penny drop name mismatch EPFO,alias_or_portal_remark,Bank_Payment,high,high,https://www.epfindia.gov.in/site_docs/PDFs/MiscPDFs/FAQ_OCS_050517_1017.pdf | https://www.epfindia.gov.in/site_docs/PDFs/Circulars/Y2025-2026/Circular_RemovalOfUploadingImage.pdf | https://www.timesnownews.com/business-economy/personal-finance/epfo-processed-8-3-crore-claims-in-fy26-cancelled-cheque-upload-no-longer-required-article-155357857 | https://www.livemint.com/money/personal-finance/epfo-top-reasons-your-employees-provident-fund-settlement-claims-rejected-explained-epf-scheme-document-errors-mismatch-11783073513956.html | https://unifiedportal-mem.epfindia.gov.in/memberinterface/,Compiled from source records. EPFO does not publish a numbered rejection-code list; portal remarks are the operative text.
epfo-rr-159-official,epfo-rr-159,Penny-drop bank account verification failed during EPFO bank KYC seeding,"Automated bank validation (penny-drop style via NPCI rails) underpins EPFO bank KYC verification. Failures occur for dormant accounts, wrong IFSC, name mismatch, or unsupported rails. Circulars removing cheque-image upload still assume successful electronic validation.",official_or_commonly_seen_status,Bank_Payment,high,high,https://www.epfindia.gov.in/site_docs/PDFs/MiscPDFs/FAQ_OCS_050517_1017.pdf | https://www.epfindia.gov.in/site_docs/PDFs/Circulars/Y2025-2026/Circular_RemovalOfUploadingImage.pdf | https://www.timesnownews.com/business-economy/personal-finance/epfo-processed-8-3-crore-claims-in-fy26-cancelled-cheque-upload-no-longer-required-article-155357857 | https://www.livemint.com/money/personal-finance/epfo-top-reasons-your-employees-provident-fund-settlement-claims-rejected-explained-epf-scheme-document-errors-mismatch-11783073513956.html | https://unifiedportal-mem.epfindia.gov.in/memberinterface/,Penny-drop is the common industry term for the validation EPFO relies on via NPCI.
epfo-rr-160-a01,epfo-rr-160,Online claim filed while Form 13 transfer is still pending,Claim during pending transfer,alias_or_portal_remark,Eligibility_Service,high,high,https://epfindia.gov.in/site_docs/PDFs/OTCP_PDFs/MembersFAQ.pdf | https://www.epfindia.gov.in/site_docs/PDFs/MiscPDFs/FAQ_OCS_050517_1017.pdf | https://www.reddit.com/r/epfoindia/comments/1tm7e94/raised_a_claim_before_transfer/ | https://kustodian.life/resources/epf-form-13-pf-transfer-online-offline-how-to-fill-pdf-status | https://www.citizennest.com/guide/epf-transfer-claim-rejected-fix,Compiled from source records. EPFO does not publish a numbered rejection-code list; portal remarks are the operative text.
epfo-rr-160-a02,epfo-rr-160,Online claim filed while Form 13 transfer is still pending,Form 19 while Form 13 in process,alias_or_portal_remark,Eligibility_Service,high,high,https://epfindia.gov.in/site_docs/PDFs/OTCP_PDFs/MembersFAQ.pdf | https://www.epfindia.gov.in/site_docs/PDFs/MiscPDFs/FAQ_OCS_050517_1017.pdf | https://www.reddit.com/r/epfoindia/comments/1tm7e94/raised_a_claim_before_transfer/ | https://kustodian.life/resources/epf-form-13-pf-transfer-online-offline-how-to-fill-pdf-status | https://www.citizennest.com/guide/epf-transfer-claim-rejected-fix,Compiled from source records. EPFO does not publish a numbered rejection-code list; portal remarks are the operative text.
epfo-rr-160-a03,epfo-rr-160,Online claim filed while Form 13 transfer is still pending,Transfer pending claim rejected,alias_or_portal_remark,Eligibility_Service,high,high,https://epfindia.gov.in/site_docs/PDFs/OTCP_PDFs/MembersFAQ.pdf | https://www.epfindia.gov.in/site_docs/PDFs/MiscPDFs/FAQ_OCS_050517_1017.pdf | https://www.reddit.com/r/epfoindia/comments/1tm7e94/raised_a_claim_before_transfer/ | https://kustodian.life/resources/epf-form-13-pf-transfer-online-offline-how-to-fill-pdf-status | https://www.citizennest.com/guide/epf-transfer-claim-rejected-fix,Compiled from source records. EPFO does not publish a numbered rejection-code list; portal remarks are the operative text.
epfo-rr-160-a04,epfo-rr-160,Online claim filed while Form 13 transfer is still pending,Cannot claim until transfer completes,alias_or_portal_remark,Eligibility_Service,high,high,https://epfindia.gov.in/site_docs/PDFs/OTCP_PDFs/MembersFAQ.pdf | https://www.epfindia.gov.in/site_docs/PDFs/MiscPDFs/FAQ_OCS_050517_1017.pdf | https://www.reddit.com/r/epfoindia/comments/1tm7e94/raised_a_claim_before_transfer/ | https://kustodian.life/resources/epf-form-13-pf-transfer-online-offline-how-to-fill-pdf-status | https://www.citizennest.com/guide/epf-transfer-claim-rejected-fix,Compiled from source records. EPFO does not publish a numbered rejection-code list; portal remarks are the operative text.
epfo-rr-160-a05,epfo-rr-160,Online claim filed while Form 13 transfer is still pending,Raised claim before transfer,alias_or_portal_remark,Eligibility_Service,high,high,https://epfindia.gov.in/site_docs/PDFs/OTCP_PDFs/MembersFAQ.pdf | https://www.epfindia.gov.in/site_docs/PDFs/MiscPDFs/FAQ_OCS_050517_1017.pdf | https://www.reddit.com/r/epfoindia/comments/1tm7e94/raised_a_claim_before_transfer/ | https://kustodian.life/resources/epf-form-13-pf-transfer-online-offline-how-to-fill-pdf-status | https://www.citizennest.com/guide/epf-transfer-claim-rejected-fix,Compiled from source records. EPFO does not publish a numbered rejection-code list; portal remarks are the operative text.
epfo-rr-160-official,epfo-rr-160,Online claim filed while Form 13 transfer is still pending,Duplicate/in-process claims are rejected (MembersFAQ / portal). A pending transfer locks or confuses balances across MIDs; filing Form 19/31 concurrently is a common forum failure mode and may settle only partial corpus.,official_or_commonly_seen_status,Eligibility_Service,high,high,https://epfindia.gov.in/site_docs/PDFs/OTCP_PDFs/MembersFAQ.pdf | https://www.epfindia.gov.in/site_docs/PDFs/MiscPDFs/FAQ_OCS_050517_1017.pdf | https://www.reddit.com/r/epfoindia/comments/1tm7e94/raised_a_claim_before_transfer/ | https://kustodian.life/resources/epf-form-13-pf-transfer-online-offline-how-to-fill-pdf-status | https://www.citizennest.com/guide/epf-transfer-claim-rejected-fix,Reddit r/epfoindia raised a claim before transfer pattern.
epfo-rr-161-a01,epfo-rr-161,Claim filed while Joint Declaration for profile correction is still pending or under RO approval,Claim while JD pending,alias_or_portal_remark,KYC_Identity,high,high,https://www.epfindia.gov.in/site_docs/PDFs/Circulars/Y2023-2024/SOP_WSU_new.pdf | https://taxguru.in/corporate-law/epfo-joint-declaration-process-member-profile-updation.html | https://economictimes.indiatimes.com/wealth/invest/epf-members-can-do-kyc-correction-in-provident-fund-account-online-here-is-a-step-by-step-guide-to-do-it/articleshow/108634621.cms | https://www.epfindia.gov.in/site_docs/PDFs/MiscPDFs/FAQ_OCS_050517_1017.pdf | https://kustodian.life/resources/epf-joint-declaration-form-name-dob-detail-correction-guide,Compiled from source records. EPFO does not publish a numbered rejection-code list; portal remarks are the operative text.
epfo-rr-161-a02,epfo-rr-161,Claim filed while Joint Declaration for profile correction is still pending or under RO approval,Joint Declaration in process claim rejected,alias_or_portal_remark,KYC_Identity,high,high,https://www.epfindia.gov.in/site_docs/PDFs/Circulars/Y2023-2024/SOP_WSU_new.pdf | https://taxguru.in/corporate-law/epfo-joint-declaration-process-member-profile-updation.html | https://economictimes.indiatimes.com/wealth/invest/epf-members-can-do-kyc-correction-in-provident-fund-account-online-here-is-a-step-by-step-guide-to-do-it/articleshow/108634621.cms | https://www.epfindia.gov.in/site_docs/PDFs/MiscPDFs/FAQ_OCS_050517_1017.pdf | https://kustodian.life/resources/epf-joint-declaration-form-name-dob-detail-correction-guide,Compiled from source records. EPFO does not publish a numbered rejection-code list; portal remarks are the operative text.
epfo-rr-161-a03,epfo-rr-161,Claim filed while Joint Declaration for profile correction is still pending or under RO approval,Modify basic details pending claim,alias_or_portal_remark,KYC_Identity,high,high,https://www.epfindia.gov.in/site_docs/PDFs/Circulars/Y2023-2024/SOP_WSU_new.pdf | https://taxguru.in/corporate-law/epfo-joint-declaration-process-member-profile-updation.html | https://economictimes.indiatimes.com/wealth/invest/epf-members-can-do-kyc-correction-in-provident-fund-account-online-here-is-a-step-by-step-guide-to-do-it/articleshow/108634621.cms | https://www.epfindia.gov.in/site_docs/PDFs/MiscPDFs/FAQ_OCS_050517_1017.pdf | https://kustodian.life/resources/epf-joint-declaration-form-name-dob-detail-correction-guide,Compiled from source records. EPFO does not publish a numbered rejection-code list; portal remarks are the operative text.
epfo-rr-161-a04,epfo-rr-161,Claim filed while Joint Declaration for profile correction is still pending or under RO approval,Profile correction not approved yet claim,alias_or_portal_remark,KYC_Identity,high,high,https://www.epfindia.gov.in/site_docs/PDFs/Circulars/Y2023-2024/SOP_WSU_new.pdf | https://taxguru.in/corporate-law/epfo-joint-declaration-process-member-profile-updation.html | https://economictimes.indiatimes.com/wealth/invest/epf-members-can-do-kyc-correction-in-provident-fund-account-online-here-is-a-step-by-step-guide-to-do-it/articleshow/108634621.cms | https://www.epfindia.gov.in/site_docs/PDFs/MiscPDFs/FAQ_OCS_050517_1017.pdf | https://kustodian.life/resources/epf-joint-declaration-form-name-dob-detail-correction-guide,Compiled from source records. EPFO does not publish a numbered rejection-code list; portal remarks are the operative text.
epfo-rr-161-a05,epfo-rr-161,Claim filed while Joint Declaration for profile correction is still pending or under RO approval,JD pending demographic mismatch claim,alias_or_portal_remark,KYC_Identity,high,high,https://www.epfindia.gov.in/site_docs/PDFs/Circulars/Y2023-2024/SOP_WSU_new.pdf | https://taxguru.in/corporate-law/epfo-joint-declaration-process-member-profile-updation.html | https://economictimes.indiatimes.com/wealth/invest/epf-members-can-do-kyc-correction-in-provident-fund-account-online-here-is-a-step-by-step-guide-to-do-it/articleshow/108634621.cms | https://www.epfindia.gov.in/site_docs/PDFs/MiscPDFs/FAQ_OCS_050517_1017.pdf | https://kustodian.life/resources/epf-joint-declaration-form-name-dob-detail-correction-guide,Compiled from source records. EPFO does not publish a numbered rejection-code list; portal remarks are the operative text.
epfo-rr-161-official,epfo-rr-161,Claim filed while Joint Declaration for profile correction is still pending or under RO approval,"JD SOP exists because profile mismatches cause claim rejections. Filing claims while JD is Pending/Returned leaves the old mismatched demographics active at claim-time e-KYC, so rejection repeats (ties to 013).",official_or_commonly_seen_status,KYC_Identity,high,high,https://www.epfindia.gov.in/site_docs/PDFs/Circulars/Y2023-2024/SOP_WSU_new.pdf | https://taxguru.in/corporate-law/epfo-joint-declaration-process-member-profile-updation.html | https://economictimes.indiatimes.com/wealth/invest/epf-members-can-do-kyc-correction-in-provident-fund-account-online-here-is-a-step-by-step-guide-to-do-it/articleshow/108634621.cms | https://www.epfindia.gov.in/site_docs/PDFs/MiscPDFs/FAQ_OCS_050517_1017.pdf | https://kustodian.life/resources/epf-joint-declaration-form-name-dob-detail-correction-guide,Timing edge on top of existing JD rejection record 013.
epfo-rr-162-a01,epfo-rr-162,Claim or transfer attempted while multiple-UAN merge / deactivation is still in progress,UAN merge in progress claim rejected,alias_or_portal_remark,Eligibility_Service,high,high,https://www.epfindia.gov.in/site_docs/PDFs/MiscPDFs/FAQ_OCS_050517_1017.pdf | https://zerodha.com/z-connect/varsity/epfo-claim-rejections-what-is-service-overlap-and-how-to-merge-pf-accounts | https://www.pensionbazaar.com/epf/uan-aadhaar-link-issue/ | https://unifiedportal-mem.epfindia.gov.in/memberinterface/ | https://finright.in/blogs/most-common-reasons-for-epf-claim-rejections-and-tips-to-avoid-them,Compiled from source records. EPFO does not publish a numbered rejection-code list; portal remarks are the operative text.
epfo-rr-162-a02,epfo-rr-162,Claim or transfer attempted while multiple-UAN merge / deactivation is still in progress,Multiple UAN deactivation pending,alias_or_portal_remark,Eligibility_Service,high,high,https://www.epfindia.gov.in/site_docs/PDFs/MiscPDFs/FAQ_OCS_050517_1017.pdf | https://zerodha.com/z-connect/varsity/epfo-claim-rejections-what-is-service-overlap-and-how-to-merge-pf-accounts | https://www.pensionbazaar.com/epf/uan-aadhaar-link-issue/ | https://unifiedportal-mem.epfindia.gov.in/memberinterface/ | https://finright.in/blogs/most-common-reasons-for-epf-claim-rejections-and-tips-to-avoid-them,Compiled from source records. EPFO does not publish a numbered rejection-code list; portal remarks are the operative text.
epfo-rr-162-a03,epfo-rr-162,Claim or transfer attempted while multiple-UAN merge / deactivation is still in progress,Claim during UAN consolidation,alias_or_portal_remark,Eligibility_Service,high,high,https://www.epfindia.gov.in/site_docs/PDFs/MiscPDFs/FAQ_OCS_050517_1017.pdf | https://zerodha.com/z-connect/varsity/epfo-claim-rejections-what-is-service-overlap-and-how-to-merge-pf-accounts | https://www.pensionbazaar.com/epf/uan-aadhaar-link-issue/ | https://unifiedportal-mem.epfindia.gov.in/memberinterface/ | https://finright.in/blogs/most-common-reasons-for-epf-claim-rejections-and-tips-to-avoid-them,Compiled from source records. EPFO does not publish a numbered rejection-code list; portal remarks are the operative text.
epfo-rr-162-a04,epfo-rr-162,Claim or transfer attempted while multiple-UAN merge / deactivation is still in progress,uanepf merge not complete,alias_or_portal_remark,Eligibility_Service,high,high,https://www.epfindia.gov.in/site_docs/PDFs/MiscPDFs/FAQ_OCS_050517_1017.pdf | https://zerodha.com/z-connect/varsity/epfo-claim-rejections-what-is-service-overlap-and-how-to-merge-pf-accounts | https://www.pensionbazaar.com/epf/uan-aadhaar-link-issue/ | https://unifiedportal-mem.epfindia.gov.in/memberinterface/ | https://finright.in/blogs/most-common-reasons-for-epf-claim-rejections-and-tips-to-avoid-them,Compiled from source records. EPFO does not publish a numbered rejection-code list; portal remarks are the operative text.
epfo-rr-162-a05,epfo-rr-162,Claim or transfer attempted while multiple-UAN merge / deactivation is still in progress,Duplicate UAN linking pending claim,alias_or_portal_remark,Eligibility_Service,high,high,https://www.epfindia.gov.in/site_docs/PDFs/MiscPDFs/FAQ_OCS_050517_1017.pdf | https://zerodha.com/z-connect/varsity/epfo-claim-rejections-what-is-service-overlap-and-how-to-merge-pf-accounts | https://www.pensionbazaar.com/epf/uan-aadhaar-link-issue/ | https://unifiedportal-mem.epfindia.gov.in/memberinterface/ | https://finright.in/blogs/most-common-reasons-for-epf-claim-rejections-and-tips-to-avoid-them,Compiled from source records. EPFO does not publish a numbered rejection-code list; portal remarks are the operative text.
epfo-rr-162-official,epfo-rr-162,Claim or transfer attempted while multiple-UAN merge / deactivation is still in progress,"Multiple UANs must be merged/deactivated (commonly via EPFO UAN support process) before clean One Member-One EPF Account transfers and settlements. Claims filed mid-merge see split service, Aadhaar-link conflicts, or rejects.",official_or_commonly_seen_status,Eligibility_Service,high,high,https://www.epfindia.gov.in/site_docs/PDFs/MiscPDFs/FAQ_OCS_050517_1017.pdf | https://zerodha.com/z-connect/varsity/epfo-claim-rejections-what-is-service-overlap-and-how-to-merge-pf-accounts | https://www.pensionbazaar.com/epf/uan-aadhaar-link-issue/ | https://unifiedportal-mem.epfindia.gov.in/memberinterface/ | https://finright.in/blogs/most-common-reasons-for-epf-claim-rejections-and-tips-to-avoid-them,Merge process commonly referenced via uanepf support channel in secondary guides.
epfo-rr-163-a01,epfo-rr-163,High-value claim subjected to additional scrutiny or officer-layer hold,High value claim scrutiny,alias_or_portal_remark,Compliance_Legal,high,medium,https://www.epfindia.gov.in/site_docs/PDFs/Circulars/Y2024-2025/Circular_SOP_WSU_02082024.pdf | https://taxguru.in/corporate-law/epfo-clarifies-physical-claim-settlement-seeding-aadhaar.html | https://www.business-standard.com/finance/personal-finance/epfo-issues-new-rules-for-inoperative-inactive-accounts-to-combat-fraud-124080600360_1.html | https://taxguru.in/corporate-law/standard-operating-procedure-sop-settlement-claims-epfo.html | https://www.cnbctv18.com/personal-finance/epfo-relaxes-aadhaar-norms-for-select-employee-categories-key-details-19517361.htm,Compiled from source records. EPFO does not publish a numbered rejection-code list; portal remarks are the operative text.
epfo-rr-163-a02,epfo-rr-163,High-value claim subjected to additional scrutiny or officer-layer hold,Additional verification large PF balance,alias_or_portal_remark,Compliance_Legal,high,medium,https://www.epfindia.gov.in/site_docs/PDFs/Circulars/Y2024-2025/Circular_SOP_WSU_02082024.pdf | https://taxguru.in/corporate-law/epfo-clarifies-physical-claim-settlement-seeding-aadhaar.html | https://www.business-standard.com/finance/personal-finance/epfo-issues-new-rules-for-inoperative-inactive-accounts-to-combat-fraud-124080600360_1.html | https://taxguru.in/corporate-law/standard-operating-procedure-sop-settlement-claims-epfo.html | https://www.cnbctv18.com/personal-finance/epfo-relaxes-aadhaar-norms-for-select-employee-categories-key-details-19517361.htm,Compiled from source records. EPFO does not publish a numbered rejection-code list; portal remarks are the operative text.
epfo-rr-163-a03,epfo-rr-163,High-value claim subjected to additional scrutiny or officer-layer hold,Claim above threshold pending approval,alias_or_portal_remark,Compliance_Legal,high,medium,https://www.epfindia.gov.in/site_docs/PDFs/Circulars/Y2024-2025/Circular_SOP_WSU_02082024.pdf | https://taxguru.in/corporate-law/epfo-clarifies-physical-claim-settlement-seeding-aadhaar.html | https://www.business-standard.com/finance/personal-finance/epfo-issues-new-rules-for-inoperative-inactive-accounts-to-combat-fraud-124080600360_1.html | https://taxguru.in/corporate-law/standard-operating-procedure-sop-settlement-claims-epfo.html | https://www.cnbctv18.com/personal-finance/epfo-relaxes-aadhaar-norms-for-select-employee-categories-key-details-19517361.htm,Compiled from source records. EPFO does not publish a numbered rejection-code list; portal remarks are the operative text.
epfo-rr-163-a04,epfo-rr-163,High-value claim subjected to additional scrutiny or officer-layer hold,Four eye check PF settlement,alias_or_portal_remark,Compliance_Legal,high,medium,https://www.epfindia.gov.in/site_docs/PDFs/Circulars/Y2024-2025/Circular_SOP_WSU_02082024.pdf | https://taxguru.in/corporate-law/epfo-clarifies-physical-claim-settlement-seeding-aadhaar.html | https://www.business-standard.com/finance/personal-finance/epfo-issues-new-rules-for-inoperative-inactive-accounts-to-combat-fraud-124080600360_1.html | https://taxguru.in/corporate-law/standard-operating-procedure-sop-settlement-claims-epfo.html | https://www.cnbctv18.com/personal-finance/epfo-relaxes-aadhaar-norms-for-select-employee-categories-key-details-19517361.htm,Compiled from source records. EPFO does not publish a numbered rejection-code list; portal remarks are the operative text.
epfo-rr-163-a05,epfo-rr-163,High-value claim subjected to additional scrutiny or officer-layer hold,High value death claim extra documents,alias_or_portal_remark,Compliance_Legal,high,medium,https://www.epfindia.gov.in/site_docs/PDFs/Circulars/Y2024-2025/Circular_SOP_WSU_02082024.pdf | https://taxguru.in/corporate-law/epfo-clarifies-physical-claim-settlement-seeding-aadhaar.html | https://www.business-standard.com/finance/personal-finance/epfo-issues-new-rules-for-inoperative-inactive-accounts-to-combat-fraud-124080600360_1.html | https://taxguru.in/corporate-law/standard-operating-procedure-sop-settlement-claims-epfo.html | https://www.cnbctv18.com/personal-finance/epfo-relaxes-aadhaar-norms-for-select-employee-categories-key-details-19517361.htm,Compiled from source records. EPFO does not publish a numbered rejection-code list; portal remarks are the operative text.
epfo-rr-163-official,epfo-rr-163,High-value claim subjected to additional scrutiny or officer-layer hold,Inoperative/high-risk SOPs and IW physical-claim clarifications describe extra verification for higher balances (e.g. employer identity confirm above stated rupee thresholds in Aadhaar-relaxation notes). Claims appear stuck Under process or returned for extra KYC rather than hard-rejected.,official_or_commonly_seen_status,Compliance_Legal,high,medium,https://www.epfindia.gov.in/site_docs/PDFs/Circulars/Y2024-2025/Circular_SOP_WSU_02082024.pdf | https://taxguru.in/corporate-law/epfo-clarifies-physical-claim-settlement-seeding-aadhaar.html | https://www.business-standard.com/finance/personal-finance/epfo-issues-new-rules-for-inoperative-inactive-accounts-to-combat-fraud-124080600360_1.html | https://taxguru.in/corporate-law/standard-operating-procedure-sop-settlement-claims-epfo.html | https://www.cnbctv18.com/personal-finance/epfo-relaxes-aadhaar-norms-for-select-employee-categories-key-details-19517361.htm,Threshold rupee figures vary by circular; do not invent — point members to the letter RO cites.
epfo-rr-164-a01,epfo-rr-164,Multiple claims pattern / serial filing flagged as suspicious or auto-blocked,Multiple claims pattern reject,alias_or_portal_remark,Compliance_Legal,high,medium,https://www.epfindia.gov.in/site_docs/PDFs/MiscPDFs/FAQ_OCS_050517_1017.pdf | https://epfindia.gov.in/site_docs/PDFs/OTCP_PDFs/MembersFAQ.pdf | https://finright.in/blogs/most-common-reasons-for-epf-claim-rejections-and-tips-to-avoid-them | https://pfbalancecheck.com/epfo-claim-rejected-reason/ | https://righttoinformation.wiki/pf-withdrawal-claim-rejected-without-reason-epfo-india,Compiled from source records. EPFO does not publish a numbered rejection-code list; portal remarks are the operative text.
epfo-rr-164-a02,epfo-rr-164,Multiple claims pattern / serial filing flagged as suspicious or auto-blocked,Too many claims filed flag,alias_or_portal_remark,Compliance_Legal,high,medium,https://www.epfindia.gov.in/site_docs/PDFs/MiscPDFs/FAQ_OCS_050517_1017.pdf | https://epfindia.gov.in/site_docs/PDFs/OTCP_PDFs/MembersFAQ.pdf | https://finright.in/blogs/most-common-reasons-for-epf-claim-rejections-and-tips-to-avoid-them | https://pfbalancecheck.com/epfo-claim-rejected-reason/ | https://righttoinformation.wiki/pf-withdrawal-claim-rejected-without-reason-epfo-india,Compiled from source records. EPFO does not publish a numbered rejection-code list; portal remarks are the operative text.
epfo-rr-164-a03,epfo-rr-164,Multiple claims pattern / serial filing flagged as suspicious or auto-blocked,Serial claim submissions blocked,alias_or_portal_remark,Compliance_Legal,high,medium,https://www.epfindia.gov.in/site_docs/PDFs/MiscPDFs/FAQ_OCS_050517_1017.pdf | https://epfindia.gov.in/site_docs/PDFs/OTCP_PDFs/MembersFAQ.pdf | https://finright.in/blogs/most-common-reasons-for-epf-claim-rejections-and-tips-to-avoid-them | https://pfbalancecheck.com/epfo-claim-rejected-reason/ | https://righttoinformation.wiki/pf-withdrawal-claim-rejected-without-reason-epfo-india,Compiled from source records. EPFO does not publish a numbered rejection-code list; portal remarks are the operative text.
epfo-rr-164-a04,epfo-rr-164,Multiple claims pattern / serial filing flagged as suspicious or auto-blocked,Fraud like repeated claims same UAN,alias_or_portal_remark,Compliance_Legal,high,medium,https://www.epfindia.gov.in/site_docs/PDFs/MiscPDFs/FAQ_OCS_050517_1017.pdf | https://epfindia.gov.in/site_docs/PDFs/OTCP_PDFs/MembersFAQ.pdf | https://finright.in/blogs/most-common-reasons-for-epf-claim-rejections-and-tips-to-avoid-them | https://pfbalancecheck.com/epfo-claim-rejected-reason/ | https://righttoinformation.wiki/pf-withdrawal-claim-rejected-without-reason-epfo-india,Compiled from source records. EPFO does not publish a numbered rejection-code list; portal remarks are the operative text.
epfo-rr-164-a05,epfo-rr-164,Multiple claims pattern / serial filing flagged as suspicious or auto-blocked,Claim velocity limit EPFO,alias_or_portal_remark,Compliance_Legal,high,medium,https://www.epfindia.gov.in/site_docs/PDFs/MiscPDFs/FAQ_OCS_050517_1017.pdf | https://epfindia.gov.in/site_docs/PDFs/OTCP_PDFs/MembersFAQ.pdf | https://finright.in/blogs/most-common-reasons-for-epf-claim-rejections-and-tips-to-avoid-them | https://pfbalancecheck.com/epfo-claim-rejected-reason/ | https://righttoinformation.wiki/pf-withdrawal-claim-rejected-without-reason-epfo-india,Compiled from source records. EPFO does not publish a numbered rejection-code list; portal remarks are the operative text.
epfo-rr-164-official,epfo-rr-164,Multiple claims pattern / serial filing flagged as suspicious or auto-blocked,Repeated same-day or high-frequency resubmissions after rejection without curing defects are discouraged (portal behaviour / spam rejects). Pattern detection may park subsequent claims. Distinct from single duplicate-in-process (052) and same-day refile (057).,official_or_commonly_seen_status,Compliance_Legal,high,medium,https://www.epfindia.gov.in/site_docs/PDFs/MiscPDFs/FAQ_OCS_050517_1017.pdf | https://epfindia.gov.in/site_docs/PDFs/OTCP_PDFs/MembersFAQ.pdf | https://finright.in/blogs/most-common-reasons-for-epf-claim-rejections-and-tips-to-avoid-them | https://pfbalancecheck.com/epfo-claim-rejected-reason/ | https://righttoinformation.wiki/pf-withdrawal-claim-rejected-without-reason-epfo-india,Pattern flag is operational; combine with published duplicate rules.
epfo-rr-165-a01,epfo-rr-165,"Fake, non-existent, or shell employer establishment triggering claim/compliance block",Fake employer PF claim,alias_or_portal_remark,Compliance_Legal,critical,medium,https://www.business-standard.com/finance/personal-finance/epfo-issues-new-rules-for-inoperative-inactive-accounts-to-combat-fraud-124080600360_1.html | https://www.epfindia.gov.in/site_docs/PDFs/Circulars/Y2024-2025/Circular_SOP_WSU_02082024.pdf | https://epfigms.gov.in/ | https://taxguru.in/corporate-law/standard-operating-procedure-sop-settlement-claims-epfo.html | https://www.outlookmoney.com/retirement/pension/epf-claim-settlement-why-epfo-rejects-the-claims-and-what-subscribers-can-do,Compiled from source records. EPFO does not publish a numbered rejection-code list; portal remarks are the operative text.
epfo-rr-165-a02,epfo-rr-165,"Fake, non-existent, or shell employer establishment triggering claim/compliance block",Shell establishment code reject,alias_or_portal_remark,Compliance_Legal,critical,medium,https://www.business-standard.com/finance/personal-finance/epfo-issues-new-rules-for-inoperative-inactive-accounts-to-combat-fraud-124080600360_1.html | https://www.epfindia.gov.in/site_docs/PDFs/Circulars/Y2024-2025/Circular_SOP_WSU_02082024.pdf | https://epfigms.gov.in/ | https://taxguru.in/corporate-law/standard-operating-procedure-sop-settlement-claims-epfo.html | https://www.outlookmoney.com/retirement/pension/epf-claim-settlement-why-epfo-rejects-the-claims-and-what-subscribers-can-do,Compiled from source records. EPFO does not publish a numbered rejection-code list; portal remarks are the operative text.
epfo-rr-165-a03,epfo-rr-165,"Fake, non-existent, or shell employer establishment triggering claim/compliance block",Non existent company UAN claim,alias_or_portal_remark,Compliance_Legal,critical,medium,https://www.business-standard.com/finance/personal-finance/epfo-issues-new-rules-for-inoperative-inactive-accounts-to-combat-fraud-124080600360_1.html | https://www.epfindia.gov.in/site_docs/PDFs/Circulars/Y2024-2025/Circular_SOP_WSU_02082024.pdf | https://epfigms.gov.in/ | https://taxguru.in/corporate-law/standard-operating-procedure-sop-settlement-claims-epfo.html | https://www.outlookmoney.com/retirement/pension/epf-claim-settlement-why-epfo-rejects-the-claims-and-what-subscribers-can-do,Compiled from source records. EPFO does not publish a numbered rejection-code list; portal remarks are the operative text.
epfo-rr-165-a04,epfo-rr-165,"Fake, non-existent, or shell employer establishment triggering claim/compliance block",Fraudulent establishment contributions,alias_or_portal_remark,Compliance_Legal,critical,medium,https://www.business-standard.com/finance/personal-finance/epfo-issues-new-rules-for-inoperative-inactive-accounts-to-combat-fraud-124080600360_1.html | https://www.epfindia.gov.in/site_docs/PDFs/Circulars/Y2024-2025/Circular_SOP_WSU_02082024.pdf | https://epfigms.gov.in/ | https://taxguru.in/corporate-law/standard-operating-procedure-sop-settlement-claims-epfo.html | https://www.outlookmoney.com/retirement/pension/epf-claim-settlement-why-epfo-rejects-the-claims-and-what-subscribers-can-do,Compiled from source records. EPFO does not publish a numbered rejection-code list; portal remarks are the operative text.
epfo-rr-165-a05,epfo-rr-165,"Fake, non-existent, or shell employer establishment triggering claim/compliance block",Coverage dispute fake employer,alias_or_portal_remark,Compliance_Legal,critical,medium,https://www.business-standard.com/finance/personal-finance/epfo-issues-new-rules-for-inoperative-inactive-accounts-to-combat-fraud-124080600360_1.html | https://www.epfindia.gov.in/site_docs/PDFs/Circulars/Y2024-2025/Circular_SOP_WSU_02082024.pdf | https://epfigms.gov.in/ | https://taxguru.in/corporate-law/standard-operating-procedure-sop-settlement-claims-epfo.html | https://www.outlookmoney.com/retirement/pension/epf-claim-settlement-why-epfo-rejects-the-claims-and-what-subscribers-can-do,Compiled from source records. EPFO does not publish a numbered rejection-code list; portal remarks are the operative text.
epfo-rr-165-official,epfo-rr-165,"Fake, non-existent, or shell employer establishment triggering claim/compliance block",EPFO and news reports on fraud emphasise scrutiny of suspicious establishments and inoperative/high-risk accounts. Claims tied to codes under coverage fraud investigation are withheld or rejected pending inquiry.,official_or_commonly_seen_status,Compliance_Legal,critical,medium,https://www.business-standard.com/finance/personal-finance/epfo-issues-new-rules-for-inoperative-inactive-accounts-to-combat-fraud-124080600360_1.html | https://www.epfindia.gov.in/site_docs/PDFs/Circulars/Y2024-2025/Circular_SOP_WSU_02082024.pdf | https://epfigms.gov.in/ | https://taxguru.in/corporate-law/standard-operating-procedure-sop-settlement-claims-epfo.html | https://www.outlookmoney.com/retirement/pension/epf-claim-settlement-why-epfo-rejects-the-claims-and-what-subscribers-can-do,Fraud typology; outcomes are case-specific.
epfo-rr-166-a01,epfo-rr-166,Death claim held for fraud checks — death certificate authenticity or claimant identity verification,Death claim fraud verification,alias_or_portal_remark,Compliance_Legal,critical,medium,https://www.epfindia.gov.in/site_docs/PDFs/Downloads_PDFs/Form20.pdf | https://www.epfindia.gov.in/site_docs/PDFs/Downloads_PDFs/Form5IF_Instructions_Eng.pdf | https://kustodian.life/resources/epf-death-claim-process-india | https://righttoinformation.wiki/epf-death-claim-without-nominee-legal-heir-india | https://zeenews.india.com/personal-finance/pf-settlement-money-may-not-reach-your-family-for-a-common-mistake-your-e-nomination-will-not-be-valid-until-you-do-this-3054752.html,Compiled from source records. EPFO does not publish a numbered rejection-code list; portal remarks are the operative text.
epfo-rr-166-a02,epfo-rr-166,Death claim held for fraud checks — death certificate authenticity or claimant identity verification,Death certificate authenticity check,alias_or_portal_remark,Compliance_Legal,critical,medium,https://www.epfindia.gov.in/site_docs/PDFs/Downloads_PDFs/Form20.pdf | https://www.epfindia.gov.in/site_docs/PDFs/Downloads_PDFs/Form5IF_Instructions_Eng.pdf | https://kustodian.life/resources/epf-death-claim-process-india | https://righttoinformation.wiki/epf-death-claim-without-nominee-legal-heir-india | https://zeenews.india.com/personal-finance/pf-settlement-money-may-not-reach-your-family-for-a-common-mistake-your-e-nomination-will-not-be-valid-until-you-do-this-3054752.html,Compiled from source records. EPFO does not publish a numbered rejection-code list; portal remarks are the operative text.
epfo-rr-166-a03,epfo-rr-166,Death claim held for fraud checks — death certificate authenticity or claimant identity verification,Suspicious death claim EPFO,alias_or_portal_remark,Compliance_Legal,critical,medium,https://www.epfindia.gov.in/site_docs/PDFs/Downloads_PDFs/Form20.pdf | https://www.epfindia.gov.in/site_docs/PDFs/Downloads_PDFs/Form5IF_Instructions_Eng.pdf | https://kustodian.life/resources/epf-death-claim-process-india | https://righttoinformation.wiki/epf-death-claim-without-nominee-legal-heir-india | https://zeenews.india.com/personal-finance/pf-settlement-money-may-not-reach-your-family-for-a-common-mistake-your-e-nomination-will-not-be-valid-until-you-do-this-3054752.html,Compiled from source records. EPFO does not publish a numbered rejection-code list; portal remarks are the operative text.
epfo-rr-166-a04,epfo-rr-166,Death claim held for fraud checks — death certificate authenticity or claimant identity verification,Claimant identity verification death PF,alias_or_portal_remark,Compliance_Legal,critical,medium,https://www.epfindia.gov.in/site_docs/PDFs/Downloads_PDFs/Form20.pdf | https://www.epfindia.gov.in/site_docs/PDFs/Downloads_PDFs/Form5IF_Instructions_Eng.pdf | https://kustodian.life/resources/epf-death-claim-process-india | https://righttoinformation.wiki/epf-death-claim-without-nominee-legal-heir-india | https://zeenews.india.com/personal-finance/pf-settlement-money-may-not-reach-your-family-for-a-common-mistake-your-e-nomination-will-not-be-valid-until-you-do-this-3054752.html,Compiled from source records. EPFO does not publish a numbered rejection-code list; portal remarks are the operative text.
epfo-rr-166-a05,epfo-rr-166,Death claim held for fraud checks — death certificate authenticity or claimant identity verification,Form 20 additional fraud scrutiny,alias_or_portal_remark,Compliance_Legal,critical,medium,https://www.epfindia.gov.in/site_docs/PDFs/Downloads_PDFs/Form20.pdf | https://www.epfindia.gov.in/site_docs/PDFs/Downloads_PDFs/Form5IF_Instructions_Eng.pdf | https://kustodian.life/resources/epf-death-claim-process-india | https://righttoinformation.wiki/epf-death-claim-without-nominee-legal-heir-india | https://zeenews.india.com/personal-finance/pf-settlement-money-may-not-reach-your-family-for-a-common-mistake-your-e-nomination-will-not-be-valid-until-you-do-this-3054752.html,Compiled from source records. EPFO does not publish a numbered rejection-code list; portal remarks are the operative text.
epfo-rr-166-official,epfo-rr-166,Death claim held for fraud checks — death certificate authenticity or claimant identity verification,"Death settlements (PF, EDLI, family pension) attract extra document and identity checks. Fake death certificates and impostor claimants are known risk vectors; ROs may verify with civil registration, employer, and Aadhaar biometrics before release.",official_or_commonly_seen_status,Compliance_Legal,critical,medium,https://www.epfindia.gov.in/site_docs/PDFs/Downloads_PDFs/Form20.pdf | https://www.epfindia.gov.in/site_docs/PDFs/Downloads_PDFs/Form5IF_Instructions_Eng.pdf | https://kustodian.life/resources/epf-death-claim-process-india | https://righttoinformation.wiki/epf-death-claim-without-nominee-legal-heir-india | https://zeenews.india.com/personal-finance/pf-settlement-money-may-not-reach-your-family-for-a-common-mistake-your-e-nomination-will-not-be-valid-until-you-do-this-3054752.html,Fraud-check edge on top of missing-certificate record.
epfo-rr-167-a01,epfo-rr-167,SSA country-specific withdrawal or benefit rule blocking International Worker claim,SSA country specific PF withdrawal,alias_or_portal_remark,Compliance_Legal,high,medium,https://www.epfindia.gov.in/site_en/International_workers.php | https://www.gconnect.in/epfo/social-security-international-workers-agreements-epf-scheme-1952.html | https://www.in.kpmg.com/taxflashnews/KPMG-Flash-News-EPFO-Update-Simplifying-process-of-PF-withdrawal-for-International-Workers.pdf | https://taxguru.in/corporate-law/epfo-online-system-generation-certificate-coverage-reg.html | https://www.key4comply.com/blogposts/epf-for-international-workers-in-india-2026-ssa-certificate-of-coverage-coc-exemption-rules-contributions-withdrawal-at-age-58-latest-court-rulings/,Compiled from source records. EPFO does not publish a numbered rejection-code list; portal remarks are the operative text.
epfo-rr-167-a02,epfo-rr-167,SSA country-specific withdrawal or benefit rule blocking International Worker claim,Social Security Agreement claim restriction,alias_or_portal_remark,Compliance_Legal,high,medium,https://www.epfindia.gov.in/site_en/International_workers.php | https://www.gconnect.in/epfo/social-security-international-workers-agreements-epf-scheme-1952.html | https://www.in.kpmg.com/taxflashnews/KPMG-Flash-News-EPFO-Update-Simplifying-process-of-PF-withdrawal-for-International-Workers.pdf | https://taxguru.in/corporate-law/epfo-online-system-generation-certificate-coverage-reg.html | https://www.key4comply.com/blogposts/epf-for-international-workers-in-india-2026-ssa-certificate-of-coverage-coc-exemption-rules-contributions-withdrawal-at-age-58-latest-court-rulings/,Compiled from source records. EPFO does not publish a numbered rejection-code list; portal remarks are the operative text.
epfo-rr-167-a03,epfo-rr-167,SSA country-specific withdrawal or benefit rule blocking International Worker claim,IW home country rules EPFO,alias_or_portal_remark,Compliance_Legal,high,medium,https://www.epfindia.gov.in/site_en/International_workers.php | https://www.gconnect.in/epfo/social-security-international-workers-agreements-epf-scheme-1952.html | https://www.in.kpmg.com/taxflashnews/KPMG-Flash-News-EPFO-Update-Simplifying-process-of-PF-withdrawal-for-International-Workers.pdf | https://taxguru.in/corporate-law/epfo-online-system-generation-certificate-coverage-reg.html | https://www.key4comply.com/blogposts/epf-for-international-workers-in-india-2026-ssa-certificate-of-coverage-coc-exemption-rules-contributions-withdrawal-at-age-58-latest-court-rulings/,Compiled from source records. EPFO does not publish a numbered rejection-code list; portal remarks are the operative text.
epfo-rr-167-a04,epfo-rr-167,SSA country-specific withdrawal or benefit rule blocking International Worker claim,Detached worker SSA benefit deny,alias_or_portal_remark,Compliance_Legal,high,medium,https://www.epfindia.gov.in/site_en/International_workers.php | https://www.gconnect.in/epfo/social-security-international-workers-agreements-epf-scheme-1952.html | https://www.in.kpmg.com/taxflashnews/KPMG-Flash-News-EPFO-Update-Simplifying-process-of-PF-withdrawal-for-International-Workers.pdf | https://taxguru.in/corporate-law/epfo-online-system-generation-certificate-coverage-reg.html | https://www.key4comply.com/blogposts/epf-for-international-workers-in-india-2026-ssa-certificate-of-coverage-coc-exemption-rules-contributions-withdrawal-at-age-58-latest-court-rulings/,Compiled from source records. EPFO does not publish a numbered rejection-code list; portal remarks are the operative text.
epfo-rr-167-a05,epfo-rr-167,SSA country-specific withdrawal or benefit rule blocking International Worker claim,Certificate of Coverage country mismatch,alias_or_portal_remark,Compliance_Legal,high,medium,https://www.epfindia.gov.in/site_en/International_workers.php | https://www.gconnect.in/epfo/social-security-international-workers-agreements-epf-scheme-1952.html | https://www.in.kpmg.com/taxflashnews/KPMG-Flash-News-EPFO-Update-Simplifying-process-of-PF-withdrawal-for-International-Workers.pdf | https://taxguru.in/corporate-law/epfo-online-system-generation-certificate-coverage-reg.html | https://www.key4comply.com/blogposts/epf-for-international-workers-in-india-2026-ssa-certificate-of-coverage-coc-exemption-rules-contributions-withdrawal-at-age-58-latest-court-rulings/,Compiled from source records. EPFO does not publish a numbered rejection-code list; portal remarks are the operative text.
epfo-rr-167-official,epfo-rr-167,SSA country-specific withdrawal or benefit rule blocking International Worker claim,"Social Security Agreements differ by partner country (totalisation, detachment, export of benefits). A claim valid under Indian domestic rules may still fail SSA-specific conditions. EPFO IW brochure/pages and CoC processes are the guides — not a single global rule.",official_or_commonly_seen_status,Compliance_Legal,high,medium,https://www.epfindia.gov.in/site_en/International_workers.php | https://www.gconnect.in/epfo/social-security-international-workers-agreements-epf-scheme-1952.html | https://www.in.kpmg.com/taxflashnews/KPMG-Flash-News-EPFO-Update-Simplifying-process-of-PF-withdrawal-for-International-Workers.pdf | https://taxguru.in/corporate-law/epfo-online-system-generation-certificate-coverage-reg.html | https://www.key4comply.com/blogposts/epf-for-international-workers-in-india-2026-ssa-certificate-of-coverage-coc-exemption-rules-contributions-withdrawal-at-age-58-latest-court-rulings/,Do not invent country tables; point to EPFO IW page and specific agreement texts.
epfo-rr-168-a01,epfo-rr-168,Certificate of Coverage expired while worker still on overseas detachment,CoC expired detachment,alias_or_portal_remark,Compliance_Legal,high,high,https://www.epfindia.gov.in/site_en/International_workers.php | https://taxguru.in/corporate-law/epfo-online-system-generation-certificate-coverage-reg.html | https://taxguru.in/corporate-law/epfo-issue-certificate-coverage-reg.html | https://www.gconnect.in/epfo/social-security-international-workers-agreements-epf-scheme-1952.html | https://www.in.kpmg.com/taxflashnews/KPMG-Flash-News-EPFO-Update-Simplifying-process-of-PF-withdrawal-for-International-Workers.pdf,Compiled from source records. EPFO does not publish a numbered rejection-code list; portal remarks are the operative text.
epfo-rr-168-a02,epfo-rr-168,Certificate of Coverage expired while worker still on overseas detachment,Certificate of Coverage validity ended,alias_or_portal_remark,Compliance_Legal,high,high,https://www.epfindia.gov.in/site_en/International_workers.php | https://taxguru.in/corporate-law/epfo-online-system-generation-certificate-coverage-reg.html | https://taxguru.in/corporate-law/epfo-issue-certificate-coverage-reg.html | https://www.gconnect.in/epfo/social-security-international-workers-agreements-epf-scheme-1952.html | https://www.in.kpmg.com/taxflashnews/KPMG-Flash-News-EPFO-Update-Simplifying-process-of-PF-withdrawal-for-International-Workers.pdf,Compiled from source records. EPFO does not publish a numbered rejection-code list; portal remarks are the operative text.
epfo-rr-168-a03,epfo-rr-168,Certificate of Coverage expired while worker still on overseas detachment,Extend CoC EPFO,alias_or_portal_remark,Compliance_Legal,high,high,https://www.epfindia.gov.in/site_en/International_workers.php | https://taxguru.in/corporate-law/epfo-online-system-generation-certificate-coverage-reg.html | https://taxguru.in/corporate-law/epfo-issue-certificate-coverage-reg.html | https://www.gconnect.in/epfo/social-security-international-workers-agreements-epf-scheme-1952.html | https://www.in.kpmg.com/taxflashnews/KPMG-Flash-News-EPFO-Update-Simplifying-process-of-PF-withdrawal-for-International-Workers.pdf,Compiled from source records. EPFO does not publish a numbered rejection-code list; portal remarks are the operative text.
epfo-rr-168-a04,epfo-rr-168,Certificate of Coverage expired while worker still on overseas detachment,Expired CoC dual social security risk,alias_or_portal_remark,Compliance_Legal,high,high,https://www.epfindia.gov.in/site_en/International_workers.php | https://taxguru.in/corporate-law/epfo-online-system-generation-certificate-coverage-reg.html | https://taxguru.in/corporate-law/epfo-issue-certificate-coverage-reg.html | https://www.gconnect.in/epfo/social-security-international-workers-agreements-epf-scheme-1952.html | https://www.in.kpmg.com/taxflashnews/KPMG-Flash-News-EPFO-Update-Simplifying-process-of-PF-withdrawal-for-International-Workers.pdf,Compiled from source records. EPFO does not publish a numbered rejection-code list; portal remarks are the operative text.
epfo-rr-168-a05,epfo-rr-168,Certificate of Coverage expired while worker still on overseas detachment,CoC renewal claim issue,alias_or_portal_remark,Compliance_Legal,high,high,https://www.epfindia.gov.in/site_en/International_workers.php | https://taxguru.in/corporate-law/epfo-online-system-generation-certificate-coverage-reg.html | https://taxguru.in/corporate-law/epfo-issue-certificate-coverage-reg.html | https://www.gconnect.in/epfo/social-security-international-workers-agreements-epf-scheme-1952.html | https://www.in.kpmg.com/taxflashnews/KPMG-Flash-News-EPFO-Update-Simplifying-process-of-PF-withdrawal-for-International-Workers.pdf,Compiled from source records. EPFO does not publish a numbered rejection-code list; portal remarks are the operative text.
epfo-rr-168-official,epfo-rr-168,Certificate of Coverage expired while worker still on overseas detachment,CoC has a validity period. Expiry while still posted abroad can trigger host-country social security liability and complicate EPFO IW status/claims. Online CoC generation circulars require accurate date ranges and employer e-sign.,official_or_commonly_seen_status,Compliance_Legal,high,high,https://www.epfindia.gov.in/site_en/International_workers.php | https://taxguru.in/corporate-law/epfo-online-system-generation-certificate-coverage-reg.html | https://taxguru.in/corporate-law/epfo-issue-certificate-coverage-reg.html | https://www.gconnect.in/epfo/social-security-international-workers-agreements-epf-scheme-1952.html | https://www.in.kpmg.com/taxflashnews/KPMG-Flash-News-EPFO-Update-Simplifying-process-of-PF-withdrawal-for-International-Workers.pdf,CoC validity/extension is standard IW practice documented on TaxGuru/EPFO IW materials.
epfo-rr-169-a01,epfo-rr-169,Detached worker rules misapplied — dual contribution or wrong classification as domestic member,Detached worker misclassification,alias_or_portal_remark,Compliance_Legal,high,medium,https://www.epfindia.gov.in/site_en/International_workers.php | https://www.gconnect.in/epfo/social-security-international-workers-agreements-epf-scheme-1952.html | https://www.key4comply.com/blogposts/epf-for-international-workers-in-india-2026-ssa-certificate-of-coverage-coc-exemption-rules-contributions-withdrawal-at-age-58-latest-court-rulings/ | https://www.in.kpmg.com/taxflashnews/KPMG-Flash-News-EPFO-Update-Simplifying-process-of-PF-withdrawal-for-International-Workers.pdf | https://www.epfindia.gov.in/site_docs/PDFs/Circulars/Y2023-2024/SOP_WSU_new.pdf,Compiled from source records. EPFO does not publish a numbered rejection-code list; portal remarks are the operative text.
epfo-rr-169-a02,epfo-rr-169,Detached worker rules misapplied — dual contribution or wrong classification as domestic member,Dual social security contribution EPFO,alias_or_portal_remark,Compliance_Legal,high,medium,https://www.epfindia.gov.in/site_en/International_workers.php | https://www.gconnect.in/epfo/social-security-international-workers-agreements-epf-scheme-1952.html | https://www.key4comply.com/blogposts/epf-for-international-workers-in-india-2026-ssa-certificate-of-coverage-coc-exemption-rules-contributions-withdrawal-at-age-58-latest-court-rulings/ | https://www.in.kpmg.com/taxflashnews/KPMG-Flash-News-EPFO-Update-Simplifying-process-of-PF-withdrawal-for-International-Workers.pdf | https://www.epfindia.gov.in/site_docs/PDFs/Circulars/Y2023-2024/SOP_WSU_new.pdf,Compiled from source records. EPFO does not publish a numbered rejection-code list; portal remarks are the operative text.
epfo-rr-169-a03,epfo-rr-169,Detached worker rules misapplied — dual contribution or wrong classification as domestic member,IW flagged as domestic member,alias_or_portal_remark,Compliance_Legal,high,medium,https://www.epfindia.gov.in/site_en/International_workers.php | https://www.gconnect.in/epfo/social-security-international-workers-agreements-epf-scheme-1952.html | https://www.key4comply.com/blogposts/epf-for-international-workers-in-india-2026-ssa-certificate-of-coverage-coc-exemption-rules-contributions-withdrawal-at-age-58-latest-court-rulings/ | https://www.in.kpmg.com/taxflashnews/KPMG-Flash-News-EPFO-Update-Simplifying-process-of-PF-withdrawal-for-International-Workers.pdf | https://www.epfindia.gov.in/site_docs/PDFs/Circulars/Y2023-2024/SOP_WSU_new.pdf,Compiled from source records. EPFO does not publish a numbered rejection-code list; portal remarks are the operative text.
epfo-rr-169-a04,epfo-rr-169,Detached worker rules misapplied — dual contribution or wrong classification as domestic member,Detachment rules PF claim,alias_or_portal_remark,Compliance_Legal,high,medium,https://www.epfindia.gov.in/site_en/International_workers.php | https://www.gconnect.in/epfo/social-security-international-workers-agreements-epf-scheme-1952.html | https://www.key4comply.com/blogposts/epf-for-international-workers-in-india-2026-ssa-certificate-of-coverage-coc-exemption-rules-contributions-withdrawal-at-age-58-latest-court-rulings/ | https://www.in.kpmg.com/taxflashnews/KPMG-Flash-News-EPFO-Update-Simplifying-process-of-PF-withdrawal-for-International-Workers.pdf | https://www.epfindia.gov.in/site_docs/PDFs/Circulars/Y2023-2024/SOP_WSU_new.pdf,Compiled from source records. EPFO does not publish a numbered rejection-code list; portal remarks are the operative text.
epfo-rr-169-a05,epfo-rr-169,Detached worker rules misapplied — dual contribution or wrong classification as domestic member,Wrong IW status on UAN,alias_or_portal_remark,Compliance_Legal,high,medium,https://www.epfindia.gov.in/site_en/International_workers.php | https://www.gconnect.in/epfo/social-security-international-workers-agreements-epf-scheme-1952.html | https://www.key4comply.com/blogposts/epf-for-international-workers-in-india-2026-ssa-certificate-of-coverage-coc-exemption-rules-contributions-withdrawal-at-age-58-latest-court-rulings/ | https://www.in.kpmg.com/taxflashnews/KPMG-Flash-News-EPFO-Update-Simplifying-process-of-PF-withdrawal-for-International-Workers.pdf | https://www.epfindia.gov.in/site_docs/PDFs/Circulars/Y2023-2024/SOP_WSU_new.pdf,Compiled from source records. EPFO does not publish a numbered rejection-code list; portal remarks are the operative text.
epfo-rr-169-official,epfo-rr-169,Detached worker rules misapplied — dual contribution or wrong classification as domestic member,Detached workers under SSA should generally continue home-country coverage with CoC and not be forced into host mandatory schemes inconsistently. Misclassification on UAN (nationality/IW flags) produces contribution and claim conflicts.,official_or_commonly_seen_status,Compliance_Legal,high,medium,https://www.epfindia.gov.in/site_en/International_workers.php | https://www.gconnect.in/epfo/social-security-international-workers-agreements-epf-scheme-1952.html | https://www.key4comply.com/blogposts/epf-for-international-workers-in-india-2026-ssa-certificate-of-coverage-coc-exemption-rules-contributions-withdrawal-at-age-58-latest-court-rulings/ | https://www.in.kpmg.com/taxflashnews/KPMG-Flash-News-EPFO-Update-Simplifying-process-of-PF-withdrawal-for-International-Workers.pdf | https://www.epfindia.gov.in/site_docs/PDFs/Circulars/Y2023-2024/SOP_WSU_new.pdf,Classification repair via JD nationality parameter per SOP themes.
epfo-rr-170-a01,epfo-rr-170,Physical claim attested by wrong authority — not on EPFO's accepted attestor list,Wrong attestation authority,alias_or_portal_remark,Form_Documentation,high,high,https://www.epfindia.gov.in/site_docs/PDFs/Circulars/Y2023-2024/SOP_WSU_new.pdf | https://www.epfindia.gov.in/site_docs/PDFs/Downloads_PDFs/Instructions_CCF_aadhar.pdf | https://www.epfindia.gov.in/site_docs/PDFs/Circulars/Y2016-2017/Composite_Claim_Forms_31792.pdf | https://epfindia.gov.in/site_docs/PDFs/OTCP_PDFs/MembersFAQ.pdf | https://epfindia.gov.in/site_docs/PDFs/Downloads_PDFs/Form19_instructions_Eng.pdf,Compiled from source records. EPFO does not publish a numbered rejection-code list; portal remarks are the operative text.
epfo-rr-170-a02,epfo-rr-170,Physical claim attested by wrong authority — not on EPFO's accepted attestor list,Attestation not accepted EPFO,alias_or_portal_remark,Form_Documentation,high,high,https://www.epfindia.gov.in/site_docs/PDFs/Circulars/Y2023-2024/SOP_WSU_new.pdf | https://www.epfindia.gov.in/site_docs/PDFs/Downloads_PDFs/Instructions_CCF_aadhar.pdf | https://www.epfindia.gov.in/site_docs/PDFs/Circulars/Y2016-2017/Composite_Claim_Forms_31792.pdf | https://epfindia.gov.in/site_docs/PDFs/OTCP_PDFs/MembersFAQ.pdf | https://epfindia.gov.in/site_docs/PDFs/Downloads_PDFs/Form19_instructions_Eng.pdf,Compiled from source records. EPFO does not publish a numbered rejection-code list; portal remarks are the operative text.
epfo-rr-170-a03,epfo-rr-170,Physical claim attested by wrong authority — not on EPFO's accepted attestor list,Unauthorised attesting officer claim,alias_or_portal_remark,Form_Documentation,high,high,https://www.epfindia.gov.in/site_docs/PDFs/Circulars/Y2023-2024/SOP_WSU_new.pdf | https://www.epfindia.gov.in/site_docs/PDFs/Downloads_PDFs/Instructions_CCF_aadhar.pdf | https://www.epfindia.gov.in/site_docs/PDFs/Circulars/Y2016-2017/Composite_Claim_Forms_31792.pdf | https://epfindia.gov.in/site_docs/PDFs/OTCP_PDFs/MembersFAQ.pdf | https://epfindia.gov.in/site_docs/PDFs/Downloads_PDFs/Form19_instructions_Eng.pdf,Compiled from source records. EPFO does not publish a numbered rejection-code list; portal remarks are the operative text.
epfo-rr-170-a04,epfo-rr-170,Physical claim attested by wrong authority — not on EPFO's accepted attestor list,Manager attestation invalid PF,alias_or_portal_remark,Form_Documentation,high,high,https://www.epfindia.gov.in/site_docs/PDFs/Circulars/Y2023-2024/SOP_WSU_new.pdf | https://www.epfindia.gov.in/site_docs/PDFs/Downloads_PDFs/Instructions_CCF_aadhar.pdf | https://www.epfindia.gov.in/site_docs/PDFs/Circulars/Y2016-2017/Composite_Claim_Forms_31792.pdf | https://epfindia.gov.in/site_docs/PDFs/OTCP_PDFs/MembersFAQ.pdf | https://epfindia.gov.in/site_docs/PDFs/Downloads_PDFs/Form19_instructions_Eng.pdf,Compiled from source records. EPFO does not publish a numbered rejection-code list; portal remarks are the operative text.
epfo-rr-170-a05,epfo-rr-170,Physical claim attested by wrong authority — not on EPFO's accepted attestor list,Attestor not gazetted or listed,alias_or_portal_remark,Form_Documentation,high,high,https://www.epfindia.gov.in/site_docs/PDFs/Circulars/Y2023-2024/SOP_WSU_new.pdf | https://www.epfindia.gov.in/site_docs/PDFs/Downloads_PDFs/Instructions_CCF_aadhar.pdf | https://www.epfindia.gov.in/site_docs/PDFs/Circulars/Y2016-2017/Composite_Claim_Forms_31792.pdf | https://epfindia.gov.in/site_docs/PDFs/OTCP_PDFs/MembersFAQ.pdf | https://epfindia.gov.in/site_docs/PDFs/Downloads_PDFs/Form19_instructions_Eng.pdf,Compiled from source records. EPFO does not publish a numbered rejection-code list; portal remarks are the operative text.
epfo-rr-170-official,epfo-rr-170,Physical claim attested by wrong authority — not on EPFO's accepted attestor list,"Non-Aadhaar / closed-establishment / physical flows require attestation by authorities listed in forms and JD SOP (gazetted officers, bank managers of claimant's account, MP/MLA, etc.). Attestation by random notaries, colleagues, or unlisted managers is rejected.",official_or_commonly_seen_status,Form_Documentation,high,high,https://www.epfindia.gov.in/site_docs/PDFs/Circulars/Y2023-2024/SOP_WSU_new.pdf | https://www.epfindia.gov.in/site_docs/PDFs/Downloads_PDFs/Instructions_CCF_aadhar.pdf | https://www.epfindia.gov.in/site_docs/PDFs/Circulars/Y2016-2017/Composite_Claim_Forms_31792.pdf | https://epfindia.gov.in/site_docs/PDFs/OTCP_PDFs/MembersFAQ.pdf | https://epfindia.gov.in/site_docs/PDFs/Downloads_PDFs/Form19_instructions_Eng.pdf,JD SOP and CCF instructions enumerate acceptable attestors.
epfo-rr-171-a01,epfo-rr-171,"Supporting document expired — passport, medical certificate, or other time-limited proof",Expired passport PF claim,alias_or_portal_remark,Form_Documentation,medium,medium,https://www.epfindia.gov.in/site_docs/PDFs/MiscPDFs/FAQ_OCS_050517_1017.pdf | https://cleartax.in/s/epf-form-31 | https://epfindia.gov.in/site_docs/PDFs/Downloads_PDFs/Form19_instructions_Eng.pdf | https://www.epfindia.gov.in/site_docs/PDFs/Downloads_PDFs/Instructions_CCF_aadhar.pdf | https://www.in.kpmg.com/taxflashnews/KPMG-Flash-News-EPFO-Update-Simplifying-process-of-PF-withdrawal-for-International-Workers.pdf,Compiled from source records. EPFO does not publish a numbered rejection-code list; portal remarks are the operative text.
epfo-rr-171-a02,epfo-rr-171,"Supporting document expired — passport, medical certificate, or other time-limited proof",Medical certificate expired Form 31,alias_or_portal_remark,Form_Documentation,medium,medium,https://www.epfindia.gov.in/site_docs/PDFs/MiscPDFs/FAQ_OCS_050517_1017.pdf | https://cleartax.in/s/epf-form-31 | https://epfindia.gov.in/site_docs/PDFs/Downloads_PDFs/Form19_instructions_Eng.pdf | https://www.epfindia.gov.in/site_docs/PDFs/Downloads_PDFs/Instructions_CCF_aadhar.pdf | https://www.in.kpmg.com/taxflashnews/KPMG-Flash-News-EPFO-Update-Simplifying-process-of-PF-withdrawal-for-International-Workers.pdf,Compiled from source records. EPFO does not publish a numbered rejection-code list; portal remarks are the operative text.
epfo-rr-171-a03,epfo-rr-171,"Supporting document expired — passport, medical certificate, or other time-limited proof",Outdated supporting document rejected,alias_or_portal_remark,Form_Documentation,medium,medium,https://www.epfindia.gov.in/site_docs/PDFs/MiscPDFs/FAQ_OCS_050517_1017.pdf | https://cleartax.in/s/epf-form-31 | https://epfindia.gov.in/site_docs/PDFs/Downloads_PDFs/Form19_instructions_Eng.pdf | https://www.epfindia.gov.in/site_docs/PDFs/Downloads_PDFs/Instructions_CCF_aadhar.pdf | https://www.in.kpmg.com/taxflashnews/KPMG-Flash-News-EPFO-Update-Simplifying-process-of-PF-withdrawal-for-International-Workers.pdf,Compiled from source records. EPFO does not publish a numbered rejection-code list; portal remarks are the operative text.
epfo-rr-171-a04,epfo-rr-171,"Supporting document expired — passport, medical certificate, or other time-limited proof",Expired ID proof claim,alias_or_portal_remark,Form_Documentation,medium,medium,https://www.epfindia.gov.in/site_docs/PDFs/MiscPDFs/FAQ_OCS_050517_1017.pdf | https://cleartax.in/s/epf-form-31 | https://epfindia.gov.in/site_docs/PDFs/Downloads_PDFs/Form19_instructions_Eng.pdf | https://www.epfindia.gov.in/site_docs/PDFs/Downloads_PDFs/Instructions_CCF_aadhar.pdf | https://www.in.kpmg.com/taxflashnews/KPMG-Flash-News-EPFO-Update-Simplifying-process-of-PF-withdrawal-for-International-Workers.pdf,Compiled from source records. EPFO does not publish a numbered rejection-code list; portal remarks are the operative text.
epfo-rr-171-a05,epfo-rr-171,"Supporting document expired — passport, medical certificate, or other time-limited proof",Validity lapsed enclosure EPFO,alias_or_portal_remark,Form_Documentation,medium,medium,https://www.epfindia.gov.in/site_docs/PDFs/MiscPDFs/FAQ_OCS_050517_1017.pdf | https://cleartax.in/s/epf-form-31 | https://epfindia.gov.in/site_docs/PDFs/Downloads_PDFs/Form19_instructions_Eng.pdf | https://www.epfindia.gov.in/site_docs/PDFs/Downloads_PDFs/Instructions_CCF_aadhar.pdf | https://www.in.kpmg.com/taxflashnews/KPMG-Flash-News-EPFO-Update-Simplifying-process-of-PF-withdrawal-for-International-Workers.pdf,Compiled from source records. EPFO does not publish a numbered rejection-code list; portal remarks are the operative text.
epfo-rr-171-official,epfo-rr-171,"Supporting document expired — passport, medical certificate, or other time-limited proof","Physical and purpose-driven claims (illness, IW passport path, certain advances) need valid-dated proofs. Expired passport for IW physical claims or stale medical certificates for illness advances cause returns.",official_or_commonly_seen_status,Form_Documentation,medium,medium,https://www.epfindia.gov.in/site_docs/PDFs/MiscPDFs/FAQ_OCS_050517_1017.pdf | https://cleartax.in/s/epf-form-31 | https://epfindia.gov.in/site_docs/PDFs/Downloads_PDFs/Form19_instructions_Eng.pdf | https://www.epfindia.gov.in/site_docs/PDFs/Downloads_PDFs/Instructions_CCF_aadhar.pdf | https://www.in.kpmg.com/taxflashnews/KPMG-Flash-News-EPFO-Update-Simplifying-process-of-PF-withdrawal-for-International-Workers.pdf,Common physical-claim hygiene issue.
epfo-rr-172-a01,epfo-rr-172,Foreign-language document without certified translation rejected,Translation missing foreign document,alias_or_portal_remark,Form_Documentation,medium,medium,https://www.epfindia.gov.in/site_docs/PDFs/Downloads_PDFs/Form20.pdf | https://kustodian.life/resources/epf-death-claim-process-india | https://www.in.kpmg.com/taxflashnews/KPMG-Flash-News-EPFO-Update-Simplifying-process-of-PF-withdrawal-for-International-Workers.pdf | https://righttoinformation.wiki/epf-death-claim-without-nominee-legal-heir-india | https://www.epfindia.gov.in/site_en/WhichClaimForm.php?id=in_sm,Compiled from source records. EPFO does not publish a numbered rejection-code list; portal remarks are the operative text.
epfo-rr-172-a02,epfo-rr-172,Foreign-language document without certified translation rejected,Non English death certificate rejected,alias_or_portal_remark,Form_Documentation,medium,medium,https://www.epfindia.gov.in/site_docs/PDFs/Downloads_PDFs/Form20.pdf | https://kustodian.life/resources/epf-death-claim-process-india | https://www.in.kpmg.com/taxflashnews/KPMG-Flash-News-EPFO-Update-Simplifying-process-of-PF-withdrawal-for-International-Workers.pdf | https://righttoinformation.wiki/epf-death-claim-without-nominee-legal-heir-india | https://www.epfindia.gov.in/site_en/WhichClaimForm.php?id=in_sm,Compiled from source records. EPFO does not publish a numbered rejection-code list; portal remarks are the operative text.
epfo-rr-172-a03,epfo-rr-172,Foreign-language document without certified translation rejected,Untranslated marriage certificate PF,alias_or_portal_remark,Form_Documentation,medium,medium,https://www.epfindia.gov.in/site_docs/PDFs/Downloads_PDFs/Form20.pdf | https://kustodian.life/resources/epf-death-claim-process-india | https://www.in.kpmg.com/taxflashnews/KPMG-Flash-News-EPFO-Update-Simplifying-process-of-PF-withdrawal-for-International-Workers.pdf | https://righttoinformation.wiki/epf-death-claim-without-nominee-legal-heir-india | https://www.epfindia.gov.in/site_en/WhichClaimForm.php?id=in_sm,Compiled from source records. EPFO does not publish a numbered rejection-code list; portal remarks are the operative text.
epfo-rr-172-a04,epfo-rr-172,Foreign-language document without certified translation rejected,Language of document not accepted,alias_or_portal_remark,Form_Documentation,medium,medium,https://www.epfindia.gov.in/site_docs/PDFs/Downloads_PDFs/Form20.pdf | https://kustodian.life/resources/epf-death-claim-process-india | https://www.in.kpmg.com/taxflashnews/KPMG-Flash-News-EPFO-Update-Simplifying-process-of-PF-withdrawal-for-International-Workers.pdf | https://righttoinformation.wiki/epf-death-claim-without-nominee-legal-heir-india | https://www.epfindia.gov.in/site_en/WhichClaimForm.php?id=in_sm,Compiled from source records. EPFO does not publish a numbered rejection-code list; portal remarks are the operative text.
epfo-rr-172-a05,epfo-rr-172,Foreign-language document without certified translation rejected,Certified translation required EPFO,alias_or_portal_remark,Form_Documentation,medium,medium,https://www.epfindia.gov.in/site_docs/PDFs/Downloads_PDFs/Form20.pdf | https://kustodian.life/resources/epf-death-claim-process-india | https://www.in.kpmg.com/taxflashnews/KPMG-Flash-News-EPFO-Update-Simplifying-process-of-PF-withdrawal-for-International-Workers.pdf | https://righttoinformation.wiki/epf-death-claim-without-nominee-legal-heir-india | https://www.epfindia.gov.in/site_en/WhichClaimForm.php?id=in_sm,Compiled from source records. EPFO does not publish a numbered rejection-code list; portal remarks are the operative text.
epfo-rr-172-official,epfo-rr-172,Foreign-language document without certified translation rejected,Death/family/IW claims sometimes include foreign civil documents. ROs commonly require English/Hindi versions or certified translations alongside originals. Untranslated enclosures are returned.,official_or_commonly_seen_status,Form_Documentation,medium,medium,https://www.epfindia.gov.in/site_docs/PDFs/Downloads_PDFs/Form20.pdf | https://kustodian.life/resources/epf-death-claim-process-india | https://www.in.kpmg.com/taxflashnews/KPMG-Flash-News-EPFO-Update-Simplifying-process-of-PF-withdrawal-for-International-Workers.pdf | https://righttoinformation.wiki/epf-death-claim-without-nominee-legal-heir-india | https://www.epfindia.gov.in/site_en/WhichClaimForm.php?id=in_sm,RO practice varies; certified translation is the usual remediation.
epfo-rr-173-a01,epfo-rr-173,Notary attestation used where gazetted or listed authority attestation is mandatory,Notary vs gazetted attestation,alias_or_portal_remark,Form_Documentation,medium,high,https://www.epfindia.gov.in/site_docs/PDFs/Circulars/Y2023-2024/SOP_WSU_new.pdf | https://www.epfindia.gov.in/site_docs/PDFs/Circulars/Y2016-2017/Composite_Claim_Forms_31792.pdf | https://www.epfindia.gov.in/site_docs/PDFs/Downloads_PDFs/Instructions_CCF_aadhar.pdf | https://epfindia.gov.in/site_docs/PDFs/Downloads_PDFs/Form19_instructions_Eng.pdf | https://epfindia.gov.in/site_docs/PDFs/OTCP_PDFs/MembersFAQ.pdf,Compiled from source records. EPFO does not publish a numbered rejection-code list; portal remarks are the operative text.
epfo-rr-173-a02,epfo-rr-173,Notary attestation used where gazetted or listed authority attestation is mandatory,Notary not accepted PF claim,alias_or_portal_remark,Form_Documentation,medium,high,https://www.epfindia.gov.in/site_docs/PDFs/Circulars/Y2023-2024/SOP_WSU_new.pdf | https://www.epfindia.gov.in/site_docs/PDFs/Circulars/Y2016-2017/Composite_Claim_Forms_31792.pdf | https://www.epfindia.gov.in/site_docs/PDFs/Downloads_PDFs/Instructions_CCF_aadhar.pdf | https://epfindia.gov.in/site_docs/PDFs/Downloads_PDFs/Form19_instructions_Eng.pdf | https://epfindia.gov.in/site_docs/PDFs/OTCP_PDFs/MembersFAQ.pdf,Compiled from source records. EPFO does not publish a numbered rejection-code list; portal remarks are the operative text.
epfo-rr-173-a03,epfo-rr-173,Notary attestation used where gazetted or listed authority attestation is mandatory,Need gazetted officer signature,alias_or_portal_remark,Form_Documentation,medium,high,https://www.epfindia.gov.in/site_docs/PDFs/Circulars/Y2023-2024/SOP_WSU_new.pdf | https://www.epfindia.gov.in/site_docs/PDFs/Circulars/Y2016-2017/Composite_Claim_Forms_31792.pdf | https://www.epfindia.gov.in/site_docs/PDFs/Downloads_PDFs/Instructions_CCF_aadhar.pdf | https://epfindia.gov.in/site_docs/PDFs/Downloads_PDFs/Form19_instructions_Eng.pdf | https://epfindia.gov.in/site_docs/PDFs/OTCP_PDFs/MembersFAQ.pdf,Compiled from source records. EPFO does not publish a numbered rejection-code list; portal remarks are the operative text.
epfo-rr-173-a04,epfo-rr-173,Notary attestation used where gazetted or listed authority attestation is mandatory,Notarised affidavit rejected EPFO,alias_or_portal_remark,Form_Documentation,medium,high,https://www.epfindia.gov.in/site_docs/PDFs/Circulars/Y2023-2024/SOP_WSU_new.pdf | https://www.epfindia.gov.in/site_docs/PDFs/Circulars/Y2016-2017/Composite_Claim_Forms_31792.pdf | https://www.epfindia.gov.in/site_docs/PDFs/Downloads_PDFs/Instructions_CCF_aadhar.pdf | https://epfindia.gov.in/site_docs/PDFs/Downloads_PDFs/Form19_instructions_Eng.pdf | https://epfindia.gov.in/site_docs/PDFs/OTCP_PDFs/MembersFAQ.pdf,Compiled from source records. EPFO does not publish a numbered rejection-code list; portal remarks are the operative text.
epfo-rr-173-a05,epfo-rr-173,Notary attestation used where gazetted or listed authority attestation is mandatory,Bank manager vs notary attestation,alias_or_portal_remark,Form_Documentation,medium,high,https://www.epfindia.gov.in/site_docs/PDFs/Circulars/Y2023-2024/SOP_WSU_new.pdf | https://www.epfindia.gov.in/site_docs/PDFs/Circulars/Y2016-2017/Composite_Claim_Forms_31792.pdf | https://www.epfindia.gov.in/site_docs/PDFs/Downloads_PDFs/Instructions_CCF_aadhar.pdf | https://epfindia.gov.in/site_docs/PDFs/Downloads_PDFs/Form19_instructions_Eng.pdf | https://epfindia.gov.in/site_docs/PDFs/OTCP_PDFs/MembersFAQ.pdf,Compiled from source records. EPFO does not publish a numbered rejection-code list; portal remarks are the operative text.
epfo-rr-173-official,epfo-rr-173,Notary attestation used where gazetted or listed authority attestation is mandatory,Some members notarise affidavits assuming equivalence to gazetted attestation. EPFO form lists and JD closed-establishment paths often require specifically gazetted officers or other named categories; notary alone is insufficient for those slots.,official_or_commonly_seen_status,Form_Documentation,medium,high,https://www.epfindia.gov.in/site_docs/PDFs/Circulars/Y2023-2024/SOP_WSU_new.pdf | https://www.epfindia.gov.in/site_docs/PDFs/Circulars/Y2016-2017/Composite_Claim_Forms_31792.pdf | https://www.epfindia.gov.in/site_docs/PDFs/Downloads_PDFs/Instructions_CCF_aadhar.pdf | https://epfindia.gov.in/site_docs/PDFs/Downloads_PDFs/Form19_instructions_Eng.pdf | https://epfindia.gov.in/site_docs/PDFs/OTCP_PDFs/MembersFAQ.pdf,Clarifies notary is not gazetted for EPFO lists.
epfo-rr-174-a01,epfo-rr-174,Captcha or portal session expiry preventing claim submission completion,Captcha failed EPFO claim,alias_or_portal_remark,Technical_Portal,low,medium,https://unifiedportal-mem.epfindia.gov.in/memberinterface/ | https://www.epfindia.gov.in/site_docs/PDFs/MiscPDFs/FAQ_OCS_050517_1017.pdf | https://web.umang.gov.in | https://pfbalancecheck.com/epfo-claim-rejected-reason/ | https://finright.in/blogs/most-common-reasons-for-epf-claim-rejections-and-tips-to-avoid-them,Compiled from source records. EPFO does not publish a numbered rejection-code list; portal remarks are the operative text.
epfo-rr-174-a02,epfo-rr-174,Captcha or portal session expiry preventing claim submission completion,Session expired while filing claim,alias_or_portal_remark,Technical_Portal,low,medium,https://unifiedportal-mem.epfindia.gov.in/memberinterface/ | https://www.epfindia.gov.in/site_docs/PDFs/MiscPDFs/FAQ_OCS_050517_1017.pdf | https://web.umang.gov.in | https://pfbalancecheck.com/epfo-claim-rejected-reason/ | https://finright.in/blogs/most-common-reasons-for-epf-claim-rejections-and-tips-to-avoid-them,Compiled from source records. EPFO does not publish a numbered rejection-code list; portal remarks are the operative text.
epfo-rr-174-a03,epfo-rr-174,Captcha or portal session expiry preventing claim submission completion,Portal timeout claim not submitted,alias_or_portal_remark,Technical_Portal,low,medium,https://unifiedportal-mem.epfindia.gov.in/memberinterface/ | https://www.epfindia.gov.in/site_docs/PDFs/MiscPDFs/FAQ_OCS_050517_1017.pdf | https://web.umang.gov.in | https://pfbalancecheck.com/epfo-claim-rejected-reason/ | https://finright.in/blogs/most-common-reasons-for-epf-claim-rejections-and-tips-to-avoid-them,Compiled from source records. EPFO does not publish a numbered rejection-code list; portal remarks are the operative text.
epfo-rr-174-a04,epfo-rr-174,Captcha or portal session expiry preventing claim submission completion,Invalid captcha member portal,alias_or_portal_remark,Technical_Portal,low,medium,https://unifiedportal-mem.epfindia.gov.in/memberinterface/ | https://www.epfindia.gov.in/site_docs/PDFs/MiscPDFs/FAQ_OCS_050517_1017.pdf | https://web.umang.gov.in | https://pfbalancecheck.com/epfo-claim-rejected-reason/ | https://finright.in/blogs/most-common-reasons-for-epf-claim-rejections-and-tips-to-avoid-them,Compiled from source records. EPFO does not publish a numbered rejection-code list; portal remarks are the operative text.
epfo-rr-174-a05,epfo-rr-174,Captcha or portal session expiry preventing claim submission completion,Login session ended mid claim,alias_or_portal_remark,Technical_Portal,low,medium,https://unifiedportal-mem.epfindia.gov.in/memberinterface/ | https://www.epfindia.gov.in/site_docs/PDFs/MiscPDFs/FAQ_OCS_050517_1017.pdf | https://web.umang.gov.in | https://pfbalancecheck.com/epfo-claim-rejected-reason/ | https://finright.in/blogs/most-common-reasons-for-epf-claim-rejections-and-tips-to-avoid-them,Compiled from source records. EPFO does not publish a numbered rejection-code list; portal remarks are the operative text.
epfo-rr-174-official,epfo-rr-174,Captcha or portal session expiry preventing claim submission completion,"Member portal sessions and captchas routinely expire. Unlike OTP expiry already covered (054), captcha/session failures often leave no claim ID — members think they were rejected when nothing was filed.",official_or_commonly_seen_status,Technical_Portal,low,medium,https://unifiedportal-mem.epfindia.gov.in/memberinterface/ | https://www.epfindia.gov.in/site_docs/PDFs/MiscPDFs/FAQ_OCS_050517_1017.pdf | https://web.umang.gov.in | https://pfbalancecheck.com/epfo-claim-rejected-reason/ | https://finright.in/blogs/most-common-reasons-for-epf-claim-rejections-and-tips-to-avoid-them,UX failure mode widely reported; low severity if no claim created.
epfo-rr-175-a01,epfo-rr-175,Employer DSC token / USB crypto device errors blocking claim or KYC approval,DSC token not detected,alias_or_portal_remark,Technical_Portal,high,high,https://www.epfindia.gov.in/site_docs/PDFs/Circulars/Y2020-2021/Faq_dsc.pdf | https://www.epfindia.gov.in/site_en/OTCP_ForEmployers.php | https://epfindia.gov.in/site_docs/PDFs/OTCP_PDFs/MembersFAQ.pdf | https://orbitcareers.com/uan-kyc-pending-for-employer-approval/ | https://unifiedportal-mem.epfindia.gov.in/memberinterface/,Compiled from source records. EPFO does not publish a numbered rejection-code list; portal remarks are the operative text.
epfo-rr-175-a02,epfo-rr-175,Employer DSC token / USB crypto device errors blocking claim or KYC approval,USB token error employer EPFO,alias_or_portal_remark,Technical_Portal,high,high,https://www.epfindia.gov.in/site_docs/PDFs/Circulars/Y2020-2021/Faq_dsc.pdf | https://www.epfindia.gov.in/site_en/OTCP_ForEmployers.php | https://epfindia.gov.in/site_docs/PDFs/OTCP_PDFs/MembersFAQ.pdf | https://orbitcareers.com/uan-kyc-pending-for-employer-approval/ | https://unifiedportal-mem.epfindia.gov.in/memberinterface/,Compiled from source records. EPFO does not publish a numbered rejection-code list; portal remarks are the operative text.
epfo-rr-175-a03,epfo-rr-175,Employer DSC token / USB crypto device errors blocking claim or KYC approval,Digital signature token failure,alias_or_portal_remark,Technical_Portal,high,high,https://www.epfindia.gov.in/site_docs/PDFs/Circulars/Y2020-2021/Faq_dsc.pdf | https://www.epfindia.gov.in/site_en/OTCP_ForEmployers.php | https://epfindia.gov.in/site_docs/PDFs/OTCP_PDFs/MembersFAQ.pdf | https://orbitcareers.com/uan-kyc-pending-for-employer-approval/ | https://unifiedportal-mem.epfindia.gov.in/memberinterface/,Compiled from source records. EPFO does not publish a numbered rejection-code list; portal remarks are the operative text.
epfo-rr-175-a04,epfo-rr-175,Employer DSC token / USB crypto device errors blocking claim or KYC approval,Crypto token driver claim stuck,alias_or_portal_remark,Technical_Portal,high,high,https://www.epfindia.gov.in/site_docs/PDFs/Circulars/Y2020-2021/Faq_dsc.pdf | https://www.epfindia.gov.in/site_en/OTCP_ForEmployers.php | https://epfindia.gov.in/site_docs/PDFs/OTCP_PDFs/MembersFAQ.pdf | https://orbitcareers.com/uan-kyc-pending-for-employer-approval/ | https://unifiedportal-mem.epfindia.gov.in/memberinterface/,Compiled from source records. EPFO does not publish a numbered rejection-code list; portal remarks are the operative text.
epfo-rr-175-a05,epfo-rr-175,Employer DSC token / USB crypto device errors blocking claim or KYC approval,DSC PIN blocked employer portal,alias_or_portal_remark,Technical_Portal,high,high,https://www.epfindia.gov.in/site_docs/PDFs/Circulars/Y2020-2021/Faq_dsc.pdf | https://www.epfindia.gov.in/site_en/OTCP_ForEmployers.php | https://epfindia.gov.in/site_docs/PDFs/OTCP_PDFs/MembersFAQ.pdf | https://orbitcareers.com/uan-kyc-pending-for-employer-approval/ | https://unifiedportal-mem.epfindia.gov.in/memberinterface/,Compiled from source records. EPFO does not publish a numbered rejection-code list; portal remarks are the operative text.
epfo-rr-175-official,epfo-rr-175,Employer DSC token / USB crypto device errors blocking claim or KYC approval,"Employer approvals for KYC, JD, and transfers need valid DSC/e-sign. Token driver failures, expired certificates, blocked PINs, or USB not detected leave member requests Pending — experienced as claim rejection. Extends 028 with device-level symptoms.",official_or_commonly_seen_status,Technical_Portal,high,high,https://www.epfindia.gov.in/site_docs/PDFs/Circulars/Y2020-2021/Faq_dsc.pdf | https://www.epfindia.gov.in/site_en/OTCP_ForEmployers.php | https://epfindia.gov.in/site_docs/PDFs/OTCP_PDFs/MembersFAQ.pdf | https://orbitcareers.com/uan-kyc-pending-for-employer-approval/ | https://unifiedportal-mem.epfindia.gov.in/memberinterface/,DSC FAQ is official; token errors are the practical manifestation.
epfo-rr-176-a01,epfo-rr-176,Mobile app vs web portal claim channel conflict or divergent submission state,UMANG vs portal claim conflict,alias_or_portal_remark,Technical_Portal,medium,high,https://web.umang.gov.in | https://unifiedportal-mem.epfindia.gov.in/memberinterface/ | https://www.epfindia.gov.in/site_docs/PDFs/MiscPDFs/FAQ_OCS_050517_1017.pdf | https://www.livemint.com/money/personal-finance/epfo-members-account-blocked-uan-no-access-passbook-kyc-pending-common-issues-how-fix-it-provident-fund-portal-umang-app-11785514948903.html | https://pfbalancecheck.com/epfo-claim-rejected-reason/,Compiled from source records. EPFO does not publish a numbered rejection-code list; portal remarks are the operative text.
epfo-rr-176-a02,epfo-rr-176,Mobile app vs web portal claim channel conflict or divergent submission state,App claim not reflecting on website,alias_or_portal_remark,Technical_Portal,medium,high,https://web.umang.gov.in | https://unifiedportal-mem.epfindia.gov.in/memberinterface/ | https://www.epfindia.gov.in/site_docs/PDFs/MiscPDFs/FAQ_OCS_050517_1017.pdf | https://www.livemint.com/money/personal-finance/epfo-members-account-blocked-uan-no-access-passbook-kyc-pending-common-issues-how-fix-it-provident-fund-portal-umang-app-11785514948903.html | https://pfbalancecheck.com/epfo-claim-rejected-reason/,Compiled from source records. EPFO does not publish a numbered rejection-code list; portal remarks are the operative text.
epfo-rr-176-a03,epfo-rr-176,Mobile app vs web portal claim channel conflict or divergent submission state,Filed on app rejected on portal,alias_or_portal_remark,Technical_Portal,medium,high,https://web.umang.gov.in | https://unifiedportal-mem.epfindia.gov.in/memberinterface/ | https://www.epfindia.gov.in/site_docs/PDFs/MiscPDFs/FAQ_OCS_050517_1017.pdf | https://www.livemint.com/money/personal-finance/epfo-members-account-blocked-uan-no-access-passbook-kyc-pending-common-issues-how-fix-it-provident-fund-portal-umang-app-11785514948903.html | https://pfbalancecheck.com/epfo-claim-rejected-reason/,Compiled from source records. EPFO does not publish a numbered rejection-code list; portal remarks are the operative text.
epfo-rr-176-a04,epfo-rr-176,Mobile app vs web portal claim channel conflict or divergent submission state,Duplicate claim app and web,alias_or_portal_remark,Technical_Portal,medium,high,https://web.umang.gov.in | https://unifiedportal-mem.epfindia.gov.in/memberinterface/ | https://www.epfindia.gov.in/site_docs/PDFs/MiscPDFs/FAQ_OCS_050517_1017.pdf | https://www.livemint.com/money/personal-finance/epfo-members-account-blocked-uan-no-access-passbook-kyc-pending-common-issues-how-fix-it-provident-fund-portal-umang-app-11785514948903.html | https://pfbalancecheck.com/epfo-claim-rejected-reason/,Compiled from source records. EPFO does not publish a numbered rejection-code list; portal remarks are the operative text.
epfo-rr-176-a05,epfo-rr-176,Mobile app vs web portal claim channel conflict or divergent submission state,Channel mismatch mobile web EPFO,alias_or_portal_remark,Technical_Portal,medium,high,https://web.umang.gov.in | https://unifiedportal-mem.epfindia.gov.in/memberinterface/ | https://www.epfindia.gov.in/site_docs/PDFs/MiscPDFs/FAQ_OCS_050517_1017.pdf | https://www.livemint.com/money/personal-finance/epfo-members-account-blocked-uan-no-access-passbook-kyc-pending-common-issues-how-fix-it-provident-fund-portal-umang-app-11785514948903.html | https://pfbalancecheck.com/epfo-claim-rejected-reason/,Compiled from source records. EPFO does not publish a numbered rejection-code list; portal remarks are the operative text.
epfo-rr-176-official,epfo-rr-176,Mobile app vs web portal claim channel conflict or divergent submission state,UMANG and member portal share backend eligibility but can show divergent statuses (already partly in 055/130). Filing on both channels creates duplicate-in-process rejects.,official_or_commonly_seen_status,Technical_Portal,medium,high,https://web.umang.gov.in | https://unifiedportal-mem.epfindia.gov.in/memberinterface/ | https://www.epfindia.gov.in/site_docs/PDFs/MiscPDFs/FAQ_OCS_050517_1017.pdf | https://www.livemint.com/money/personal-finance/epfo-members-account-blocked-uan-no-access-passbook-kyc-pending-common-issues-how-fix-it-provident-fund-portal-umang-app-11785514948903.html | https://pfbalancecheck.com/epfo-claim-rejected-reason/,Combines known UMANG sync issues into an explicit channel-conflict reason.
epfo-rr-177-a01,epfo-rr-177,Browser PDF or image upload exceeds size/type limits on claim or KYC forms,PDF upload size limit EPFO,alias_or_portal_remark,Technical_Portal,low,medium,https://unifiedportal-mem.epfindia.gov.in/memberinterface/ | https://www.epfindia.gov.in/site_docs/PDFs/MiscPDFs/FAQ_OCS_050517_1017.pdf | https://www.epfindia.gov.in/site_docs/PDFs/Circulars/Y2025-2026/Circular_RemovalOfUploadingImage.pdf | https://www.epfindia.gov.in/site_docs/PDFs/Downloads_PDFs/Instructions_CCF_aadhar.pdf | https://www.livemint.com/money/personal-finance/epfo-top-reasons-your-employees-provident-fund-settlement-claims-rejected-explained-epf-scheme-document-errors-mismatch-11783073513956.html,Compiled from source records. EPFO does not publish a numbered rejection-code list; portal remarks are the operative text.
epfo-rr-177-a02,epfo-rr-177,Browser PDF or image upload exceeds size/type limits on claim or KYC forms,File too large claim document,alias_or_portal_remark,Technical_Portal,low,medium,https://unifiedportal-mem.epfindia.gov.in/memberinterface/ | https://www.epfindia.gov.in/site_docs/PDFs/MiscPDFs/FAQ_OCS_050517_1017.pdf | https://www.epfindia.gov.in/site_docs/PDFs/Circulars/Y2025-2026/Circular_RemovalOfUploadingImage.pdf | https://www.epfindia.gov.in/site_docs/PDFs/Downloads_PDFs/Instructions_CCF_aadhar.pdf | https://www.livemint.com/money/personal-finance/epfo-top-reasons-your-employees-provident-fund-settlement-claims-rejected-explained-epf-scheme-document-errors-mismatch-11783073513956.html,Compiled from source records. EPFO does not publish a numbered rejection-code list; portal remarks are the operative text.
epfo-rr-177-a03,epfo-rr-177,Browser PDF or image upload exceeds size/type limits on claim or KYC forms,Upload failed invalid format,alias_or_portal_remark,Technical_Portal,low,medium,https://unifiedportal-mem.epfindia.gov.in/memberinterface/ | https://www.epfindia.gov.in/site_docs/PDFs/MiscPDFs/FAQ_OCS_050517_1017.pdf | https://www.epfindia.gov.in/site_docs/PDFs/Circulars/Y2025-2026/Circular_RemovalOfUploadingImage.pdf | https://www.epfindia.gov.in/site_docs/PDFs/Downloads_PDFs/Instructions_CCF_aadhar.pdf | https://www.livemint.com/money/personal-finance/epfo-top-reasons-your-employees-provident-fund-settlement-claims-rejected-explained-epf-scheme-document-errors-mismatch-11783073513956.html,Compiled from source records. EPFO does not publish a numbered rejection-code list; portal remarks are the operative text.
epfo-rr-177-a04,epfo-rr-177,Browser PDF or image upload exceeds size/type limits on claim or KYC forms,Image size exceeded KYC,alias_or_portal_remark,Technical_Portal,low,medium,https://unifiedportal-mem.epfindia.gov.in/memberinterface/ | https://www.epfindia.gov.in/site_docs/PDFs/MiscPDFs/FAQ_OCS_050517_1017.pdf | https://www.epfindia.gov.in/site_docs/PDFs/Circulars/Y2025-2026/Circular_RemovalOfUploadingImage.pdf | https://www.epfindia.gov.in/site_docs/PDFs/Downloads_PDFs/Instructions_CCF_aadhar.pdf | https://www.livemint.com/money/personal-finance/epfo-top-reasons-your-employees-provident-fund-settlement-claims-rejected-explained-epf-scheme-document-errors-mismatch-11783073513956.html,Compiled from source records. EPFO does not publish a numbered rejection-code list; portal remarks are the operative text.
epfo-rr-177-a05,epfo-rr-177,Browser PDF or image upload exceeds size/type limits on claim or KYC forms,Attachment too big member portal,alias_or_portal_remark,Technical_Portal,low,medium,https://unifiedportal-mem.epfindia.gov.in/memberinterface/ | https://www.epfindia.gov.in/site_docs/PDFs/MiscPDFs/FAQ_OCS_050517_1017.pdf | https://www.epfindia.gov.in/site_docs/PDFs/Circulars/Y2025-2026/Circular_RemovalOfUploadingImage.pdf | https://www.epfindia.gov.in/site_docs/PDFs/Downloads_PDFs/Instructions_CCF_aadhar.pdf | https://www.livemint.com/money/personal-finance/epfo-top-reasons-your-employees-provident-fund-settlement-claims-rejected-explained-epf-scheme-document-errors-mismatch-11783073513956.html,Compiled from source records. EPFO does not publish a numbered rejection-code list; portal remarks are the operative text.
epfo-rr-177-official,epfo-rr-177,Browser PDF or image upload exceeds size/type limits on claim or KYC forms,"Portal uploads for cheques, proofs, and enclosures enforce size/type constraints. Oversized phone photos or multi-page unscanned PDFs fail silently or with generic upload errors, leaving claim incomplete.",official_or_commonly_seen_status,Technical_Portal,low,medium,https://unifiedportal-mem.epfindia.gov.in/memberinterface/ | https://www.epfindia.gov.in/site_docs/PDFs/MiscPDFs/FAQ_OCS_050517_1017.pdf | https://www.epfindia.gov.in/site_docs/PDFs/Circulars/Y2025-2026/Circular_RemovalOfUploadingImage.pdf | https://www.epfindia.gov.in/site_docs/PDFs/Downloads_PDFs/Instructions_CCF_aadhar.pdf | https://www.livemint.com/money/personal-finance/epfo-top-reasons-your-employees-provident-fund-settlement-claims-rejected-explained-epf-scheme-document-errors-mismatch-11783073513956.html,Generic web-upload constraint; exact MB limit varies by screen.
epfo-rr-178-a01,epfo-rr-178,Concurrent Form 31 advance and Form 19 final settlement conflict,Form 31 and Form 19 together rejected,alias_or_portal_remark,Eligibility_Service,high,high,https://www.epfindia.gov.in/site_en/WhichClaimForm.php?id=in_sm | https://www.epfindia.gov.in/site_docs/PDFs/MiscPDFs/FAQ_OCS_050517_1017.pdf | https://www.epfindia.gov.in/site_docs/PDFs/MiscPDFs/OCS_FAQ_Eligibility_102017.pdf | https://cleartax.in/c/pf-withdrawal-online | https://finright.in/blogs/most-common-reasons-for-epf-claim-rejections-and-tips-to-avoid-them,Compiled from source records. EPFO does not publish a numbered rejection-code list; portal remarks are the operative text.
epfo-rr-178-a02,epfo-rr-178,Concurrent Form 31 advance and Form 19 final settlement conflict,Cannot file advance and final settlement same time,alias_or_portal_remark,Eligibility_Service,high,high,https://www.epfindia.gov.in/site_en/WhichClaimForm.php?id=in_sm | https://www.epfindia.gov.in/site_docs/PDFs/MiscPDFs/FAQ_OCS_050517_1017.pdf | https://www.epfindia.gov.in/site_docs/PDFs/MiscPDFs/OCS_FAQ_Eligibility_102017.pdf | https://cleartax.in/c/pf-withdrawal-online | https://finright.in/blogs/most-common-reasons-for-epf-claim-rejections-and-tips-to-avoid-them,Compiled from source records. EPFO does not publish a numbered rejection-code list; portal remarks are the operative text.
epfo-rr-178-a03,epfo-rr-178,Concurrent Form 31 advance and Form 19 final settlement conflict,Partial and full withdrawal conflict,alias_or_portal_remark,Eligibility_Service,high,high,https://www.epfindia.gov.in/site_en/WhichClaimForm.php?id=in_sm | https://www.epfindia.gov.in/site_docs/PDFs/MiscPDFs/FAQ_OCS_050517_1017.pdf | https://www.epfindia.gov.in/site_docs/PDFs/MiscPDFs/OCS_FAQ_Eligibility_102017.pdf | https://cleartax.in/c/pf-withdrawal-online | https://finright.in/blogs/most-common-reasons-for-epf-claim-rejections-and-tips-to-avoid-them,Compiled from source records. EPFO does not publish a numbered rejection-code list; portal remarks are the operative text.
epfo-rr-178-a04,epfo-rr-178,Concurrent Form 31 advance and Form 19 final settlement conflict,Form 19 blocked due to Form 31 pending,alias_or_portal_remark,Eligibility_Service,high,high,https://www.epfindia.gov.in/site_en/WhichClaimForm.php?id=in_sm | https://www.epfindia.gov.in/site_docs/PDFs/MiscPDFs/FAQ_OCS_050517_1017.pdf | https://www.epfindia.gov.in/site_docs/PDFs/MiscPDFs/OCS_FAQ_Eligibility_102017.pdf | https://cleartax.in/c/pf-withdrawal-online | https://finright.in/blogs/most-common-reasons-for-epf-claim-rejections-and-tips-to-avoid-them,Compiled from source records. EPFO does not publish a numbered rejection-code list; portal remarks are the operative text.
epfo-rr-178-a05,epfo-rr-178,Concurrent Form 31 advance and Form 19 final settlement conflict,Simultaneous 31 and 19 claims,alias_or_portal_remark,Eligibility_Service,high,high,https://www.epfindia.gov.in/site_en/WhichClaimForm.php?id=in_sm | https://www.epfindia.gov.in/site_docs/PDFs/MiscPDFs/FAQ_OCS_050517_1017.pdf | https://www.epfindia.gov.in/site_docs/PDFs/MiscPDFs/OCS_FAQ_Eligibility_102017.pdf | https://cleartax.in/c/pf-withdrawal-online | https://finright.in/blogs/most-common-reasons-for-epf-claim-rejections-and-tips-to-avoid-them,Compiled from source records. EPFO does not publish a numbered rejection-code list; portal remarks are the operative text.
epfo-rr-178-official,epfo-rr-178,Concurrent Form 31 advance and Form 19 final settlement conflict,Form 19 requires exit and waiting rules; Form 31 is typically an in-service advance. Filing both concurrently conflicts with employment-status logic and duplicate-claim controls. Portal rejects or returns one/both.,official_or_commonly_seen_status,Eligibility_Service,high,high,https://www.epfindia.gov.in/site_en/WhichClaimForm.php?id=in_sm | https://www.epfindia.gov.in/site_docs/PDFs/MiscPDFs/FAQ_OCS_050517_1017.pdf | https://www.epfindia.gov.in/site_docs/PDFs/MiscPDFs/OCS_FAQ_Eligibility_102017.pdf | https://cleartax.in/c/pf-withdrawal-online | https://finright.in/blogs/most-common-reasons-for-epf-claim-rejections-and-tips-to-avoid-them,Logic from official form matrix plus duplicate rules.
epfo-rr-179-a01,epfo-rr-179,Second Form 31 withdrawal for the same purpose filed too soon / frequency limit exceeded,Second withdrawal same purpose too soon,alias_or_portal_remark,Eligibility_Service,high,medium,https://cleartax.in/s/epf-form-31 | https://labourlawadvisor.in/blog/wp-content/uploads/2019/08/PF-Advance-Rules.pdf | https://www.epfindia.gov.in/site_docs/PDFs/MiscPDFs/OCS_FAQ_Eligibility_102017.pdf | https://knowmoney.in/blog/epfo-3-withdrawal-rules-india-2026 | https://www.epfindia.gov.in/site_docs/PDFs/Circulars/Y2016-2017/Composite_Claim_Forms_31792.pdf,Compiled from source records. EPFO does not publish a numbered rejection-code list; portal remarks are the operative text.
epfo-rr-179-a02,epfo-rr-179,Second Form 31 withdrawal for the same purpose filed too soon / frequency limit exceeded,Form 31 frequency limit,alias_or_portal_remark,Eligibility_Service,high,medium,https://cleartax.in/s/epf-form-31 | https://labourlawadvisor.in/blog/wp-content/uploads/2019/08/PF-Advance-Rules.pdf | https://www.epfindia.gov.in/site_docs/PDFs/MiscPDFs/OCS_FAQ_Eligibility_102017.pdf | https://knowmoney.in/blog/epfo-3-withdrawal-rules-india-2026 | https://www.epfindia.gov.in/site_docs/PDFs/Circulars/Y2016-2017/Composite_Claim_Forms_31792.pdf,Compiled from source records. EPFO does not publish a numbered rejection-code list; portal remarks are the operative text.
epfo-rr-179-a03,epfo-rr-179,Second Form 31 withdrawal for the same purpose filed too soon / frequency limit exceeded,Marriage advance already availed,alias_or_portal_remark,Eligibility_Service,high,medium,https://cleartax.in/s/epf-form-31 | https://labourlawadvisor.in/blog/wp-content/uploads/2019/08/PF-Advance-Rules.pdf | https://www.epfindia.gov.in/site_docs/PDFs/MiscPDFs/OCS_FAQ_Eligibility_102017.pdf | https://knowmoney.in/blog/epfo-3-withdrawal-rules-india-2026 | https://www.epfindia.gov.in/site_docs/PDFs/Circulars/Y2016-2017/Composite_Claim_Forms_31792.pdf,Compiled from source records. EPFO does not publish a numbered rejection-code list; portal remarks are the operative text.
epfo-rr-179-a04,epfo-rr-179,Second Form 31 withdrawal for the same purpose filed too soon / frequency limit exceeded,Housing advance only once,alias_or_portal_remark,Eligibility_Service,high,medium,https://cleartax.in/s/epf-form-31 | https://labourlawadvisor.in/blog/wp-content/uploads/2019/08/PF-Advance-Rules.pdf | https://www.epfindia.gov.in/site_docs/PDFs/MiscPDFs/OCS_FAQ_Eligibility_102017.pdf | https://knowmoney.in/blog/epfo-3-withdrawal-rules-india-2026 | https://www.epfindia.gov.in/site_docs/PDFs/Circulars/Y2016-2017/Composite_Claim_Forms_31792.pdf,Compiled from source records. EPFO does not publish a numbered rejection-code list; portal remarks are the operative text.
epfo-rr-179-a05,epfo-rr-179,Second Form 31 withdrawal for the same purpose filed too soon / frequency limit exceeded,Repeat purpose Form 31 rejected,alias_or_portal_remark,Eligibility_Service,high,medium,https://cleartax.in/s/epf-form-31 | https://labourlawadvisor.in/blog/wp-content/uploads/2019/08/PF-Advance-Rules.pdf | https://www.epfindia.gov.in/site_docs/PDFs/MiscPDFs/OCS_FAQ_Eligibility_102017.pdf | https://knowmoney.in/blog/epfo-3-withdrawal-rules-india-2026 | https://www.epfindia.gov.in/site_docs/PDFs/Circulars/Y2016-2017/Composite_Claim_Forms_31792.pdf,Compiled from source records. EPFO does not publish a numbered rejection-code list; portal remarks are the operative text.
epfo-rr-179-official,epfo-rr-179,Second Form 31 withdrawal for the same purpose filed too soon / frequency limit exceeded,Many Form 31 purposes historically allow limited frequency (e.g. marriage advances limited times; housing often once). Portal remarks include not eligible for the reason selected even when service months look fine. Scheme 2026 explainers regroup purposes but frequency caps may still apply — verify live portal.,official_or_commonly_seen_status,Eligibility_Service,high,medium,https://cleartax.in/s/epf-form-31 | https://labourlawadvisor.in/blog/wp-content/uploads/2019/08/PF-Advance-Rules.pdf | https://www.epfindia.gov.in/site_docs/PDFs/MiscPDFs/OCS_FAQ_Eligibility_102017.pdf | https://knowmoney.in/blog/epfo-3-withdrawal-rules-india-2026 | https://www.epfindia.gov.in/site_docs/PDFs/Circulars/Y2016-2017/Composite_Claim_Forms_31792.pdf,Frequency limits from historical Form 31 tables; 2026 regrouping medium confidence.
epfo-rr-180-a01,epfo-rr-180,Nominee or family filed death-style claim while member is still alive,Nominee claim member alive,alias_or_portal_remark,Eligibility_Service,critical,high,https://www.epfindia.gov.in/site_en/WhichClaimForm.php?id=in_sm | https://www.epfindia.gov.in/site_docs/PDFs/Downloads_PDFs/Form20.pdf | https://www.epfindia.gov.in/site_docs/PDFs/MiscPDFs/FAQ_OCS_050517_1017.pdf | https://kustodian.life/resources/epf-death-claim-process-india | https://unifiedportal-mem.epfindia.gov.in/memberinterface/,Compiled from source records. EPFO does not publish a numbered rejection-code list; portal remarks are the operative text.
epfo-rr-180-a02,epfo-rr-180,Nominee or family filed death-style claim while member is still alive,Form 20 filed but member living,alias_or_portal_remark,Eligibility_Service,critical,high,https://www.epfindia.gov.in/site_en/WhichClaimForm.php?id=in_sm | https://www.epfindia.gov.in/site_docs/PDFs/Downloads_PDFs/Form20.pdf | https://www.epfindia.gov.in/site_docs/PDFs/MiscPDFs/FAQ_OCS_050517_1017.pdf | https://kustodian.life/resources/epf-death-claim-process-india | https://unifiedportal-mem.epfindia.gov.in/memberinterface/,Compiled from source records. EPFO does not publish a numbered rejection-code list; portal remarks are the operative text.
epfo-rr-180-a03,epfo-rr-180,Nominee or family filed death-style claim while member is still alive,Death claim on living member,alias_or_portal_remark,Eligibility_Service,critical,high,https://www.epfindia.gov.in/site_en/WhichClaimForm.php?id=in_sm | https://www.epfindia.gov.in/site_docs/PDFs/Downloads_PDFs/Form20.pdf | https://www.epfindia.gov.in/site_docs/PDFs/MiscPDFs/FAQ_OCS_050517_1017.pdf | https://kustodian.life/resources/epf-death-claim-process-india | https://unifiedportal-mem.epfindia.gov.in/memberinterface/,Compiled from source records. EPFO does not publish a numbered rejection-code list; portal remarks are the operative text.
epfo-rr-180-a04,epfo-rr-180,Nominee or family filed death-style claim while member is still alive,Family claimed PF without death,alias_or_portal_remark,Eligibility_Service,critical,high,https://www.epfindia.gov.in/site_en/WhichClaimForm.php?id=in_sm | https://www.epfindia.gov.in/site_docs/PDFs/Downloads_PDFs/Form20.pdf | https://www.epfindia.gov.in/site_docs/PDFs/MiscPDFs/FAQ_OCS_050517_1017.pdf | https://kustodian.life/resources/epf-death-claim-process-india | https://unifiedportal-mem.epfindia.gov.in/memberinterface/,Compiled from source records. EPFO does not publish a numbered rejection-code list; portal remarks are the operative text.
epfo-rr-180-a05,epfo-rr-180,Nominee or family filed death-style claim while member is still alive,Life status mismatch nominee filing,alias_or_portal_remark,Eligibility_Service,critical,high,https://www.epfindia.gov.in/site_en/WhichClaimForm.php?id=in_sm | https://www.epfindia.gov.in/site_docs/PDFs/Downloads_PDFs/Form20.pdf | https://www.epfindia.gov.in/site_docs/PDFs/MiscPDFs/FAQ_OCS_050517_1017.pdf | https://kustodian.life/resources/epf-death-claim-process-india | https://unifiedportal-mem.epfindia.gov.in/memberinterface/,Compiled from source records. EPFO does not publish a numbered rejection-code list; portal remarks are the operative text.
epfo-rr-180-official,epfo-rr-180,Nominee or family filed death-style claim while member is still alive,Portal life-status checks and backend validation reject death claims when member is marked alive (related remark patterns in 113). Filing Form 20/5IF without a registered death is treated as serious mismatch and may trigger fraud review.,official_or_commonly_seen_status,Eligibility_Service,critical,high,https://www.epfindia.gov.in/site_en/WhichClaimForm.php?id=in_sm | https://www.epfindia.gov.in/site_docs/PDFs/Downloads_PDFs/Form20.pdf | https://www.epfindia.gov.in/site_docs/PDFs/MiscPDFs/FAQ_OCS_050517_1017.pdf | https://kustodian.life/resources/epf-death-claim-process-india | https://unifiedportal-mem.epfindia.gov.in/memberinterface/,Complements life-status mismatch technical remark 113 with nominee-filed edge.
epfo-rr-181-a01,epfo-rr-181,UAN activation attempted on member portal after shift to UMANG Face Authentication only,UAN activation removed from portal,alias_or_portal_remark,Technical_Portal,high,high,https://www.epfindia.gov.in/site_docs/PDFs/Circulars/Y2025-2026/AllotmentAndActivationOfUAN_UMANGAppUsingFAT.pdf | https://taxguru.in/corporate-law/epfo-uan-activation-umang-app-face-authentication.html | https://www.livemint.com/money/personal-finance/epfo-members-account-blocked-uan-no-access-passbook-kyc-pending-common-issues-how-fix-it-provident-fund-portal-umang-app-11785514948903.html | https://www.businesstoday.in/personal-finance/news/story/epfo-revamps-unified-member-portal-uan-activation-shifts-to-umang-what-it-means-for-subscribers-540985-2026-07-04 | https://web.umang.gov.in,Compiled from source records. EPFO does not publish a numbered rejection-code list; portal remarks are the operative text.
epfo-rr-181-a02,epfo-rr-181,UAN activation attempted on member portal after shift to UMANG Face Authentication only,Activate UAN only on UMANG,alias_or_portal_remark,Technical_Portal,high,high,https://www.epfindia.gov.in/site_docs/PDFs/Circulars/Y2025-2026/AllotmentAndActivationOfUAN_UMANGAppUsingFAT.pdf | https://taxguru.in/corporate-law/epfo-uan-activation-umang-app-face-authentication.html | https://www.livemint.com/money/personal-finance/epfo-members-account-blocked-uan-no-access-passbook-kyc-pending-common-issues-how-fix-it-provident-fund-portal-umang-app-11785514948903.html | https://www.businesstoday.in/personal-finance/news/story/epfo-revamps-unified-member-portal-uan-activation-shifts-to-umang-what-it-means-for-subscribers-540985-2026-07-04 | https://web.umang.gov.in,Compiled from source records. EPFO does not publish a numbered rejection-code list; portal remarks are the operative text.
epfo-rr-181-a03,epfo-rr-181,UAN activation attempted on member portal after shift to UMANG Face Authentication only,Portal UAN activation discontinued,alias_or_portal_remark,Technical_Portal,high,high,https://www.epfindia.gov.in/site_docs/PDFs/Circulars/Y2025-2026/AllotmentAndActivationOfUAN_UMANGAppUsingFAT.pdf | https://taxguru.in/corporate-law/epfo-uan-activation-umang-app-face-authentication.html | https://www.livemint.com/money/personal-finance/epfo-members-account-blocked-uan-no-access-passbook-kyc-pending-common-issues-how-fix-it-provident-fund-portal-umang-app-11785514948903.html | https://www.businesstoday.in/personal-finance/news/story/epfo-revamps-unified-member-portal-uan-activation-shifts-to-umang-what-it-means-for-subscribers-540985-2026-07-04 | https://web.umang.gov.in,Compiled from source records. EPFO does not publish a numbered rejection-code list; portal remarks are the operative text.
epfo-rr-181-a04,epfo-rr-181,UAN activation attempted on member portal after shift to UMANG Face Authentication only,Must use UMANG face auth for UAN,alias_or_portal_remark,Technical_Portal,high,high,https://www.epfindia.gov.in/site_docs/PDFs/Circulars/Y2025-2026/AllotmentAndActivationOfUAN_UMANGAppUsingFAT.pdf | https://taxguru.in/corporate-law/epfo-uan-activation-umang-app-face-authentication.html | https://www.livemint.com/money/personal-finance/epfo-members-account-blocked-uan-no-access-passbook-kyc-pending-common-issues-how-fix-it-provident-fund-portal-umang-app-11785514948903.html | https://www.businesstoday.in/personal-finance/news/story/epfo-revamps-unified-member-portal-uan-activation-shifts-to-umang-what-it-means-for-subscribers-540985-2026-07-04 | https://web.umang.gov.in,Compiled from source records. EPFO does not publish a numbered rejection-code list; portal remarks are the operative text.
epfo-rr-181-a05,epfo-rr-181,UAN activation attempted on member portal after shift to UMANG Face Authentication only,Cannot activate UAN on website anymore,alias_or_portal_remark,Technical_Portal,high,high,https://www.epfindia.gov.in/site_docs/PDFs/Circulars/Y2025-2026/AllotmentAndActivationOfUAN_UMANGAppUsingFAT.pdf | https://taxguru.in/corporate-law/epfo-uan-activation-umang-app-face-authentication.html | https://www.livemint.com/money/personal-finance/epfo-members-account-blocked-uan-no-access-passbook-kyc-pending-common-issues-how-fix-it-provident-fund-portal-umang-app-11785514948903.html | https://www.businesstoday.in/personal-finance/news/story/epfo-revamps-unified-member-portal-uan-activation-shifts-to-umang-what-it-means-for-subscribers-540985-2026-07-04 | https://web.umang.gov.in,Compiled from source records. EPFO does not publish a numbered rejection-code list; portal remarks are the operative text.
epfo-rr-181-official,epfo-rr-181,UAN activation attempted on member portal after shift to UMANG Face Authentication only,"2025-26 EPFO communications and news (Business Today, Mint) state UAN allotment/activation moved to UMANG with Aadhaar Face Authentication; website activation paths discontinued. Members hitting dead portal links believe claims are rejected when UAN was never activated.",official_or_commonly_seen_status,Technical_Portal,high,high,https://www.epfindia.gov.in/site_docs/PDFs/Circulars/Y2025-2026/AllotmentAndActivationOfUAN_UMANGAppUsingFAT.pdf | https://taxguru.in/corporate-law/epfo-uan-activation-umang-app-face-authentication.html | https://www.livemint.com/money/personal-finance/epfo-members-account-blocked-uan-no-access-passbook-kyc-pending-common-issues-how-fix-it-provident-fund-portal-umang-app-11785514948903.html | https://www.businesstoday.in/personal-finance/news/story/epfo-revamps-unified-member-portal-uan-activation-shifts-to-umang-what-it-means-for-subscribers-540985-2026-07-04 | https://web.umang.gov.in,2025-26 channel shift; cite FAT circular and contemporary news.
mos-2026-03-01,epfo-rr-047,Incomplete or incorrectly filled claim application,incomplete or incorrect claim forms,parliamentary_reply_bucket,Form_Documentation,medium,high,https://www.outlookmoney.com/retirement/pension/epf-claim-settlement-why-epfo-rejects-the-claims-and-what-subscribers-can-do | https://www.financialexpress.com/money/epfo-pension-rules-settlement-in-20-days-but-heres-why-many-eps-claims-still-get-rejected-4168274/,"Minister of State for Labour and Employment written reply in Lok Sabha (9 Mar 2026), as reported. These are government-stated common causes, not portal codes. Mapped to the closest existing canonical record; a bucket can cover several records."
mos-2026-03-02,epfo-rr-002,"Date of birth mismatch across UAN, Aadhaar, and PAN",mismatch in date of birth,parliamentary_reply_bucket,KYC_Identity,high,high,https://www.outlookmoney.com/retirement/pension/epf-claim-settlement-why-epfo-rejects-the-claims-and-what-subscribers-can-do | https://www.financialexpress.com/money/epfo-pension-rules-settlement-in-20-days-but-heres-why-many-eps-claims-still-get-rejected-4168274/,"Minister of State for Labour and Employment written reply in Lok Sabha (9 Mar 2026), as reported. These are government-stated common causes, not portal codes. Mapped to the closest existing canonical record; a bucket can cover several records."
mos-2026-03-03,epfo-rr-024,Date of exit (DOE) not updated by employer in EPFO service history,mismatch in exit date,parliamentary_reply_bucket,Employer_Related,critical,high,https://www.outlookmoney.com/retirement/pension/epf-claim-settlement-why-epfo-rejects-the-claims-and-what-subscribers-can-do | https://www.financialexpress.com/money/epfo-pension-rules-settlement-in-20-days-but-heres-why-many-eps-claims-still-get-rejected-4168274/,"Minister of State for Labour and Employment written reply in Lok Sabha (9 Mar 2026), as reported. These are government-stated common causes, not portal codes. Mapped to the closest existing canonical record; a bucket can cover several records."
mos-2026-03-04,epfo-rr-001,Name mismatch between Aadhaar and UAN/EPFO records,mismatch in Aadhaar details,parliamentary_reply_bucket,KYC_Identity,critical,high,https://www.outlookmoney.com/retirement/pension/epf-claim-settlement-why-epfo-rejects-the-claims-and-what-subscribers-can-do | https://www.financialexpress.com/money/epfo-pension-rules-settlement-in-20-days-but-heres-why-many-eps-claims-still-get-rejected-4168274/,"Minister of State for Labour and Employment written reply in Lok Sabha (9 Mar 2026), as reported. These are government-stated common causes, not portal codes. Mapped to the closest existing canonical record; a bucket can cover several records."
mos-2026-03-05,epfo-rr-017,Incorrect bank account number entered in KYC or claim,mismatch in bank details,parliamentary_reply_bucket,Bank_Payment,high,high,https://www.outlookmoney.com/retirement/pension/epf-claim-settlement-why-epfo-rejects-the-claims-and-what-subscribers-can-do | https://www.financialexpress.com/money/epfo-pension-rules-settlement-in-20-days-but-heres-why-many-eps-claims-still-get-rejected-4168274/,"Minister of State for Labour and Employment written reply in Lok Sabha (9 Mar 2026), as reported. These are government-stated common causes, not portal codes. Mapped to the closest existing canonical record; a bucket can cover several records."
mos-2026-03-06,epfo-rr-062,"Death certificate missing, unreadable, or particulars not matching UAN records",non-submission of required documents such as death certificate,parliamentary_reply_bucket,Nominee_Death,critical,high,https://www.outlookmoney.com/retirement/pension/epf-claim-settlement-why-epfo-rejects-the-claims-and-what-subscribers-can-do | https://www.financialexpress.com/money/epfo-pension-rules-settlement-in-20-days-but-heres-why-many-eps-claims-still-get-rejected-4168274/,"Minister of State for Labour and Employment written reply in Lok Sabha (9 Mar 2026), as reported. These are government-stated common causes, not portal codes. Mapped to the closest existing canonical record; a bucket can cover several records."
mos-2026-03-07,epfo-rr-063,Legal heir or succession certificate missing when there is no valid nomination,non-submission of legal heir certificate,parliamentary_reply_bucket,Nominee_Death,high,high,https://www.outlookmoney.com/retirement/pension/epf-claim-settlement-why-epfo-rejects-the-claims-and-what-subscribers-can-do | https://www.financialexpress.com/money/epfo-pension-rules-settlement-in-20-days-but-heres-why-many-eps-claims-still-get-rejected-4168274/,"Minister of State for Labour and Employment written reply in Lok Sabha (9 Mar 2026), as reported. These are government-stated common causes, not portal codes. Mapped to the closest existing canonical record; a bucket can cover several records."
mos-2026-03-08,epfo-rr-029,Employer PF/EPS contribution not deposited or ECR not filed for relevant months,contribution-related discrepancies,parliamentary_reply_bucket,Employer_Related,high,high,https://www.outlookmoney.com/retirement/pension/epf-claim-settlement-why-epfo-rejects-the-claims-and-what-subscribers-can-do | https://www.financialexpress.com/money/epfo-pension-rules-settlement-in-20-days-but-heres-why-many-eps-claims-still-get-rejected-4168274/,"Minister of State for Labour and Employment written reply in Lok Sabha (9 Mar 2026), as reported. These are government-stated common causes, not portal codes. Mapped to the closest existing canonical record; a bucket can cover several records."
mos-2026-03-09,epfo-rr-043,Wrong claim form selected for the member's situation,incorrect claim form,parliamentary_reply_bucket,Eligibility_Service,high,high,https://www.outlookmoney.com/retirement/pension/epf-claim-settlement-why-epfo-rejects-the-claims-and-what-subscribers-can-do | https://www.financialexpress.com/money/epfo-pension-rules-settlement-in-20-days-but-heres-why-many-eps-claims-still-get-rejected-4168274/,"Minister of State for Labour and Employment written reply in Lok Sabha (9 Mar 2026), as reported. These are government-stated common causes, not portal codes. Mapped to the closest existing canonical record; a bucket can cover several records."
