id,rejection_reason,aliases,category,claim_types_affected,severity,official_status_or_message,what_it_means,root_cause,how_detected,fix_steps,required_documents,who_acts,prevention_tips,related_reason_ids,source_urls,source_types,confidence,last_verified,notes
epfo-rr-001,Name mismatch between Aadhaar and UAN/EPFO records,Name not matching with Aadhaar | Member details mismatch | Demographic details mismatch | Name spelling discrepancy | Name/DOB mismatch | Name mismatch with Aadhaar | Demographic mismatch name | Name spelling discrepancy Aadhaar vs UAN | Mohd vs Mohammad name reject | Name as per Aadhaar not matching EPFO | Member name differ from UIDAI | SMS: Claim Rejected Name Mismatch,KYC_Identity,Form 19 PF Final Settlement | Form 10C Pension Withdrawal Benefit | Form 10D Monthly Pension | Form 31 Partial Withdrawal/Advance | Form 13 Transfer | Form 20 Death PF Settlement | Form 5IF EDLI Death Insurance | Composite Claim Form | UMANG/Member Portal Online Claim | International Worker Claim,critical,"Commonly shown as: 'Name not matching with Aadhaar', 'Member details mismatch', or 'Name mismatch with Aadhaar.' EPFO does not publish a single numeric rejection code for this; the portal remark is the operative text.","Online and Aadhaar-authenticated claims require the member's name in the EPFO/UAN database to match UIDAI Aadhaar demographics character-for-character (or within the system's matching rules). A mismatch is one of the most frequent reasons claims are auto-rejected or never even submitted. Typical traps include extra/missing middle names, initials versus expanded names (K. vs Kumar), spacing, spelling variants (Mohd vs Mohammad, Sandeep K. Sharma vs Sandeep Kumar), honorifics (Mr/Mrs/Dr), and married-name changes not updated on both sides. Because e-KYC pulls Aadhaar data at claim time via OTP consent to UIDAI, the portal can reject even if KYC looks 'uploaded'. Death, transfer, pension, and EDLI claims fail the same way if the deceased or claimant name does not match Aadhaar. This is a data-quality block, not a finding that the member is ineligible for PF.","EPFO seeded Aadhaar against a UAN profile whose name was captured from old employer Form 11/2 records, paper-era member sheets, or a different spelling convention than UIDAI. The online claim settlement FAQ requires Aadhaar to be seeded and OTP-based e-KYC from UIDAI at submission. The Joint Declaration SOP (JD/2022/1) exists specifically because name mismatches cause claim rejections and identity-fraud risk. Bank passbook name may also differ, compounding the failure at payment stage.","Member portal: Manage > KYC and View Personal Details vs Aadhaar card. Claim status remarks after submission. UIDAI e-KYC call at OTP time. Employer/EPFO field office comparison of Form 2/11 vs Aadhaar. For death claims, claimant and deceased names are checked against Aadhaar and nomination.","Read the exact portal remark and screenshot Track Claim status. | Compare UAN name, Aadhaar name, PAN name, and bank account name letter by letter, including spaces and initials. | If only EPFO is wrong and Aadhaar is correct: use Manage > Joint Declaration (or Modify Basic Details) to request name correction to match Aadhaar; authenticate with Aadhaar OTP. | Upload supporting ID proofs as required for minor vs major name change under the Joint Declaration SOP (Aadhaar is mandatory; major changes need more documents, e.g. passport/PAN/school certificate; full name change may need Gazette notification). | Get the present employer to digitally approve the Joint Declaration (e-sign/DSC). Previous employers generally cannot modify another establishment's member ID. | If the employer is closed, file a physical Joint Declaration attested by an authorised official (gazetted officer, bank manager of the claimant's account, MP/MLA, etc.) at the jurisdictional EPFO office. | If Aadhaar itself is wrong, first update Aadhaar at UIDAI, wait for the update, then re-seed. | Wait until KYC/name shows Verified and matches, then resubmit the claim once. Do not refile the same day. | If stuck, raise EPFiGMS quoting UAN, claim ID, and the exact remark.",Aadhaar/e-Aadhaar (mandatory for JD name change) | PAN or passport or school leaving/SSC certificate | Bank passbook with photo and stamp (if used as supporting ID) | Gazette notification for full/first-name change | Employer e-sign or closed-establishment attestation,mixed,"At joining, fill Form 11 with the exact Aadhaar name; do not use office nicknames or initials if Aadhaar is expanded. | After marriage or legal name change, update Aadhaar first, then UAN via Joint Declaration, then bank KYC. | Before any claim, print or screenshot Personal Details and KYC and compare with Aadhaar. | Never file a claim while name KYC is Pending or Failed.",epfo-rr-002 | epfo-rr-003 | epfo-rr-012 | epfo-rr-013 | epfo-rr-014 | epfo-rr-020,https://www.epfindia.gov.in/site_docs/PDFs/MiscPDFs/FAQ_OCS_050517_1017.pdf | https://www.epfindia.gov.in/site_docs/PDFs/Circulars/Y2023-2024/SOP_WSU_new.pdf | https://taxguru.in/corporate-law/epfo-joint-declaration-process-member-profile-updation.html | https://www.livemint.com/money/personal-finance/epfo-top-reasons-your-employees-provident-fund-settlement-claims-rejected-explained-epf-scheme-document-errors-mismatch-11783073513956.html | https://cleartax.in/c/pf-withdrawal-online | https://www.outlookmoney.com/retirement/pension/epf-claim-settlement-why-epfo-rejects-the-claims-and-what-subscribers-can-do | https://economictimes.indiatimes.com/wealth/invest/epf-members-can-do-kyc-correction-in-provident-fund-account-online-here-is-a-step-by-step-guide-to-do-it/articleshow/108634621.cms | https://unifiedportal-mem.epfindia.gov.in/memberinterface/,official | circular | news | blog,high,2026-09-12,Official OCS FAQ requires Aadhaar seeding and UIDAI OTP e-KYC for online claims. JD SOP lists member name as parameter 1 and states profile mismatches lead to claim rejections. No numeric EPFO 'rejection code' is published; do not invent one.
epfo-rr-002,"Date of birth mismatch across UAN, Aadhaar, and PAN",DOB differs from Aadhaar | DOB not matching | Date of birth mismatch | DOB discrepancy | DOB mismatch Aadhaar | Wrong date of birth on UAN | DOB not matching Aadhaar | Date of birth discrepancy PAN Aadhaar UAN | SMS: DOB mismatch claim rejected,KYC_Identity,Form 19 PF Final Settlement | Form 10C Pension Withdrawal Benefit | Form 10D Monthly Pension | Form 31 Partial Withdrawal/Advance | Form 13 Transfer | Form 20 Death PF Settlement | Form 5IF EDLI Death Insurance | Composite Claim Form | UMANG/Member Portal Online Claim | International Worker Claim,high,"Commonly shown as: 'DOB differs from Aadhaar', 'DOB not matching', or grouped under demographic/member details mismatch. Pension (Form 10D) additionally depends on correct DOB for age 50/58 eligibility.","EPFO treats date of birth as a core identity and eligibility field. A one-day error, DD-MM swapped with MM-DD, or a year that differs from Aadhaar/PAN will fail e-KYC matching and can also make the member appear too young for pension or still below retirement. The Joint Declaration SOP classifies DOB change of more than 3 years as a major correction (higher approving authority) and 3 years or less as minor. Pension claims are especially sensitive because superannuation pension is tied to age 58, reduced early pension to age 50–57, and service rounding. A wrong DOB can also affect whether the member is treated as an International Worker or as a minor nominee guardian case.","Legacy employer records, Form 11 data-entry errors, school-certificate vs Aadhaar conflicts, or PAN DOB not matching UIDAI. Online claims authenticate against Aadhaar demographics. Historical EPFO circulars (referenced in the JD SOP) tightly controlled DOB changes because they affect EPS pensionable age.",Compare View Personal Details DOB with Aadhaar and PAN. Claim remark. Form 10D age-eligibility check. Field office scrutiny of school/birth certificates vs UAN.,"Note UAN DOB, Aadhaar DOB, and PAN DOB. Decide which document set is legally correct. | If UAN is wrong and deviation is <=3 years, file online Joint Declaration (minor DOB change) with Aadhaar plus another DOB proof (birth certificate, school marksheet, passport, PAN). | If deviation is >3 years, file a major JD with at least three prescribed proofs; approval is at a higher EPFO authority. | Get employer digital approval; for closed establishments use physical JD with authorised attestation. | DOB can generally be changed only once under Table 6 of SOP JD/2022/1; treat this as a one-shot correction. | After approval, re-check Personal Details, then resubmit the claim.",Aadhaar | Birth certificate issued by Registrar of Births and Deaths (preferred) | School leaving/SSC marksheet with DOB | Passport and/or PAN | Medical certificate + court-authenticated affidavit only if other proofs are absent (SOP list),mixed,Enter DOB from Aadhaar on Form 11 at joining. | Do not 'adjust' DOB to appear older/younger for any benefit. | Verify DOB in service history before filing Form 10D.,epfo-rr-001 | epfo-rr-013 | epfo-rr-014 | epfo-rr-038,https://www.epfindia.gov.in/site_docs/PDFs/Circulars/Y2023-2024/SOP_WSU_new.pdf | https://taxguru.in/corporate-law/epfo-joint-declaration-process-member-profile-updation.html | https://www.epfindia.gov.in/site_docs/PDFs/MiscPDFs/FAQ_OCS_050517_1017.pdf | https://www.financialexpress.com/money/epfo-pension-rules-settlement-in-20-days-but-heres-why-many-eps-claims-still-get-rejected-4168274/ | https://www.etnownews.com/personal-finance/epfo-pension-rules-why-eps-claims-get-rejected-govt-reveals-basis-errors-kyc-aadhaar-and-more-article-153801634 | https://finright.in/blogs/most-common-reasons-for-epf-claim-rejections-and-tips-to-avoid-them,official | circular | news | blog,high,2026-09-12,SOP JD/2022/1 Table 2: DOB >3 years = major; <=3 years = minor. Frequency of DOB change allowed: 1.
epfo-rr-003,Father's or mother's name mismatch in UAN versus Aadhaar,Father name mismatch | Parent name discrepancy | Husband name vs father name | Relationship parameter mismatch,KYC_Identity,Form 19 PF Final Settlement | Form 10C Pension Withdrawal Benefit | Form 10D Monthly Pension | Form 31 Partial Withdrawal/Advance | Form 13 Transfer | Form 20 Death PF Settlement | Form 5IF EDLI Death Insurance | Composite Claim Form | UMANG/Member Portal Online Claim | International Worker Claim,high,"Often bundled into 'member details mismatch' or flagged during Joint Declaration / KYC. Mint (Jul 2026) lists father's name as a demographic field that must match across EPFO, Aadhaar, and bank records.","EPFO stores a parent/spouse relationship field (father or mother or husband depending on how Form 2/11 was filled). Aadhaar also has a parent/husband field. If UAN shows father's name while Aadhaar shows husband (or different spelling, missing surname, initials), UIDAI match or field-office scrutiny can reject the claim. Married women are frequently affected because some employers recorded husband's name in the 'father/husband' box while Aadhaar still shows the father, or vice versa. Death claims and nominations also use this field to identify the member.","Form 2/11 'father or husband' ambiguity, data entry of initials, and the JD SOP treating father/mother name as a distinct parameter (major if expanded or phonetically changed). Relationship (father vs mother) is a separate minor parameter.",Personal Details vs Aadhaar parent/husband name. JD request remarks. Death-claim file noting.,"Confirm whether UAN stores father, mother, or husband, and compare with Aadhaar. | File Joint Declaration for Father/Mother Name and/or Relationship. Expanding a name or inserting a name for the first time is a major change. | Attach Aadhaar plus parent-name proofs from SOP Annexure-C (passport of parent, ration/PDS card, birth certificate, government marriage certificate, etc.). | Employer e-approves; EPFO processes per minor/major matrix. | For married-name/relationship issues, also update marital status if needed in the same JD (SOP says basic identity fields should be corrected in one go). | Resubmit claim after the profile shows the corrected parent name.",Aadhaar showing parent/husband name | Parent passport or birth certificate or ration card | Government-issued marriage certificate if husband name is involved,mixed,"On Form 11/2, copy the parent name exactly as on Aadhaar. | Do not mix husband and father fields. | Correct parent name before first claim, not after rejection.",epfo-rr-001 | epfo-rr-013 | epfo-rr-064,https://www.epfindia.gov.in/site_docs/PDFs/Circulars/Y2023-2024/SOP_WSU_new.pdf | https://taxguru.in/corporate-law/epfo-joint-declaration-process-member-profile-updation.html | https://www.livemint.com/money/personal-finance/epfo-top-reasons-your-employees-provident-fund-settlement-claims-rejected-explained-epf-scheme-document-errors-mismatch-11783073513956.html | https://economictimes.indiatimes.com/wealth/invest/epf-members-can-do-kyc-correction-in-provident-fund-account-online-here-is-a-step-by-step-guide-to-do-it/articleshow/108634621.cms,official | circular | news,high,2026-09-12,SOP parameters 4 (Father/Mother Name) and 5 (Relationship). Father name change frequency allowed: 1.
epfo-rr-004,Gender mismatch between UAN profile and Aadhaar,Gender not matching | Sex mismatch in member profile | Male/Female/Others discrepancy,KYC_Identity,Form 19 PF Final Settlement | Form 10C Pension Withdrawal Benefit | Form 10D Monthly Pension | Form 31 Partial Withdrawal/Advance | Form 13 Transfer | Form 20 Death PF Settlement | Form 5IF EDLI Death Insurance | Composite Claim Form | UMANG/Member Portal Online Claim | International Worker Claim,medium,"Usually part of demographic/member details mismatch rather than a unique published code. Gender is parameter 2 in SOP JD/2022/1 (minor change, generally once).","If UAN gender does not match Aadhaar gender, e-KYC and some claim validations fail. This is less common than name/DOB errors but appears in data-entry from Form 11 (wrong tick) and in cases of legal gender change not updated on both Aadhaar and UAN. Family pension logic (widow/widower) also depends on gender/relationship data being consistent.",Incorrect gender marked at UAN generation or employer onboarding; Aadhaar later different; or legal gender update done only on one ID.,Personal Details vs Aadhaar. KYC/e-KYC failure. JD workflow.,"Confirm Aadhaar gender is correct; update UIDAI first if Aadhaar is wrong. | File Joint Declaration for Gender (minor). SOP lists gender change as allowed once. | Attach Aadhaar (mandatory) plus another photo ID from Annexure-A. | Employer approves; after EPFO posts the change, resubmit the claim.",Aadhaar | Passport or other photo ID from SOP Annexure-A,mixed,"Tick gender on Form 11 exactly as Aadhaar. | After a legal gender change, update Aadhaar then UAN together.",epfo-rr-001 | epfo-rr-013,https://www.epfindia.gov.in/site_docs/PDFs/Circulars/Y2023-2024/SOP_WSU_new.pdf | https://taxguru.in/corporate-law/epfo-joint-declaration-process-member-profile-updation.html | https://pfbalancecheck.com/epfo-claim-rejected-reason/,official | circular | blog,high,2026-09-12,Gender classified as minor in SOP Table 2; frequency 1.
epfo-rr-005,Aadhaar not seeded or not verified against UAN,Aadhaar not linked | Aadhaar not verified | KYC pending Aadhaar | Aadhaar seeding pending | UAN not linked with Aadhaar | Aadhaar not seeded with UAN | Aadhaar KYC pending | Link Aadhaar before claim | Aadhaar seeding mandatory for online claim | SMS: KYC Pending Aadhaar,KYC_Identity,Form 19 PF Final Settlement | Form 10C Pension Withdrawal Benefit | Form 10D Monthly Pension | Form 31 Partial Withdrawal/Advance | Form 13 Transfer | Composite Claim Form | UMANG/Member Portal Online Claim | Form 20 Death PF Settlement | Form 5IF EDLI Death Insurance,critical,"Official OCS FAQ: member's Aadhaar details should be seeded in EPFO database and the member should avail OTP-based facility for verifying e-KYC from UIDAI while submitting the claim. Portal remarks: 'KYC pending', 'Aadhaar not verified'.","Seeding means the 12-digit Aadhaar number is stored against the UAN and UIDAI has confirmed a demographic match. Without verified Aadhaar, the member generally cannot file Aadhaar-based online claims on the member portal or UMANG, and cannot use Composite Claim Form (Aadhaar) without employer attestation. Physical/non-Aadhaar routes still exist but are slower and need employer attestation. Limited classes of members (certain international workers, some Nepal/Bhutan workers, some foreign-citizen former Indian workers) may settle physical claims without Aadhaar under circular dated 29.11.2024, but a UAN is still mandatory.",Member never seeded Aadhaar; seeding failed demographic match; employer never digitally approved KYC; or Aadhaar mobile not available for OTP.,Manage > KYC shows Aadhaar as Not uploaded / Pending / Failed rather than Verified. Online claim menu may be disabled or submission fails at OTP.,"Login to unified member portal > Manage > KYC > enter Aadhaar number and name exactly as printed on Aadhaar. | Complete UIDAI OTP authentication so status becomes Verified (green). | If the portal requires employer approval, ask HR to digitally approve Aadhaar KYC; follow up until status is Verified, not merely uploaded. | If name/DOB prevent seeding, first complete Joint Declaration (see related reasons), then seed. | If Aadhaar is linked to another UAN, complete UAN merge/delink first (epfo-rr-011, epfo-rr-046). | International workers who left India without Aadhaar should not keep retrying online seeding; use the physical-claim exemption circular instead (epfo-rr-074). | Only after Verified status, file the claim.",Aadhaar/e-Aadhaar | Aadhaar-registered mobile for OTP | Employer digital approval if the portal still routes KYC to employer,mixed,"Seed Aadhaar immediately after UAN allotment, not at resignation. | Keep the Aadhaar mobile number active. | Confirm Verified status, not just that the number is displayed.",epfo-rr-001 | epfo-rr-008 | epfo-rr-010 | epfo-rr-011 | epfo-rr-049 | epfo-rr-074,https://www.epfindia.gov.in/site_docs/PDFs/MiscPDFs/FAQ_OCS_050517_1017.pdf | https://www.epfindia.gov.in/site_docs/PDFs/MiscPDFs/OCS_FAQ_Eligibility_102017.pdf | https://www.epfindia.gov.in/site_docs/PDFs/Downloads_PDFs/Instructions_CCF_aadhar.pdf | https://taxguru.in/corporate-law/epfo-clarifies-physical-claim-settlement-seeding-aadhaar.html | https://cleartax.in/c/pf-withdrawal-online | https://unifiedportal-mem.epfindia.gov.in/memberinterface/,official | circular | blog,high,2026-09-12,OCS FAQ Q2(b) is the primary official requirement. 29.11.2024 circular WSU/2020/Claim settlement without UAN-clarification/8726 is the Aadhaar-seed waiver for specified IW/NRI classes only.
epfo-rr-006,PAN not seeded for PF final settlement when service is less than five years,PAN not linked | PAN KYC pending | PAN required for Form 19 | PAN not verified,KYC_Identity,Form 19 PF Final Settlement | Composite Claim Form | UMANG/Member Portal Online Claim,high,Official OCS FAQ: Permanent Account Number (PAN) should be seeded in EPFO database for PF Final Settlement Claims in case his/her service is less than 5 years.,"For Form 19 final settlement, if total continuous EPF service is under five years, the withdrawal is generally taxable and EPFO requires PAN in the database so TDS can be applied at the correct rate. If PAN is missing, the claim can be rejected or processed with much higher TDS (commonly reported as maximum marginal rate / ~30% when PAN is not available, versus 10% if PAN is seeded and amount exceeds the TDS threshold). Even when service is over five years, unverified PAN can still block some KYC-complete checks. PAN name/DOB must also match Aadhaar/UAN or seeding itself fails.",PAN never uploaded; employer did not approve PAN KYC; PAN-Aadhaar linking not done with Income Tax; or PAN demographics differ from UAN.,Manage > KYC PAN status not Verified. OCS eligibility check when Form 19 selected and service <5 years. TDS deduction in settlement advice.,"Seed PAN under Manage > KYC with name exactly as on PAN. | Ensure PAN is linked with Aadhaar on the Income Tax portal if required for verification. | If PAN name/DOB differ from UAN, correct UAN via JD or get PAN corrected with NSDL/UTIITSL first. | Wait for Verified status; then resubmit Form 19. | If income is below taxable limit, also understand Form 15G/15H with the bank/EPFO tax process (see epfo-rr-078); that does not replace PAN seeding.",PAN card or e-PAN | Aadhaar (for PAN-Aadhaar link) | Employer KYC approval if prompted,member,Seed PAN along with Aadhaar and bank at first job. | Do not wait until a taxable Form 19 to upload PAN.,epfo-rr-014 | epfo-rr-010 | epfo-rr-078,https://www.epfindia.gov.in/site_docs/PDFs/MiscPDFs/FAQ_OCS_050517_1017.pdf | https://www.epfindia.gov.in/site_docs/PDFs/MiscPDFs/OCS_FAQ_Eligibility_102017.pdf | https://cleartax.in/c/pf-withdrawal-online | https://unifiedportal-mem.epfindia.gov.in/memberinterface/,official | blog,high,2026-09-12,OCS FAQ Q2(d). Exact TDS percentages are Income-tax rules and can change; verify current TDS circulars. This dataset does not invent an EPFO rejection code.
epfo-rr-007,UAN not activated or member portal credentials not usable,Inactive UAN | UAN not activated | Unable to login member portal | UAN not generated,KYC_Identity,Form 19 PF Final Settlement | Form 10C Pension Withdrawal Benefit | Form 10D Monthly Pension | Form 31 Partial Withdrawal/Advance | Form 13 Transfer | Composite Claim Form | UMANG/Member Portal Online Claim | UMANG/Member Portal Online Claim | International Worker Claim,critical,Official OCS FAQ: the member should have activated his/her Universal Account Number and the mobile number used for activating UAN should be in working condition.,"Activation means the member has claimed the UAN, set a password, and registered a mobile number. Unactivated UANs cannot file online claims, UMANG claims, e-nomination, or Joint Declaration. Some members have a UAN printed on payslips but never activated it; others lost the registered mobile. Composite Claim Form (Aadhaar) also requires an activated UAN.",Member never completed Activate UAN; mobile used at activation is dead; password forgotten and self-reset fails because KYC/mobile is stale; or employer never allotted/communicated UAN.,Cannot log in. Activate UAN flow still available. OCS front-end blocks claim. Employer portal shows UAN unclaimed.,"On the member portal choose Activate UAN; enter UAN, member ID, Aadhaar/PAN as asked, and a working mobile. | If UAN is unknown, use Know Your UAN with Aadhaar/PAN/member ID on epfindia.gov.in. | If the old mobile is dead, use the portal's mobile change after Aadhaar OTP, or get employer to update registered mobile. | Reset password via Aadhaar OTP once Aadhaar is seeded. | If no UAN exists (rare for current employees), employer must generate UAN and file ECR against it. | Activate, complete KYC, then file the claim.",UAN or member ID | Aadhaar or PAN | Working mobile number,mixed,Activate UAN the week it is allotted. | Keep the registered mobile alive or update it immediately on change. | Store UAN and registered email securely.,epfo-rr-009 | epfo-rr-005 | epfo-rr-054,https://www.epfindia.gov.in/site_docs/PDFs/MiscPDFs/FAQ_OCS_050517_1017.pdf | https://www.epfindia.gov.in/site_docs/PDFs/Downloads_PDFs/Instructions_CCF_aadhar.pdf | https://cleartax.in/c/pf-withdrawal-online | https://hrsoftwaredelhi.com/pf-withdrawal-process/ | https://unifiedportal-mem.epfindia.gov.in/memberinterface/,official | blog,high,2026-09-12,OCS FAQ Q2(a).
epfo-rr-008,Aadhaar OTP or UIDAI e-KYC authentication failed at claim submission,Aadhaar OTP not received | e-KYC failed | UIDAI authentication failure | OTP based Aadhaar verification failed | Aadhaar OTP failed at claim | UIDAI e-KYC authentication failed | OTP not received from UIDAI | eKYC consent failed,KYC_Identity,Form 19 PF Final Settlement | Form 10C Pension Withdrawal Benefit | Form 10D Monthly Pension | Form 31 Partial Withdrawal/Advance | Composite Claim Form | UMANG/Member Portal Online Claim | Form 13 Transfer,high,Official OCS FAQ: members applying online are required to authenticate claim submission using OTP sent to their UIDAI registered mobile number giving consent to UIDAI to share their e-KYC (Aadhaar) credentials to EPFO.,"Even with Aadhaar seeded, the claim is not complete until UIDAI sends an OTP to the Aadhaar-registered mobile and the member consents to share e-KYC. Failures look like 'claim not submitted', session timeout, or a later rejection if a stale KYC snapshot was used. Common causes: Aadhaar mobile is a family member's number, DND, UIDAI outage, entering UAN-registered mobile instead of Aadhaar mobile, or biometric lock issues when using certain UIDAI flows.",UIDAI mobile not updated; OTP expiry; consent not completed; name/DOB fail the live UIDAI match even if old seeding succeeded.,No OTP on Aadhaar mobile; 'invalid OTP'; claim acknowledgement never generated; e-KYC error on screen.,"Check which mobile is registered on UIDAI (myAadhaar / enrolment slip), not merely the UAN mobile. | Update Aadhaar mobile at an Aadhaar centre or via myAadhaar if eligible, then retry after UIDAI reflects the change. | Unlock Aadhaar biometrics if locked, and ensure Aadhaar is not deactivated. | Retry e-KYC at a low-traffic time; do not refresh mid-OTP. | If live e-KYC now fails due to name/DOB, fix UAN via Joint Declaration first. | As fallback, use Composite Claim Form (Non-Aadhaar) with employer attestation, or physical claim at the field office.",Aadhaar | Access to Aadhaar-registered mobile | Fallback: physical composite claim + employer attestation,member,Keep Aadhaar and UAN on the same mobile when possible. | Test Aadhaar OTP (UMANG/myAadhaar) before filing a time-sensitive claim.,epfo-rr-005 | epfo-rr-009 | epfo-rr-054 | epfo-rr-049,https://www.epfindia.gov.in/site_docs/PDFs/MiscPDFs/FAQ_OCS_050517_1017.pdf | https://www.epfindia.gov.in/site_docs/PDFs/MiscPDFs/OCS_FAQ_Eligibility_102017.pdf | https://unifiedportal-mem.epfindia.gov.in/memberinterface/,official,high,2026-09-12,OCS FAQ Q11. No invented error code.
epfo-rr-009,"Registered mobile number inactive, not Aadhaar-linked, or not receiving EPFO/UIDAI OTPs",Mobile number not working | UAN mobile mismatch | OTP not received on registered mobile,KYC_Identity,Form 19 PF Final Settlement | Form 10C Pension Withdrawal Benefit | Form 10D Monthly Pension | Form 31 Partial Withdrawal/Advance | Form 13 Transfer | Composite Claim Form | UMANG/Member Portal Online Claim | UMANG/Member Portal Online Claim,high,"OCS FAQ requires the mobile used for activating UAN to be in working condition, and claim OTP to go to the UIDAI-registered mobile.","Two mobiles can be in play: (1) UAN-registered mobile for login/password and some SMS alerts; (2) Aadhaar-registered mobile for e-KYC and online claim OTP. If either is dead, SIM reissued without number portability completed, or DND-blocked, the member cannot finish login, JD, e-nomination, or claims. Some members update only UAN mobile and then cannot get Aadhaar OTP.",SIM change without updating UIDAI and EPFO; dual-mobile confusion; operator filtering of OTPs.,Login OTP never arrives; claim OTP never arrives; SMS alerts stop.,"List both numbers: UAN mobile (portal profile) and Aadhaar mobile (UIDAI). | Update UAN mobile via portal (Aadhaar OTP) or employer. | Update Aadhaar mobile via UIDAI if that is the broken one. | Disable DND for transactional SMS; retry OTP. | If completely locked out, visit the regional EPFO office with Aadhaar and a request to update contact, or use employer helpdesk.",Aadhaar | Proof of new mobile if office requires it | Employer request letter if portal self-service fails,mixed,"Use one active number for both Aadhaar and UAN. | After MNP/SIM swap, test OTP the same day.",epfo-rr-007 | epfo-rr-008 | epfo-rr-054,https://www.epfindia.gov.in/site_docs/PDFs/MiscPDFs/FAQ_OCS_050517_1017.pdf | https://unifiedportal-mem.epfindia.gov.in/memberinterface/ | https://pfbalancecheck.com/epfo-claim-rejected-reason/,official | blog,high,2026-09-12,
epfo-rr-010,KYC uploaded but pending employer digital verification,KYC pending | KYC not approved | KYC pending for employer approval | Unverified KYC | Green tick missing on KYC | KYC uploaded but not verified | Employer approval pending KYC | SMS: Claim Rejected KYC Pending,KYC_Identity,Form 19 PF Final Settlement | Form 10C Pension Withdrawal Benefit | Form 10D Monthly Pension | Form 31 Partial Withdrawal/Advance | Composite Claim Form | UMANG/Member Portal Online Claim | Form 13 Transfer | Form 20 Death PF Settlement,critical,"Portal: 'KYC pending' / 'KYC not verified' / 'KYC not approved'. Aadhaar, PAN and bank must typically show Verified, not merely displayed.","Uploading Aadhaar/PAN/bank on the member portal is not the same as verified KYC. Many establishments must digitally approve KYC with DSC/e-sign. Members file claims while status is Pending; EPFO then rejects. Bank KYC may also need the bank/NPCI to confirm the account. Until all three are Verified, online claims are unsafe to file.","Employer DSC expired, HR inaction, establishment marked closed so KYC never lands, or bank has not confirmed the account.",Manage > KYC column: Pending / Rejected / Failed. Employer dashboard pending KYC list.,"Screenshot KYC status for Aadhaar, PAN, and Bank separately. | Email HR with UAN and ask to approve pending KYC in the employer unified portal using a valid DSC/e-sign. | If DSC is expired, employer must renew it (related: epfo-rr-028). | If bank KYC is pending, confirm with the bank that the account can receive NPCI/EPFO credits and that name matches. | If employer is closed, take KYC and a physical claim/JD to the field office for seeding/approval under closed-establishment process. | Reapply only after every required KYC row is Verified.","Aadhaar, PAN, cancelled cheque/passbook as applicable | Employer DSC/e-sign | Closed-establishment attestation if employer defunct",mixed,"Check KYC monthly, not only at exit. | Do not file claims in the pending window. | Ask new employers to approve KYC in the first week.",epfo-rr-005 | epfo-rr-016 | epfo-rr-028 | epfo-rr-030,https://www.epfindia.gov.in/site_docs/PDFs/MiscPDFs/FAQ_OCS_050517_1017.pdf | https://finright.in/blogs/most-common-reasons-for-epf-claim-rejections-and-tips-to-avoid-them | https://pfbalancecheck.com/epfo-claim-rejected-reason/ | https://hrsoftwaredelhi.com/pf-withdrawal-process/ | https://www.reddit.com/r/india/comments/1tp295c/epfo_rejected_your_pf_claim_dont_panic_after/,official | blog | forum,high,2026-09-12,Forum reports used only as secondary confirmation of the Pending vs Verified distinction.
epfo-rr-011,Aadhaar already linked to another UAN,Aadhaar linked with different UAN | Duplicate UAN Aadhaar conflict | Cannot seed Aadhaar already used,KYC_Identity,Form 19 PF Final Settlement | Form 10C Pension Withdrawal Benefit | Form 10D Monthly Pension | Form 31 Partial Withdrawal/Advance | Form 13 Transfer | Form 20 Death PF Settlement | Form 5IF EDLI Death Insurance | Composite Claim Form | UMANG/Member Portal Online Claim | International Worker Claim,high,Typically a seeding error on Manage > KYC rather than a post-claim remark. Members see that Aadhaar cannot be linked because it is already associated with another UAN.,"UIDAI number is unique; EPFO generally allows one Aadhaar–UAN pair. Job-changers sometimes get a second UAN instead of the employer linking the old one. Then Aadhaar is trapped on the first UAN, so KYC on the new UAN fails and claims/transfers on either side break. The durable fix is to merge/transfer member IDs into one UAN and deactivate the extra UAN, not to keep filing claims on both.",Employer generated a fresh UAN instead of tagging the existing one on Form 11; member did not disclose old UAN.,Aadhaar seeding error; Know Your UAN returns two numbers; service history split.,"Identify all UANs via Know Your UAN, old payslips, and passbooks. | Keep the UAN that already has Aadhaar seeded as the surviving UAN where possible. | Request the current employer to link old member IDs / file transfer (Form 13) into the surviving UAN. | Use EPFO's UAN merge / multiple UAN functionality if available on the portal, or raise EPFiGMS for deactivation of the extra UAN. | Do not attempt to change Aadhaar number casually; Aadhaar parameter changes are major under the JD SOP and allowed once. | After a single UAN holds all member IDs and verified KYC, file the claim.",All UAN numbers and member IDs | Aadhaar | Old and current payslips/passbooks | Form 13 transfer acknowledgements,mixed,Always give the existing UAN on Form 11 at a new job. | Never tick 'no previous PF' if you had EPF before.,epfo-rr-046 | epfo-rr-005 | epfo-rr-073,https://www.epfindia.gov.in/site_docs/PDFs/MiscPDFs/FAQ_OCS_050517_1017.pdf | https://www.epfindia.gov.in/site_docs/PDFs/Circulars/Y2023-2024/SOP_WSU_new.pdf | https://finright.in/blogs/most-common-reasons-for-epf-claim-rejections-and-tips-to-avoid-them | https://zerodha.com/z-connect/varsity/epfo-claim-rejections-what-is-service-overlap-and-how-to-merge-pf-accounts,official | blog,high,2026-09-12,"SOP treats Aadhaar number change as major, allowed once. Merge process UI labels vary; use official portal + EPFiGMS rather than agents."
epfo-rr-012,"Name mismatch caused by initials, honorifics, extra spaces, or expanded vs abbreviated middle name",Initial vs expanded name | Mr/Mrs/Dr prefix in UAN | Extra space in name | Sandeep K vs Sandeep Kumar,KYC_Identity,Form 19 PF Final Settlement | Form 10C Pension Withdrawal Benefit | Form 10D Monthly Pension | Form 31 Partial Withdrawal/Advance | Form 13 Transfer | Form 20 Death PF Settlement | Form 5IF EDLI Death Insurance | Composite Claim Form | UMANG/Member Portal Online Claim | International Worker Claim,high,Same family of remarks as name mismatch. SOP JD/2022/1 treats removing salutations like Shri/Dr/Mr/Mrs/Miss as a minor name change; expanding the name is major.,"This is the practical subtype of name mismatch that catches people who think 'the name is basically the same'. EPFO/UIDAI matching is strict. 'Sandeep K. Sharma' vs 'Sandeep Kumar Sharma', 'Ravi K.' vs 'Ravi Kumar', double spaces, and a 'Mr.' prefix are enough. The SOP explicitly maps removing salutations to minor and expanding the name to major, which tells you EPFO considers these material differences.",HR typed initials; payroll used a short name; Aadhaar has the expanded legal name.,Side-by-side character comparison; UIDAI match fail; JD classification into minor vs major.,"Write both names on paper including spaces and dots. | If only salutations must be removed: minor Joint Declaration with Aadhaar plus one more ID. | If initials must be expanded: major JD with Aadhaar plus additional IDs (typically three documents). | Do not 'fix' Aadhaar to a payroll nickname; align EPFO to Aadhaar unless Aadhaar itself is legally wrong. | After approval, re-seed KYC and refile.",Aadhaar | PAN/passport/school certificate as needed for minor vs major | Gazette if it is a true legal name change rather than expansion,mixed,Copy Aadhaar name with a photo of the Aadhaar on the Form 11 desk. | Ban honorifics in payroll PF names.,epfo-rr-001 | epfo-rr-013,https://www.epfindia.gov.in/site_docs/PDFs/Circulars/Y2023-2024/SOP_WSU_new.pdf | https://taxguru.in/corporate-law/epfo-joint-declaration-process-member-profile-updation.html | https://www.livemint.com/money/personal-finance/epfo-top-reasons-your-employees-provident-fund-settlement-claims-rejected-explained-epf-scheme-document-errors-mismatch-11783073513956.html | https://cleartax.in/c/pf-withdrawal-online | https://finright.in/blogs/most-common-reasons-for-epf-claim-rejections-and-tips-to-avoid-them,official | circular | news | blog,high,2026-09-12,Canonical related reason is epfo-rr-001; this record exists because the SOP's minor/major split and the initials pattern are operationally distinct.
epfo-rr-013,"Joint Declaration for profile correction pending, returned, or rejected",JD pending with employer | Joint declaration rejected | Profile correction not approved | Modify basic details rejected | Joint Declaration pending claim blocked | JD returned by employer | Modify basic details under process,KYC_Identity,Form 19 PF Final Settlement | Form 10C Pension Withdrawal Benefit | Form 10D Monthly Pension | Form 31 Partial Withdrawal/Advance | Form 13 Transfer | Form 20 Death PF Settlement | Form 5IF EDLI Death Insurance | Composite Claim Form | UMANG/Member Portal Online Claim | International Worker Claim,high,"Tracked under member portal Joint Declaration / Update Details Processed Requests. Employer may return with comments; EPFO approver may reject specifying grounds. SOP timelines: minor T+7 days, major T+15 days at field office after DA receipt (plus 3 days if referred to EO).","When name/DOB/parent/DOJ/DOE/Aadhaar etc. are wrong, the claim will keep failing until a Joint Declaration is approved. If the JD itself is pending with employer, returned for extra documents, or rejected by EPFO, the member is stuck: they cannot truthfully resubmit the original claim. SOP also limits how many parameters and how many times each field may change (generally once for name/DOB/gender/parent/Aadhaar; marital status twice; max five parameters in normal course).",Insufficient documents for major vs minor class; employer e-sign missing; trying to change more than five parameters; using previous employer for a member ID they did not generate; closed establishment not using Annexure-II attestation.,JD status in member login; email to employer; EPFO rejection grounds on the request.,"Open the JD status and read employer/EPFO remarks word for word. | Re-file a single JD covering all needed identity fields together (SOP 6.8: correct basic changes in one go). | Attach the document count required: at least two for minor, at least three for major, with Aadhaar mandatory for name/gender/Aadhaar changes. | Chase employer to e-sign within 7 days (employer dashboard is supposed to prompt beyond 7 days). | If establishment is closed, use physical Annexure-II attested by an authority listed in SOP 6.14 and submit at the FO. | If EPFO rejected for fraud-risk (too many identity fields), meet the OIC with a written explanation; SOP 6.12 allows >5 parameters only after OIC records reasons. | Only after JD is approved and KYC Verified, resubmit the PF/EPS claim.",JD form / online JD | Proofs per SOP Annexure-I for each parameter | Employer e-sign or closed-establishment attestation,mixed,Fix profile years before the claim. | Do not open multiple sequential JDs for the same field (frequency limits).,epfo-rr-001 | epfo-rr-002 | epfo-rr-003 | epfo-rr-024 | epfo-rr-028 | epfo-rr-030,https://www.epfindia.gov.in/site_docs/PDFs/Circulars/Y2023-2024/SOP_WSU_new.pdf | https://taxguru.in/corporate-law/epfo-joint-declaration-process-member-profile-updation.html | https://economictimes.indiatimes.com/wealth/invest/epf-members-can-do-kyc-correction-in-provident-fund-account-online-here-is-a-step-by-step-guide-to-do-it/articleshow/108634621.cms | https://epfigms.gov.in/,official | circular | news,high,2026-09-12,Circular WSU/2022/Rationalisation of work areas/Joint Declaration (E-54018)/3638 dated 22.08.2023; SOP No. JD/2022/1. Later SOP versions (e.g. JD/2024/1) may refine screens; verify current portal labels.
epfo-rr-014,PAN name or date of birth does not match UAN/Aadhaar,PAN demographic mismatch | PAN-Aadhaar mismatch | PAN KYC failed,KYC_Identity,Form 19 PF Final Settlement | Form 10C Pension Withdrawal Benefit | Form 10D Monthly Pension | Form 31 Partial Withdrawal/Advance | Composite Claim Form | UMANG/Member Portal Online Claim,medium,Appears as PAN KYC failed/rejected rather than a unique claim code. Distinct from 'PAN not seeded' (epfo-rr-006).,"PAN can be uploaded yet fail verification because Income-tax PAN data (name, DOB) does not match Aadhaar/UAN. Until PAN KYC is Verified, Form 19 with service <5 years remains at risk, and some members cannot complete the full KYC triad. This is a three-way identity problem, not a PF-eligibility problem.",PAN issued in a different spelling; DOB mismatch on PAN; PAN not linked to Aadhaar at Income Tax Department.,Manage > KYC PAN = Failed. Income Tax PAN-Aadhaar link status.,"Check PAN-Aadhaar linking status on the Income Tax e-filing portal. | If PAN is legally wrong, file a PAN correction with the PAN issuing agency; if UAN is wrong, file JD. | Re-upload PAN KYC after the source system matches. | Then resubmit the claim.",PAN | Aadhaar | PAN correction acknowledgement if applicable,member,"Link PAN-Aadhaar early. | Use the same spelling on PAN, Aadhaar, and Form 11.",epfo-rr-006 | epfo-rr-001 | epfo-rr-002,https://www.epfindia.gov.in/site_docs/PDFs/MiscPDFs/FAQ_OCS_050517_1017.pdf | https://economictimes.indiatimes.com/wealth/invest/epf-members-can-do-kyc-correction-in-provident-fund-account-online-here-is-a-step-by-step-guide-to-do-it/articleshow/108634621.cms | https://finright.in/blogs/most-common-reasons-for-epf-claim-rejections-and-tips-to-avoid-them,official | news | blog,medium,2026-09-12,PAN-Aadhaar linking is an Income Tax Department process; EPFO consumes the result.
epfo-rr-015,Bank account and IFSC not seeded in EPFO database,Bank details not seeded | Bank account not linked | IFSC not available in UAN | Bank KYC not uploaded | Bank account not linked to UAN | Add bank details before claim | IFSC not seeded | SMS: Bank details not available,Bank_Payment,Form 19 PF Final Settlement | Form 10C Pension Withdrawal Benefit | Form 10D Monthly Pension | Form 31 Partial Withdrawal/Advance | Form 20 Death PF Settlement | Form 5IF EDLI Death Insurance | Composite Claim Form | UMANG/Member Portal Online Claim | International Worker Claim,critical,"Official OCS FAQ: Member's Bank Account along with IFSC code should be seeded in EPFO database. Without seeded bank details, online claims cannot be paid by NEFT.","EPFO pays claims by electronic credit to the bank account stored against the UAN. If no account number and IFSC are seeded, the online claim is blocked at eligibility or rejected later. This is distinct from a seeded-but-unverified account. Composite Claim Form (Aadhaar) also requires bank seeding. Death and EDLI payments go to the claimant's account, which must likewise be captured on the form or KYC.","Member never uploaded bank KYC; employer never approved it; or member wanted a different account than the seeded one (OCS FAQ says change the account first, do not file online against a stale account).",Manage > KYC shows Bank as blank/not uploaded. Online claim bank-verify step fails. OCS eligibility gate.,"Log in to the member portal > Manage > KYC > add savings account number, IFSC, and bank name exactly as on the passbook. | If the portal asks for a cancelled cheque or passbook image (typically when NPCI cannot auto-verify), upload a clear scan with printed name, account number, and IFSC. | Wait until Bank KYC status is Verified, then use that same account on the claim screen (enter last 4 digits to verify). | To use a different account, update KYC first; do not file the online claim against the old account. | For death/EDLI, put the claimant's own account (not the deceased's) and attach a cancelled cheque of the claimant. | Resubmit the claim only after Verified status.","Bank passbook or cancelled cheque with name, account number, IFSC | Aadhaar-linked mobile for OTP",member,Seed bank KYC the same week you activate UAN. | Use a sole-operated savings account in your name. | Re-verify IFSC after any bank merger.,epfo-rr-016 | epfo-rr-017 | epfo-rr-018 | epfo-rr-021,https://www.epfindia.gov.in/site_docs/PDFs/MiscPDFs/FAQ_OCS_050517_1017.pdf | https://www.epfindia.gov.in/site_docs/PDFs/MiscPDFs/OCS_FAQ_Eligibility_102017.pdf | https://www.epfindia.gov.in/site_docs/PDFs/Downloads_PDFs/Instructions_CCF_aadhar.pdf | https://cleartax.in/c/pf-withdrawal-online | https://www.livemint.com/money/personal-finance/epfo-top-reasons-your-employees-provident-fund-settlement-claims-rejected-explained-epf-scheme-document-errors-mismatch-11783073513956.html | https://unifiedportal-mem.epfindia.gov.in/memberinterface/,official | blog | news,high,2026-09-12,OCS FAQ Q2(c) and Q8 (do not file online if you want a different bank account; change KYC first).
epfo-rr-016,Bank KYC not verified or NPCI account validation failed,Bank KYC not verified | NPCI verification failed | Bank details not verified | Bank account validation failed | Bank KYC not verified NPCI | Account validation failed | Bank details not verified on portal | NPCI validation failed | SMS: Bank KYC not verified,Bank_Payment,Form 19 PF Final Settlement | Form 10C Pension Withdrawal Benefit | Form 10D Monthly Pension | Form 31 Partial Withdrawal/Advance | Composite Claim Form | UMANG/Member Portal Online Claim | Form 20 Death PF Settlement,critical,"Portal: 'KYC incomplete', 'Bank details not verified', 'Bank KYC not verified'. From April 2025, EPFO generally dropped cancelled-cheque upload when the bank/NPCI has already validated the account; unverified accounts may still need an image or get rejected.","Seeding stores the number; verification means the bank or NPCI confirmed the account exists, is active, and the name matches. Unverified bank KYC is one of the top live rejection reasons. Members often see the account listed and assume it is approved. Reddit and practitioner guides in 2026 still report 'Bank KYC not verified' as a first-line remark.",NPCI name match failed; account is newly opened; IFSC wrong; joint account; bank has not responded to EPFO confirmation; or employer never approved bank KYC.,Manage > KYC Bank row Pending/Failed. Claim remark. Cheque-upload prompt for non-NPCI accounts.,"Check whether Bank KYC is Verified (not Pending). | Confirm with the bank that the account is active, KYC-complete at the bank, and the name matches Aadhaar/UAN. | Correct account number/IFSC and resubmit bank KYC; attach a clear cancelled cheque if prompted. | If the employer must approve bank KYC, chase HR DSC approval. | After Verified, wait a day for systems to sync, then refile once.",Cancelled cheque with printed name | Passbook first page | Bank confirmation if NPCI keeps failing,mixed,"Prefer a bank that participates in NPCI account validation. | Do not file while Bank KYC is Pending. | Name on cheque must be printed, not handwritten.",epfo-rr-015 | epfo-rr-010 | epfo-rr-020 | epfo-rr-021,https://www.epfindia.gov.in/site_docs/PDFs/MiscPDFs/FAQ_OCS_050517_1017.pdf | https://www.livemint.com/money/personal-finance/epfo-top-reasons-your-employees-provident-fund-settlement-claims-rejected-explained-epf-scheme-document-errors-mismatch-11783073513956.html | https://www.epfindia.gov.in/site_docs/PDFs/Circulars/Y2025-2026/Circular_RemovalOfUploadingImage.pdf | https://www.timesnownews.com/business-economy/personal-finance/epfo-processed-8-3-crore-claims-in-fy26-cancelled-cheque-upload-no-longer-required-article-155357857 | https://www.reddit.com/r/india/comments/1tp295c/epfo_rejected_your_pf_claim_dont_panic_after/ | https://finright.in/blogs/most-common-reasons-for-epf-claim-rejections-and-tips-to-avoid-them | https://kustodian.life/resources/epf-claim-rejected-reasons-guide,official | news | blog | forum,high,2026-09-12,Cheque-upload relaxation is from EPFO circular on removal of uploading image (2025-26). Non-NPCI accounts can still be asked for images (Mint 3 Jul 2026).
epfo-rr-017,Incorrect bank account number entered in KYC or claim,Wrong account number | Bank account number mismatch | Invalid bank account | One digit wrong in account number,Bank_Payment,Form 19 PF Final Settlement | Form 10C Pension Withdrawal Benefit | Form 10D Monthly Pension | Form 31 Partial Withdrawal/Advance | Form 20 Death PF Settlement | Form 5IF EDLI Death Insurance | Composite Claim Form | UMANG/Member Portal Online Claim,high,"Common remarks: 'Bank details incorrect', 'Invalid bank account'. A single wrong digit is enough.","EPFO credits NEFT to the exact account number stored. A transposed digit either fails validation (rejection) or, worse, credits the wrong person if the number happens to exist. At claim time the portal asks you to re-enter last 4 digits as a check; mismatch there also stops submission. Death claims using the deceased's old account instead of the nominee's account are a frequent variant.",Typing from memory; omitting leading zeros; copying an old salary account that was closed; mixing two family accounts.,Claim bank-verify step. NPCI validation fail. Settlement returned by bank. Passbook vs KYC comparison.,"Copy the account number from a recent passbook or cheque, including leading zeros. | Update Manage > KYC bank details; re-verify last 4 digits on the claim screen. | If a previous claim was 'settled' but returned, do not file a duplicate until EPFO re-initiates payment against the corrected account (see epfo-rr-022). | For death claims, use the claimant's account as on the cancelled cheque attached to Form 20/5IF/10D.",Passbook or cancelled cheque | Bank statement showing account number,member,Never type account numbers from memory. | Screenshot KYC after saving and compare with cheque.,epfo-rr-018 | epfo-rr-022 | epfo-rr-015,https://www.epfindia.gov.in/site_docs/PDFs/MiscPDFs/FAQ_OCS_050517_1017.pdf | https://pfbalancecheck.com/epfo-claim-rejected-reason/ | https://finright.in/blogs/most-common-reasons-for-epf-claim-rejections-and-tips-to-avoid-them | https://cleartax.in/c/pf-withdrawal-online | https://www.epfindia.gov.in/site_docs/PDFs/Downloads_PDFs/Form5IF_Instructions_Eng.pdf,official | blog,high,2026-09-12,
epfo-rr-018,Invalid or outdated IFSC after bank merger or branch change,IFSC invalid | Old IFSC after merger | Signature or IFSC changes | Allahabad Bank IFSC into Indian Bank,Bank_Payment,Form 19 PF Final Settlement | Form 10C Pension Withdrawal Benefit | Form 10D Monthly Pension | Form 31 Partial Withdrawal/Advance | Form 20 Death PF Settlement | Form 5IF EDLI Death Insurance | Composite Claim Form | UMANG/Member Portal Online Claim,high,Mint (Jul 2026) lists 'Signature or IFSC Changes' after mergers (e.g. Allahabad Bank into Indian Bank) as a top rejection reason. Portal: 'IFSC invalid' / 'Bank details incorrect'.,"IFSC identifies the paying branch in NEFT. After mergers, branch closures, or CBS migrations, the old IFSC is retired. EPFO still holding the old code will fail NPCI validation or the bank will return the credit. Members must update KYC with the new IFSC before claiming; updating only at the bank is not enough.",Bank merger; branch merger; member moved cities but kept old IFSC; copied IFSC from Google instead of the passbook.,RBI/IFSC lookup vs passbook. Claim remark. Returned NEFT with 'invalid IFSC'.,"Read the IFSC printed on the latest cheque book or passbook, not a third-party website. | Confirm with the branch after any merger. | Update Bank KYC on the member portal with the new IFSC and wait for Verified. | Then resubmit the claim.",Latest cancelled cheque or passbook showing current IFSC | Bank merger communication if available,mixed,"After any bank merger SMS, update EPFO KYC within days. | Recheck IFSC before every claim.",epfo-rr-015 | epfo-rr-016 | epfo-rr-022,https://www.livemint.com/money/personal-finance/epfo-top-reasons-your-employees-provident-fund-settlement-claims-rejected-explained-epf-scheme-document-errors-mismatch-11783073513956.html | https://www.epfindia.gov.in/site_docs/PDFs/MiscPDFs/FAQ_OCS_050517_1017.pdf | https://finright.in/blogs/most-common-reasons-for-epf-claim-rejections-and-tips-to-avoid-them | https://pfbalancecheck.com/epfo-claim-rejected-reason/ | https://cleartax.in/c/pf-withdrawal-online,news | official | blog,high,2026-09-12,Mint 3 July 2026 explicitly uses the Allahabad Bank → Indian Bank example.
epfo-rr-019,"Joint, third-party, or not-sole-operated bank account used for claim payment",Joint bank account rejected | Account not in member's sole name | Third-party account | Family joint account,Bank_Payment,Form 19 PF Final Settlement | Form 10C Pension Withdrawal Benefit | Form 31 Partial Withdrawal/Advance | Composite Claim Form | UMANG/Member Portal Online Claim,high,Practitioner and EPFO-help guides: the account must be in the member's name only. Joint accounts with children or parents are often rejected for ordinary PF settlement. Pension (Form 10D) is a special case that may allow a joint account with spouse.,"For Form 19/31/10C online settlement, EPFO expects a savings account where the member is the sole holder so that KYC name-match and legal entitlement are clear. A joint account with a parent, sibling, or child often fails NPCI name match or field-office scrutiny. Using a spouse's account, or a relative's account 'for convenience', is treated as a third-party account. Form 10D monthly pension is different: a single account or a joint account with the spouse is typically required, and joint-with-children is still rejected.",Salary credited to a joint family account; member has no sole savings account; confusion with pension joint-with-spouse rule.,Bank KYC name vs UAN name. NPCI validation. Form 10D bank-account rules at pension desk.,"Open or use a sole-operated savings account in the member's exact Aadhaar/UAN name. | Seed that account and get it Verified, then claim. | For Form 10D, use a single account or a joint account with spouse only; keep spouse name in family details. | Do not use a current account, NRE/NRO without checking IW rules, or a third-party account.",Sole-holder cancelled cheque | For pension: passbook showing member or member+spouse,member,Keep one dedicated sole PF-payout account. | Do not mix the pension joint-spouse rule with Form 19 rules.,epfo-rr-020 | epfo-rr-023 | epfo-rr-016,https://finright.in/blogs/most-common-reasons-for-epf-claim-rejections-and-tips-to-avoid-them | https://hrsoftwaredelhi.com/pf-withdrawal-process/ | https://kustodian.life/resources/epf-form-10d-the-2026-guide-to-claiming-your-monthly-pension | https://www.epfindia.gov.in/site_docs/PDFs/MiscPDFs/FAQ_OCS_050517_1017.pdf | https://cleartax.in/c/pf-withdrawal-online,blog | official,high,2026-09-12,Pension joint-with-spouse exception is widely documented for Form 10D; ordinary PF claims still expect sole accounts. Confidence high on the pattern; exact product-type rules can vary by office.
epfo-rr-020,Bank account holder name does not match UAN/Aadhaar name,Name mismatch with bank | Bank name not matching | Account not in employee's name | Bank name mismatch with UAN | Account holder name differ | Beneficiary name not matching,Bank_Payment,Form 19 PF Final Settlement | Form 10C Pension Withdrawal Benefit | Form 10D Monthly Pension | Form 31 Partial Withdrawal/Advance | Form 20 Death PF Settlement | Form 5IF EDLI Death Insurance | Composite Claim Form | UMANG/Member Portal Online Claim,high,"Remarks: 'Bank details incorrect' / name not matching bank records. Mint: name must match perfectly across EPFO, Aadhaar, and bank.","NPCI and EPFO compare the account-holder name with the UAN/Aadhaar name. Initials, missing surname, or an account opened in a spouse's name fail. This can reject the claim or cause a later returned credit. Death-claim cheques must match the claimant, not the deceased.",Bank uses a different spelling; account opened before a legal name change; joint-account first holder is not the member.,NPCI fail. Cheque name vs Aadhaar. Field-office cheque scrutiny.,"Ask the bank to update the account name to match Aadhaar (bank's KYC process). | Or seed a different account whose printed name already matches. | Align UAN name to Aadhaar via Joint Declaration if UAN is the odd one out. | Re-verify Bank KYC after the bank name change posts, then refile.",Updated passbook/cheque with matching name | Aadhaar | Bank KYC modification form if the bank requires it,mixed,Open PF-payout accounts using Aadhaar e-KYC so names match by construction.,epfo-rr-001 | epfo-rr-016 | epfo-rr-019,https://www.livemint.com/money/personal-finance/epfo-top-reasons-your-employees-provident-fund-settlement-claims-rejected-explained-epf-scheme-document-errors-mismatch-11783073513956.html | https://www.epfindia.gov.in/site_docs/PDFs/MiscPDFs/FAQ_OCS_050517_1017.pdf | https://finright.in/blogs/most-common-reasons-for-epf-claim-rejections-and-tips-to-avoid-them | https://hrsoftwaredelhi.com/pf-withdrawal-process/ | https://www.taxbuddy.com/blog/how-incorrect-kyc-details-affect-pf-withdrawal-approval,news | official | blog,high,2026-09-12,
epfo-rr-021,Unclear cancelled cheque or passbook image for non-NPCI-verified accounts,Blurry cheque scan | Cheque has no printed name | Passbook image rejected | Unclear cheque / passbook scan,Bank_Payment,Form 19 PF Final Settlement | Form 10C Pension Withdrawal Benefit | Form 10D Monthly Pension | Form 31 Partial Withdrawal/Advance | Composite Claim Form | UMANG/Member Portal Online Claim,medium,"Mint (Jul 2026): if the bank account is not NPCI-verified, the system prompts a cheque upload; no printed name or a blurry image causes automatic rejection. A 2025-26 EPFO circular removed image upload where bank/NPCI validation already succeeded.","Image quality is a rejection reason only for the residual population whose accounts cannot be auto-validated. Handwritten names on cheques, cropped IFSC, dark photos, and password-protected PDFs all fail. Once NPCI verification is green, members generally should not upload extra images.",Non-NPCI bank or failed auto-validation plus a poor scan.,Upload validation at claim time. Dealing assistant cannot read name/IFSC.,"Prefer getting the account NPCI-verified so no image is needed. | If an image is required: colour scan or well-lit photo of a cancelled cheque with printed name, MICR, IFSC, and account number fully visible. | Do not cover the name with the 'CANCELLED' mark. | Use passbook first page with bank stamp and photo if cheque has no name. | Refile after Bank KYC shows Verified.",Cancelled cheque with printed name or stamped passbook first page,member,Request cheques with printed names from the bank. | Avoid uploading screenshots of net-banking.,epfo-rr-016 | epfo-rr-015,https://www.livemint.com/money/personal-finance/epfo-top-reasons-your-employees-provident-fund-settlement-claims-rejected-explained-epf-scheme-document-errors-mismatch-11783073513956.html | https://www.epfindia.gov.in/site_docs/PDFs/Circulars/Y2025-2026/Circular_RemovalOfUploadingImage.pdf | https://www.timesnownews.com/business-economy/personal-finance/epfo-processed-8-3-crore-claims-in-fy26-cancelled-cheque-upload-no-longer-required-article-155357857 | https://cleartax.in/c/pf-withdrawal-online,news | official,high,2026-09-12,Image requirement is now conditional. Circular_RemovalOfUploadingImage.pdf is the official 2025-26 instrument.
epfo-rr-022,"Claim settled but payment returned because account is dormant, frozen, closed, or KYC-pending at bank",Settled but money not credited | NEFT returned | Payment bounced | Dormant account | Claim settled amount not credited | Settled but amount not credited | NEFT returned to EPFO | Payment failed after settlement | UTR returned account dormant | SMS: Payment returned by bank,Bank_Payment,Form 19 PF Final Settlement | Form 10C Pension Withdrawal Benefit | Form 10D Monthly Pension | Form 31 Partial Withdrawal/Advance | Form 20 Death PF Settlement | Form 5IF EDLI Death Insurance | UMANG/Member Portal Online Claim,high,Not always labelled 'Rejected' on the portal; status may remain Settled while the bank returns the credit. ClearTax lists this under why withdrawal 'fails' after filing.,"EPFO may have approved and pushed NEFT, but the receiving bank rejects the credit (dormant, frozen for KYC, closed, name mismatch, or credit freeze). The member sees Settled and no money. Filing a second claim can create a duplicate-claim mess. The correct path is to trace the UTR, fix the account, and ask EPFO to re-initiate payment.",RBI dormant-account rules; bank KYC not updated; account closed after seeding; debit freeze; wrong IFSC causing return.,No credit 3–7 days after Settled. Bank return memo. UTR in claim payment details. EPFiGMS.,"Do not immediately file another Form 19/31. | Note claim ID, settlement date, and UTR from Track Claim / payment details. | Ask the bank to trace the inward NEFT and reactivate/unfreeze the account or confirm the return reason. | Update EPFO bank KYC if the account number/IFSC must change; get it Verified. | Raise EPFiGMS asking for re-payment of the returned amount to the corrected verified account, attaching bank letter and UTR. | Follow up with the regional office if needed.",Claim acknowledgement and UTR | Bank letter stating return reason / that account is now active | Updated cancelled cheque,mixed,Do a small test credit to the account before a large PF claim. | Complete bank KYC and use the account in the 30 days before claiming. | Never seed a closed salary account.,epfo-rr-017 | epfo-rr-018 | epfo-rr-016 | epfo-rr-052,https://cleartax.in/c/pf-withdrawal-online | https://epfwala.com/pf-claim-status-shows-settled-but-amount-not-credited/ | https://righttoinformation.wiki/practical-guides/epfo-claim-settled-money-not-credited | https://epfigms.gov.in/ | https://www.epfindia.gov.in/site_docs/PDFs/MiscPDFs/FAQ_OCS_050517_1017.pdf,blog | official,high,2026-09-12,"Operational payment-return pattern, not a statutory 'rejection code'. Secondary blogs document UTR/re-payment practice."
epfo-rr-023,Pension (Form 10D) bank account is not single or joint with spouse,Pension joint account with children rejected | Form 10D bank account mismatch | Spouse joint account required,Bank_Payment,Form 10D Monthly Pension,high,Common Form 10D rejection: bank account must be a single account or joint with spouse. Joint accounts with children or parents are often rejected because widow-pension continuity is designed around the spouse.,"Monthly EPS pension under Form 10D is a lifetime payment that can convert to widow/widower pension. EPFO therefore wants the pension credit account to be the pensioner's own account or a joint account with the spouse whose name is already in family details. A joint account with a son, or a child's account, breaks that logic and is a documented top Form 10D rejection reason.",Retiree used a family joint account; spouse name missing in EPFO family details; confusion with Form 19 sole-account rule.,Form 10D scrutiny of passbook. Family details vs account holders.,"Open a single savings account in the pensioner's name, or a joint account with spouse only. | Seed/update that account and ensure spouse name exists in e-nomination/family details. | Attach passbook copy showing the allowed holders. | Resubmit Form 10D.",Passbook of single or member+spouse account | Spouse Aadhaar | Family details / e-nomination,member,Set up the pension bank account a year before age 58. | Complete family details long before Form 10D.,epfo-rr-019 | epfo-rr-064 | epfo-rr-037,https://kustodian.life/resources/epf-form-10d-the-2026-guide-to-claiming-your-monthly-pension | https://www.financialexpress.com/money/epfo-pension-rules-settlement-in-20-days-but-heres-why-many-eps-claims-still-get-rejected-4168274/ | https://www.etnownews.com/personal-finance/epfo-pension-rules-why-eps-claims-get-rejected-govt-reveals-basis-errors-kyc-aadhaar-and-more-article-153801634 | https://www.epfindia.gov.in/site_en/WhichClaimForm.php?id=in_sm,blog | news | official,medium,2026-09-12,Widely reported in Form 10D guides and consistent with family-pension design; not quoted verbatim from a public Form 10D instruction PDF in this build (official Form 10D PDF exists at epfindia).
epfo-rr-024,Date of exit (DOE) not updated by employer in EPFO service history,Date of exit not updated | Missing employer exit date | DOE not marked | Exit date missing | Still showing as employed | Date of exit not updated by employer | DOE missing Form 19 blocked | Exit date not marked in service history | SMS: Date of exit not updated | Please update date of leaving,Employer_Related,Form 19 PF Final Settlement | Form 10C Pension Withdrawal Benefit | Form 10D Monthly Pension | Composite Claim Form | UMANG/Member Portal Online Claim,critical,"Official OCS FAQ for Form 19: Date of Joining and Date of Exit of Member should be available in the EPFO Database. Mint: for Form 19, if the employer has not updated date of exit, the system blocks final settlement. Portal: 'Date of exit not updated'.","Without a date of leaving on the last member ID, EPFO treats the member as still in employment. Form 19 and Form 10C online claims are then ineligible. This is repeatedly described as the single most common blocker for full withdrawal. Date of exit is also a Joint Declaration parameter (reason of leaving and date of leaving). Some 2025–2026 help guides describe a self-certification / Mark Exit path when the employer is unresponsive; members should confirm the current portal label because the official JD SOP still routes date-of-leaving changes through the employer or closed-establishment attestation.",HR skipped exit in the employer portal at Full & Final; company closed; contractor payroll never filed exit; wrong member ID still active.,View > Service History: Date of Exit blank on the last employment. Online claim form greyed out. Claim remark.,"Check Service History for every member ID; note which one has a blank exit date. | Ask the last employer to mark Date of Exit and reason of leaving in the employer unified portal (this is part of FNF). | If the employer is unresponsive, use the member portal Joint Declaration for Date of Leaving / Reason of Leaving with relieving letter, FNF, or last payslip; or the Mark Exit / self-certification option if shown. | If the establishment is closed, file physical JD attested by an authorised official at the jurisdictional office (SOP closed-establishment process). | Confirm the exit date is visible in Service History and that it is at least the waiting period before Form 19 (see epfo-rr-033). | Then file Form 19/10C.",Relieving letter or experience certificate | Last salary slip or FNF letter | Resignation/termination letter | JD proofs per SOP Annexure for Date of Leaving,mixed,"Do not complete FNF without a screenshot of Service History showing DOE. | Keep relieving letter PDF forever. | Check DOE the week you resign, not two months later.",epfo-rr-025 | epfo-rr-033 | epfo-rr-034 | epfo-rr-013 | epfo-rr-030 | epfo-rr-041,https://www.epfindia.gov.in/site_docs/PDFs/MiscPDFs/FAQ_OCS_050517_1017.pdf | https://www.epfindia.gov.in/site_docs/PDFs/MiscPDFs/OCS_FAQ_Eligibility_102017.pdf | https://epfindia.gov.in/site_docs/PDFs/Downloads_PDFs/Form19_instructions_Eng.pdf | https://www.livemint.com/money/personal-finance/epfo-top-reasons-your-employees-provident-fund-settlement-claims-rejected-explained-epf-scheme-document-errors-mismatch-11783073513956.html | https://www.epfindia.gov.in/site_docs/PDFs/Circulars/Y2023-2024/SOP_WSU_new.pdf | https://finright.in/blogs/most-common-reasons-for-epf-claim-rejections-and-tips-to-avoid-them | https://cleartax.in/c/pf-withdrawal-online | https://hrsoftwaredelhi.com/pf-withdrawal-process/,official | circular | news | blog,high,2026-09-12,OCS FAQ Q3(a). JD SOP parameters 8–9. Self-certification of exit is reported in 2025–26 secondary guides; treat portal UI as source of truth.
epfo-rr-025,Date of joining (DOJ) missing or incorrect in EPFO database,Date of joining not available | DOJ missing | Joining date mismatch,Employer_Related,Form 19 PF Final Settlement | Form 10C Pension Withdrawal Benefit | Form 10D Monthly Pension | Form 31 Partial Withdrawal/Advance | Form 13 Transfer | Composite Claim Form | UMANG/Member Portal Online Claim,high,OCS FAQ: Date of Joining must be available for Form 19; Form 31 requires Date of Joining in the EPFO database. JD SOP lists Date of Joining as a correctable parameter.,"Missing DOJ breaks service-length calculations used for Form 31 eligibility, Form 10C/10D pensionable service, and Form 19 continuity. A wrong DOJ can create overlapping service with a previous employer. Form 31 online will not proceed if DOJ is absent.",Employer filed ECR without complete member profile; mid-month joining not captured; data loss in UAN seeding from old member ID.,Service History DOJ blank or obviously wrong versus appointment letter. Form 31 eligibility fail.,"Compare appointment letter with Service History. | Ask employer to correct DOJ in the employer portal / file JD for Date of Joining with attendance/appointment proofs (SOP Annexure-E). | If overlap is created by the correction, handle overlap (epfo-rr-041) rather than leaving a false DOJ. | Refile after Service History shows the correct DOJ.",Appointment letter | Attendance/employee register extract | Employer letter with ECR of the joining period,mixed,"On joining, verify DOJ in the UAN portal within the first contribution month.",epfo-rr-024 | epfo-rr-039 | epfo-rr-041,https://www.epfindia.gov.in/site_docs/PDFs/MiscPDFs/FAQ_OCS_050517_1017.pdf | https://www.epfindia.gov.in/site_docs/PDFs/Circulars/Y2023-2024/SOP_WSU_new.pdf | https://taxguru.in/corporate-law/epfo-joint-declaration-process-member-profile-updation.html | https://www.livemint.com/money/personal-finance/epfo-showing-wrong-service-history-what-employees-should-check-immediately-and-do-next-to-rectify-the-error-11786520369893.html,official | circular | news,high,2026-09-12,OCS FAQ Q3 and Q5.
epfo-rr-026,Employer attestation missing on physical or Non-Aadhaar composite claim,Employer attestation not done | Claim not attested | Non-Aadhaar form without employer signature,Employer_Related,Composite Claim Form | Form 19 PF Final Settlement | Form 10C Pension Withdrawal Benefit | Form 31 Partial Withdrawal/Advance | Form 20 Death PF Settlement | Form 5IF EDLI Death Insurance | Form 13 Transfer | International Worker Claim,high,Composite Claim Form (Aadhaar) may be submitted without employer attestation if UAN is activated and Aadhaar+bank are seeded. Composite Claim Form (Non-Aadhaar) and most physical death/EDLI/IW claims require employer attestation. Form 19 instructions: application should be submitted through the last employer.,"Online Aadhaar-OTP claims replaced employer signature for most live members. Physical and Non-Aadhaar routes still need the last employer's stamp and authorised signatory. Death claims (Forms 20, 10D, 5IF) are classically employer-attested. International workers using the 29.11.2024 physical path also go through employer confirmation above a balance threshold.",Member used Non-Aadhaar CCF without HR stamp; downloaded Form 19 and posted it unsigned by employer; closed company with no authorised officer.,Field office returns the physical form. MembersFAQ: employer may reject if signed printout not received.,"If Aadhaar and bank are seeded and UAN activated, prefer online claim or CCF (Aadhaar) which does not need employer attestation. | Otherwise get the last employer's authorised signatory to attest every page. | If the establishment is closed, use the alternative attesting officials listed on form instructions / JD SOP (gazetted officer, bank manager of the claimant's account, MP/MLA, etc.). | Resubmit to the jurisdictional Regional Office.",Composite Claim Form Aadhaar or Non-Aadhaar as applicable | Employer stamp and signature or alternative attestation | KYC copies,mixed,"Use the Aadhaar online path to avoid attestation. | If you must go physical, sit with HR and get the stamp before leaving the city.",epfo-rr-049 | epfo-rr-050 | epfo-rr-030 | epfo-rr-074,https://www.epfindia.gov.in/site_docs/PDFs/Downloads_PDFs/Instructions_CCF_aadhar.pdf | https://www.epfindia.gov.in/site_docs/PDFs/Circulars/Y2016-2017/Composite_Claim_Forms_31792.pdf | https://epfindia.gov.in/site_docs/PDFs/Downloads_PDFs/Form19_instructions_Eng.pdf | https://www.epfindia.gov.in/site_docs/PDFs/Downloads_PDFs/Form5IF_Instructions_Eng.pdf | https://epfindia.gov.in/site_docs/PDFs/OTCP_PDFs/MembersFAQ.pdf | https://www.paisabazaar.com/saving-schemes/epf-composite-claim-form/ | https://cleartax.in/c/pf-withdrawal-online,official | circular | blog,high,2026-09-12,CCF circular 2016-17 and CCF Aadhaar instructions are the official split.
epfo-rr-027,Employer rejected the online/physical claim because member details do not match establishment records,Rejected by employer | Member details do not match establishment records | Employer rejected claim | Signature of member does not match,Employer_Related,Form 13 Transfer | Composite Claim Form | Form 19 PF Final Settlement | Form 31 Partial Withdrawal/Advance | Form 10C Pension Withdrawal Benefit,high,"Official MembersFAQ (OTCP): probable reasons for rejection of an online claim by the employer include (a) claim already forwarded and not rejected, (b) signed printout not received (after 15 days), (c) member details do not match establishment records, (d) member signature does not match office records.","On transfer (Form 13) and some attested claims, the previous or present employer is a decision-maker. If HR's register has a different name, DOB, or joining date than the claim, they can reject. This is an employer-side rejection, visible in member login, and is not the same as EPFO field-office rejection.",Payroll vs Aadhaar mismatch sitting in HR files; old signature card; duplicate claim already sent.,Track transfer/claim status: Rejected by previous/present employer with one of the FAQ reasons.,"Read the employer's rejection reason in the portal. | If details mismatch: align Form 11/HR records and UAN via Joint Declaration, then ask HR to re-approve. | If a claim was already forwarded, track that earlier claim instead of filing another. | If signature mismatch on physical forms, sign consistently with HR records or update HR's signature card. | If employer is unresponsive, escalate to EPFiGMS and the Regional Office.",Portal rejection screenshot | HR records / appointment letter | Updated KYC,mixed,Keep HR master data identical to Aadhaar. | Do not raise a second transfer while one is pending.,epfo-rr-001 | epfo-rr-032 | epfo-rr-052 | epfo-rr-068,https://epfindia.gov.in/site_docs/PDFs/OTCP_PDFs/MembersFAQ.pdf | https://www.epfindia.gov.in/site_en/OTCP_ForEmployers.php | https://kustodian.life/resources/epf-form-13-pf-transfer-online-offline-how-to-fill-pdf-status | https://www.citizennest.com/guide/epf-transfer-claim-rejected-fix,official | blog,high,2026-09-12,MembersFAQ OTCP is the official list of employer rejection reasons. Do not invent additional codes.
epfo-rr-028,"Employer digital signature (DSC) or e-sign missing, expired, or not registered",DSC expired | Employer e-sign not available | Digital signature not registered | Cannot approve KYC without DSC | Employer DSC expired | e-sign pending employer,Employer_Related,Form 19 PF Final Settlement | Form 10C Pension Withdrawal Benefit | Form 10D Monthly Pension | Form 31 Partial Withdrawal/Advance | Form 13 Transfer | Composite Claim Form | UMANG/Member Portal Online Claim | Form 20 Death PF Settlement,high,"JD SOP 6.15(iii): employer should have an active e-sign and be the person defined under section 2(e) of the EPF & MP Act. EPFO publishes a DSC FAQ for employers. Without a valid DSC/e-sign, KYC approvals, JD, and Form 13 attestations sit in the employer's login.","The member cannot finish KYC verification, Joint Declaration, or some transfers if the establishment's DSC token expired or was never registered. Claims then fail for 'KYC pending' even though the employee did everything. This is an infrastructure failure at the employer, not a member eligibility failure.",DSC validity (typically 1–3 years) lapsed; authorised signatory left; e-sign credentials not mapped; exempted trust using a different workflow.,Employer portal errors on approve. KYC stuck Pending for weeks. HR admits DSC expired.,"Ask HR/compliance to check DSC expiry and re-register/renew on the EPFO employer portal (see official DSC FAQ). | Map the new authorised signatory under section 2(e). | Once DSC is live, ask them to clear the KYC/JD/transfer queue. | If the company cannot or will not renew, take physical CCF/JD to the field office and raise EPFiGMS naming the establishment.",Employer DSC/e-sign | Authorised signatory board resolution if needed | Member KYC documents for physical fallback,employer,Employers should diary DSC expiry 60 days ahead. | Members should screenshot KYC status at joining while HR systems still work.,epfo-rr-010 | epfo-rr-013 | epfo-rr-068,https://www.epfindia.gov.in/site_docs/PDFs/Circulars/Y2020-2021/Faq_dsc.pdf | https://www.epfindia.gov.in/site_docs/PDFs/Circulars/Y2023-2024/SOP_WSU_new.pdf | https://www.epfindia.gov.in/site_en/OTCP_ForEmployers.php | https://orbitcareers.com/uan-kyc-pending-for-employer-approval/ | https://jurigram.com/blog/labour-law/epf-withdrawal-rules-online-process-tax,official | circular | blog,high,2026-09-12,Official DSC FAQ PDF: Faq_dsc.pdf (2020-21). SOP requires active e-sign.
epfo-rr-029,Employer PF/EPS contribution not deposited or ECR not filed for relevant months,Employer contribution pending | ECR not filed | Missing PF deposits | Contribution discrepancy | EPS contribution not available | Contribution not remitted | ECR not filed claim held | PF dues pending employer,Employer_Related,Form 19 PF Final Settlement | Form 10C Pension Withdrawal Benefit | Form 10D Monthly Pension | Form 31 Partial Withdrawal/Advance | Form 13 Transfer | Form 5IF EDLI Death Insurance | UMANG/Member Portal Online Claim,high,"MoS Labour reply (reported 2025–26): pension/claim rejections include irregularities in employer contributions, incorrect wage reporting, and gaps in contribution history. Reddit/practitioner reports also cite 'EPS contribution not available'.","The passbook is the member's evidence of dues. If the employer deducted PF from salary but did not file ECR or pay, the claimed amount will not match EPFO's ledger. Pensionable service can fall below 10 years because months without EPS contribution do not count. EDLI calculations that use 12-month average wages also break. EPFO may reject or settle only the posted amount.",Employer default; contractor establishment not covered correctly; wage ceiling misreporting; months marked absent incorrectly.,Member passbook gaps. Claim amount vs ledger. Inspection. Form 10D service <10 years unexpectedly.,"Download month-wise passbook for every member ID and mark missing months. | Write to HR/payroll demanding ECR filing and payment of arrears with interest/damages as applicable. | If employer does not pay, file EPFiGMS and a complaint with the Regional PF Commissioner (enforcement), attaching payslips showing deduction. | Do not expect a claim to create the missing contribution; the ledger must be funded first. | After postings appear, refile.",Payslips showing PF deduction | Passbook screenshots of gaps | Appointment letter | Bank salary credits,mixed,"Check passbook every quarter. | Treat missing ECR as a statutory default, not a 'portal glitch'.",epfo-rr-042 | epfo-rr-037 | epfo-rr-067,https://www.outlookmoney.com/retirement/pension/epf-claim-settlement-why-epfo-rejects-the-claims-and-what-subscribers-can-do | https://www.financialexpress.com/money/epfo-pension-rules-settlement-in-20-days-but-heres-why-many-eps-claims-still-get-rejected-4168274/ | https://www.etnownews.com/personal-finance/epfo-pension-rules-why-eps-claims-get-rejected-govt-reveals-basis-errors-kyc-aadhaar-and-more-article-153801634 | https://finright.in/blogs/most-common-reasons-for-epf-claim-rejections-and-tips-to-avoid-them | https://www.reddit.com/r/epfoindia/comments/1m6co8r/why_so_many_epf_claims_are_being_rejected_and/ | https://epfigms.gov.in/,news | blog | forum | official,high,2026-09-12,Government reply summarised by Outlook/Financial Express/ET Now. No invented circular number for the parliamentary reply.
epfo-rr-030,"Establishment closed, untraceable, or no authorised officer to attest or approve KYC",Closed establishment | Employer untraceable | Company shut down | No authorised signatory,Employer_Related,Form 19 PF Final Settlement | Form 10C Pension Withdrawal Benefit | Form 10D Monthly Pension | Form 31 Partial Withdrawal/Advance | Form 13 Transfer | Form 20 Death PF Settlement | Form 5IF EDLI Death Insurance | Composite Claim Form | UMANG/Member Portal Online Claim | International Worker Claim,high,"Form 19/5IF instructions and JD SOP Table-5 provide an alternative attestation list when the establishment is closed. Inoperative-account SOP: if establishment is marked closed, some member requests go directly to the Dealing Assistant.","Startups, contractors, and MSMEs that shut down leave members unable to get DOE, KYC approval, or physical attestation. Online Aadhaar claims still work if KYC was already verified; if not, the member must use closed-establishment procedures at the Regional Office rather than waiting for a defunct HR team.",Establishment closure without compliance handover; not marked closed in EPFO so requests still sit in a dead employer login.,Employer login abandoned. Phone disconnected. Establishment status on EPFO. KYC pending forever.,"Check establishment status on epfindia (establishment search) and whether it is marked closed. | If KYC is already verified, file Aadhaar-based online claims yourself. | For DOE/JD, use SOP closed-establishment path: physical JD Annexure-II attested by magistrate, gazetted officer, bank manager of claimant's account, MP/MLA, postmaster, panchayat head, etc. | Submit at the jurisdictional Regional Office with employment proofs. | Raise EPFiGMS. For inoperative accounts, use the inoperative unblocking request which can skip a closed employer.",Physical JD/claim | Alternative official attestation | Appointment/relieving/payslips | Aadhaar and bank proof,mixed,Verify KYC and e-nomination while the employer still exists. | Download passbooks before the company disappears.,epfo-rr-013 | epfo-rr-024 | epfo-rr-026 | epfo-rr-045,https://www.epfindia.gov.in/site_docs/PDFs/Circulars/Y2023-2024/SOP_WSU_new.pdf | https://epfindia.gov.in/site_docs/PDFs/Downloads_PDFs/Form19_instructions_Eng.pdf | https://www.epfindia.gov.in/site_docs/PDFs/Downloads_PDFs/Form5IF_Instructions_Eng.pdf | https://www.epfindia.gov.in/site_docs/PDFs/Circulars/Y2024-2025/Circular_SOP_WSU_02082024.pdf | https://taxguru.in/corporate-law/epfo-joint-declaration-process-member-profile-updation.html,official | circular,high,2026-09-12,SOP 6.9 Table-5 and 6.14 list of attesting authorities.
epfo-rr-031,Exempted establishment or private PF trust complications blocking EPFO claim or transfer,Exempted trust | Private PF trust | Establishment exempted under EPF Scheme | Trust transfer issues,Employer_Related,Form 19 PF Final Settlement | Form 13 Transfer | Form 10C Pension Withdrawal Benefit | Form 10D Monthly Pension | Form 5IF EDLI Death Insurance | UMANG/Member Portal Online Claim,high,"Form 5IF instructions: if last employed under an establishment exempted under the EPF Scheme 1952, the employer must furnish PF details of last 12 months and an attested copy of the member's nomination. Transfers between trusts and EPFO follow a different path than unexempted Form 13.",Some large employers are exempted and run their own PF trusts. The member's money may not sit in EPFO's EPFO-managed account even though a UAN exists. Filing Form 19 on the EPFO portal then fails or pays only the EPFO-managed portion. EDLI for exempted establishments needs extra trust certificates. Transfers into/out of trusts are a known source of Annexure-K and contribution mismatches.,Member does not realise the establishment is exempted; trust has not remitted or transferred on exit; nomination sits with the trust not EPFO.,Payslip mentions a trust; establishment exemption flag; Form 13 stuck; EDLI file asking for 12-month PF details from employer.,"Ask HR whether PF is EPFO-managed or a trust, and where to claim. | For trust-managed PF, file the trust's withdrawal/transfer forms as well as any EPFO forms for EPS/EDLI. | For EDLI, get the employer certificate of last 12 months' PF and attested nomination as per Form 5IF instructions. | For transfer to an unexempted employer, follow the trust-to-EPFO transfer process, not a vanilla Form 13. | Escalate to the Regional Office if the trust delays statutory dues.",Trust claim/transfer forms | 12-month PF details certificate (EDLI) | Attested nomination from trust | UAN passbook,mixed,"At joining, ask 'EPFO or exempted trust?' and keep both UAN and trust account numbers.",epfo-rr-069 | epfo-rr-067 | epfo-rr-060,https://www.epfindia.gov.in/site_docs/PDFs/Downloads_PDFs/Form5IF_Instructions_Eng.pdf | https://www.epfindia.gov.in/site_en/WhichClaimForm.php?id=in_sm | https://kustodian.life/resources/epf-form-13-pf-transfer-online-offline-how-to-fill-pdf-status | https://finright.in/blogs/most-common-reasons-for-epf-claim-rejections-and-tips-to-avoid-them,official | blog,medium,2026-09-12,EDLI extra documents for exempted establishments are official (Form 5IF instructions). Broader trust-transfer mechanics summarised from practitioner guides.
epfo-rr-032,Employer rejected online claim because signed printout was not received within 15 days,Signed printout not received | Physical copy not submitted within 15 days | Employer option to reject after 15 days,Employer_Related,Form 13 Transfer,medium,"Official MembersFAQ (OTCP): member should submit the duly signed printout immediately, not exceeding 15 days. The employer would have the option to reject the online claim application after 15 days if the signed copy is not received.","This is specific to the older online transfer claim workflow that still expected a wet-ink printout to the employer. If the member filed online Form 13 but never handed HR the signed printout, HR can reject after 15 days. Newer Aadhaar-based transfers may not need this; if the portal still asks, the 15-day rule applies.",Member assumed fully paperless transfer; HR policy still requires the printout; delay beyond 15 days.,Transfer status rejected by employer with the FAQ reason. Contact details of authorised signatories are under employer details in View Transfer Claim Status.,"Read whether the current Form 13 flow still requires a printout (portal instructions). | If yes, print, sign, and deliver to the attesting employer immediately after online submission. | If already rejected, file a fresh transfer after coordinating with HR. | If the employer never had DSC and the printout path is the only option, do not delay.",Signed printout of the online transfer claim | ID proof,mixed,"Same day as online Form 13, ask HR if a signed printout is still required.",epfo-rr-027 | epfo-rr-068,https://epfindia.gov.in/site_docs/PDFs/OTCP_PDFs/MembersFAQ.pdf | https://www.epfindia.gov.in/site_en/OTCP_ForEmployers.php,official,high,2026-09-12,Quoted from official MembersFAQ OTCP. Some later digital flows may have reduced printout dependence; check live portal.
epfo-rr-033,Form 19 filed before the mandatory waiting period after leaving employment,Claim submitted before two months | Waiting period not completed | 60 days not over | Applied too early after exit | Applied Form 19 too early | Two months waiting period not over | 60 days not completed after exit | SMS: Waiting period not completed,Eligibility_Service,Form 19 PF Final Settlement | Composite Claim Form | UMANG/Member Portal Online Claim,high,"Official OCS FAQ Q3(c): The Claim should be submitted not before two months after leaving Establishment. Form 19 instructions also describe a waiting period from date of leaving with a non-employment certificate for certain reasons. Mint (Jul 2026) still cites at least two months (60 days) of continuous unemployment for Form 19. Secondary 2026 articles also discuss 75% withdrawal after a shorter unemployment period under EPF Scheme 2026 — members must follow the live portal eligibility, not blogs.","Final settlement is not an instant resignation benefit. The statutory/online rule in the published OCS FAQ is a two-month wait after exit, during which the member should not be working in a PF-coverable establishment. Filing on day 10 after relieving is a classic auto-reject. EPF Scheme 2026 reporting (effective 29 June 2026 per Mint/ClearTax) describes faster partial access after unemployment (e.g. 75% after one month in some explainers) while Mint's 3 Jul 2026 piece still stated 60 days for Form 19. Treat the member portal's eligibility message as controlling.",Member files immediately after FNF; DOE is recent; confusion between Form 31 (while employed) and Form 19 (after exit).,System compares claim date vs DOE. Portal may hide Form 19 until eligible. Claim remark about waiting period / still employed.,"Confirm DOE in Service History. | Count the waiting period from DOE using the rule shown on the live claim screen / OCS FAQ (two months unless the portal shows a newer Scheme 2026 rule). | If you need money sooner and are still within rules for advance, consider Form 31 only if still employed or if a permitted unemployment-advance category applies — do not misuse Form 31 as fake final settlement. | After the wait, and if not re-employed in a covered establishment, file Form 19. | If you already joined a new covered job, transfer (Form 13) instead of Form 19.",Service History showing DOE | Relieving letter | Non-employment declaration as required on Form 19,member,Diary the eligibility date the day DOE appears. | Do not treat 'I resigned yesterday' as Form 19-ready.,epfo-rr-024 | epfo-rr-034 | epfo-rr-043 | epfo-rr-040,https://www.epfindia.gov.in/site_docs/PDFs/MiscPDFs/FAQ_OCS_050517_1017.pdf | https://epfindia.gov.in/site_docs/PDFs/Downloads_PDFs/Form19_instructions_Eng.pdf | https://www.livemint.com/money/personal-finance/epfo-top-reasons-your-employees-provident-fund-settlement-claims-rejected-explained-epf-scheme-document-errors-mismatch-11783073513956.html | https://cleartax.in/c/pf-withdrawal-online | https://www.jagranjosh.com/general-knowledge/epf-scheme-withdrawal-rules-2026-3day-settlement-limits-and-online-claim-1820010445-1 | https://www.bajajfinserv.in/investments/epf-or-pf-withdrawal-rules,official | news | blog,high,2026-09-12,OCS FAQ two-month rule is official. Scheme 2026 waiting-period variants are medium-confidence secondary reporting; portal wins.
epfo-rr-034,Form 19 filed while member is still in PF-covered employment,Still employed | Member working presently under establishment coverable under PF Act | Out of service reason selected while active | Wrongly claimed final settlement while working | Still showing as employed | Out of service selected while working | Cannot file Form 19 while in service | Presently employed in covered establishment,Eligibility_Service,Form 19 PF Final Settlement | Composite Claim Form | UMANG/Member Portal Online Claim,critical,OCS FAQ Q3(b): Member should not be working presently under any establishment coverable under PF Act. ClearTax: applying Form 31 but selecting 'Out of Service' (or the reverse) is a typical error.,"Final settlement is for exit/retirement/unemployment, not for cash-out while on payroll of a covered employer. If a new employer has already allotted a member ID, or the old DOE is blank, the system treats you as employed. Dual employment (two covered jobs) also blocks Form 19.",No DOE; immediate joining of next PF job; selecting final settlement because the UI listed it; contractor still filing ECR.,Active member ID in service history. Latest ECR. Claim-type vs employment status.,"If still employed and you need funds, use Form 31 for a permitted purpose, not Form 19. | If you have left and joined another covered employer, file Form 13 transfer, not Form 19. | If you have truly left and are unemployed, get DOE marked and wait the required period. | If a ghost/wrong member ID shows you as employed, delink it (epfo-rr-051).",Service History | Relieving letter if truly exited | Form 31 supporting purpose if still employed,member,Match the form to life status: employed → 31; unemployed after wait → 19; new job → 13.,epfo-rr-024 | epfo-rr-043 | epfo-rr-039 | epfo-rr-051,https://www.epfindia.gov.in/site_docs/PDFs/MiscPDFs/FAQ_OCS_050517_1017.pdf | https://cleartax.in/c/pf-withdrawal-online | https://epfindia.gov.in/site_docs/PDFs/Downloads_PDFs/Form19_instructions_Eng.pdf | https://pfbalancecheck.com/epfo-claim-rejected-reason/,official | blog,high,2026-09-12,OCS FAQ Q3(b).
epfo-rr-035,Form 10C pension withdrawal benefit claimed with less than six months' eligible service,EPS not eligible | Service less than 6 months | Pension withdrawal not eligible | Do not file Form 10C if EPS service under 6 months,Eligibility_Service,Form 10C Pension Withdrawal Benefit | Composite Claim Form | UMANG/Member Portal Online Claim,high,Official OCS FAQ Q4: Member's Total Service should be more than 6 months and less than 9.5 years in addition to Form 19 conditions for filing Pension Withdrawal Benefit Claim. ClearTax: service less than 6 months — generally cannot withdraw pension money.,"EPS withdrawal benefit is not payable for very short service. Under 6 months, Form 10C cash-out is the wrong product. Members who join and leave quickly should only file Form 19 for the EPF (PF) portion. Filing 10C anyway yields rejection, sometimes with remarks about EPS eligibility or contribution mismatch.",Composite claim defaulting both 19 and 10C; member unaware of 6-month EPS floor; service history understating months actually worked.,System service calculation < 6 months. OCS eligibility for type 10C. Passbook EPS columns thin.,"Check total EPS service across all member IDs (not just last job). | If truly under 6 months, file only Form 19; skip 10C. | If you actually worked longer but history is short, get DOE/DOJ/ECR corrected first (epfo-rr-024, epfo-rr-029). | If service is 9.5 years or more, do not use 10C cash-out (epfo-rr-036).",Service History | Passbook showing EPS contributions,member,"On the claim dropdown, select Only PF Withdrawal (Form 19) when EPS service is under 6 months.",epfo-rr-036 | epfo-rr-044 | epfo-rr-042,https://www.epfindia.gov.in/site_docs/PDFs/MiscPDFs/FAQ_OCS_050517_1017.pdf | https://www.epfindia.gov.in/site_docs/PDFs/MiscPDFs/OCS_FAQ_Eligibility_102017.pdf | https://cleartax.in/c/pf-withdrawal-online | https://www.epfindia.gov.in/site_en/WhichClaimForm.php?id=in_sm | https://www.reddit.com/r/epfoindia/comments/1m6co8r/why_so_many_epf_claims_are_being_rejected_and/,official | blog | forum,high,2026-09-12,OCS FAQ Q4 is the primary official source.
epfo-rr-036,Form 10C cash withdrawal filed when pensionable service is 10 years or more (Scheme Certificate / Form 10D required),Service 10 years or more | Cannot withdraw pension cash | Should take scheme certificate | Form 10C rejected because eligible for pension | Service 10 years Form 10C not allowed | Take scheme certificate not withdrawal benefit | Pensionable service >=10 Form 10C cash blocked,Eligibility_Service,Form 10C Pension Withdrawal Benefit | Composite Claim Form | UMANG/Member Portal Online Claim,high,"OCS FAQ Q4: Form 10C withdrawal benefit only if total service more than 6 months and less than 9.5 years. 9.5 years is rounded to 10 years of pensionable service. Beyond that, member is entitled to monthly pension (Form 10D) or a Scheme Certificate via 10C (certificate, not cash). Mint/Kustodian: lump sum 10C only if service < 10 years.","EPS is a pension scheme. After 10 years (including the 6-month rounding from 9 years 6 months), India does not let you cash out the pension corpus as if it were PF. Filing 10C for 'withdrawal benefit' is rejected. The correct products are Scheme Certificate (preserve service until 58) or Form 10D at eligible age. This is one of the most painful 'wrong form' rejections because the member expected a second lumpsum alongside Form 19.",Composite claim auto-including 10C; misunderstanding that 'pension contribution' is withdrawable like PF; service history crossing 10 years after transfers.,Service >= 9.5/10 years. Portal may still show 10C; field office rejects. Remark: EPS not eligible for withdrawal / apply for pension.,"Sum pensionable service across all UANs/member IDs after transfers. | If >=10 years (or 9 years 6 months rounded up), file Form 19 for PF only, and Form 10C only if you need a Scheme Certificate, or wait and file Form 10D at age 58 (or reduced pension from 50). | Do not keep refiling 10C for cash. | If service is wrongly inflated by overlap, get dates corrected rather than abandoning a genuine pension.",Service History / Annexure K | Passbook EPS columns | Scheme Certificate option understanding,member,"Before exit, compute EPS years. If close to 10, consider staying employed a few months rather than destroying pension eligibility by a bad 10C attempt — actually once you have 10 years you should keep the pension, not cash out.",epfo-rr-037 | epfo-rr-038 | epfo-rr-043 | epfo-rr-044,https://www.epfindia.gov.in/site_docs/PDFs/MiscPDFs/FAQ_OCS_050517_1017.pdf | https://www.epfindia.gov.in/site_en/WhichClaimForm.php?id=in_sm | https://www.livemint.com/money/personal-finance/epfo-top-reasons-your-employees-provident-fund-settlement-claims-rejected-explained-epf-scheme-document-errors-mismatch-11783073513956.html | https://kustodian.life/resources/epf-form-10d-the-2026-guide-to-claiming-your-monthly-pension | https://cleartax.in/c/pf-withdrawal-online,official | news | blog,high,2026-09-12,9.5-year threshold is official OCS FAQ wording.
epfo-rr-037,Form 10D monthly pension claimed with less than 10 years' eligible service,Service less than 10 years for pension | Form 10D rejected service short | Pensionable service deficit | Service gaps making service <10 years,Eligibility_Service,Form 10D Monthly Pension,critical,EPS-95: monthly pension generally requires 10 years' eligible service (9 years 6 months rounded up). Disablement pension is a documented exception even without 10 years. Form 10D guides list service gaps / non-contributory periods as a top rejection reason because the system calculates under 10 years.,"If EPFO's ledger shows 9 years 2 months of pensionable service, Form 10D fails and the member should have used Form 10C withdrawal (if otherwise eligible) instead. Gaps from unmarked absent days, missing ECR, unmerged UANs, or untransferred old accounts cause this. Members who 'know' they worked 12 years but whose passbook shows 8 will be rejected until history is rebuilt.",Missing EPS contributions; unmerged UANs; employer marked absent; service not transferred; DOB/DOE errors.,Service History total <10. Form 10D eligibility engine. PPO not generated.,"Export full service history and passbooks for every member ID/UAN. | Restore missing months via employer ECR/3A corrections and Joint Declaration for DOJ/DOE. | Merge multiple UANs and complete Form 13 so Annexure K is complete. | If true service is under 10 years (and under 9.5), file Form 10C withdrawal benefit instead, not 10D. | Disablement cases: follow disablement pension rules with medical evidence rather than superannuation 10D.",All passbooks | Appointment letters across jobs | Form 3A / ECR proofs | Medical board certificate for disablement pension,mixed,Track EPS years annually after age 45. | Never leave old PF untransferred if you care about pension.,epfo-rr-036 | epfo-rr-042 | epfo-rr-046 | epfo-rr-029,https://kustodian.life/resources/epf-form-10d-the-2026-guide-to-claiming-your-monthly-pension | https://www.epfindia.gov.in/site_en/WhichClaimForm.php?id=in_sm | https://www.financialexpress.com/money/epfo-pension-rules-settlement-in-20-days-but-heres-why-many-eps-claims-still-get-rejected-4168274/ | https://www.epfindia.gov.in/site_docs/PDFs/MiscPDFs/FAQ_OCS_050517_1017.pdf | https://www.reddit.com/r/epfoindia/comments/1m6co8r/why_so_many_epf_claims_are_being_rejected_and/,blog | official | news | forum,high,2026-09-12,10-year rule is scheme-level; 9.5 rounding is OCS FAQ. Disablement exception is in Form 10D explainers.
epfo-rr-038,"Form 10D claimed before eligible age (normally 58, or 50 for reduced early pension)",Age not eligible for pension | Claimed pension before 58 | Early pension not eligible | DOB makes member underage for 10D,Eligibility_Service,Form 10D Monthly Pension,high,Superannuation pension at 58; reduced early pension generally from 50 with about 4% reduction per year of anticipation. Wrong DOB can make a 58-year-old look 47. Family pension on death has different age logic.,A healthy member aged 48 with 20 years' service still cannot start ordinary monthly pension. Filing 10D is rejected. Early pension (50–57) is optional and permanently reduced; taking it and then rejoining a covered job can suspend the pension. DOB mismatch (epfo-rr-002) often sits underneath this remark.,DOB error; confusion with PF withdrawal age; early-pension rules not read.,DOB vs 50/58. Claim type 10D. Field office age check.,"Verify DOB on UAN vs Aadhaar; correct via JD if UAN is wrong. | If under 50, wait, or take Form 19 for PF and keep Scheme Certificate for later pension. | If 50–57, apply only if you accept the reduced pension and understand re-employment rules. | Family pension after death uses Form 10D as a survivor claim, not the member's age-58 rule — use death-claim path.",Aadhaar/DOB proof | Service History | For early pension: understanding of reduction,member,Do not file 10D on retirement from a private job at 45 unless disablement/death rules apply.,epfo-rr-002 | epfo-rr-037 | epfo-rr-064,https://kustodian.life/resources/epf-form-10d-the-2026-guide-to-claiming-your-monthly-pension | https://www.epfindia.gov.in/site_en/WhichClaimForm.php?id=in_sm | https://www.financialexpress.com/money/epfo-pension-rules-settlement-in-20-days-but-heres-why-many-eps-claims-still-get-rejected-4168274/,blog | official | news,high,2026-09-12,Age 58/50 rules are standard EPS; reduction percentage is widely reported as 4% per year — verify current scheme text.
epfo-rr-039,Form 31 advance purpose ineligible or minimum membership/service not met,Not eligible for the reason selected | Form 31 purpose mismatch | Insufficient service for advance | 12 months membership not completed | Wrong withdrawal reason | Wrong reason selected in Form 31 | Insufficient member service for advance | SMS: Not eligible for selected purpose,Eligibility_Service,Form 31 Partial Withdrawal/Advance | Composite Claim Form | UMANG/Member Portal Online Claim,high,"OCS FAQ Q5: Date of Joining should be available for Form 31. Historically, purposes had different service locks (e.g. longer waits for housing/marriage). EPF Scheme 2026 reporting (from 29 June 2026) describes a uniform 12-month membership for partial withdrawals grouped as Essential Needs, Housing Needs, and Special Circumstances. Older articles still mention 5–7 years for house/marriage. Live portal purpose list and eligibility flags control the claim.","Form 31 is purpose-constrained. Selecting 'purchase of house' without enough membership, or 'lockdown/unemployment' while still on payroll, or education without eligible dependants, leads to rejection even if KYC is perfect. Under 2026 explainers, all partial categories need 12 months' membership and the portal calculates eligible amount including a 25% retention. Using Form 31 as a workaround for Form 19 while employed also fails.",Wrong purpose code; service below threshold; DOJ missing; selecting a purpose that requires documents the member cannot support.,Claim dropdown eligibility. Remark: not eligible for reason selected. Amount vs limit.,"Open Proceed for Online Claim and read which Form 31 purposes the portal enables for your UAN — disabled rows mean ineligible. | Confirm DOJ and total membership months. | Pick the purpose that matches facts (medical vs housing vs marriage vs special circumstances). | Do not exceed the amount the portal computes. | If you have left employment, use Form 19 rather than a fake Form 31 purpose. | If Scheme 2026 changed a threshold, follow the portal, not a 2017 blog.",Service History with DOJ | Purpose-specific self-certification or proofs if asked | KYC verified,member,Read the purpose description before clicking. | Keep 12 months' contributions posted before planning an advance.,epfo-rr-040 | epfo-rr-043 | epfo-rr-025 | epfo-rr-053,https://www.epfindia.gov.in/site_docs/PDFs/MiscPDFs/FAQ_OCS_050517_1017.pdf | https://cleartax.in/c/pf-withdrawal-online | https://www.taxbuddy.com/blog/understanding-partial-pf-withdrawal-using-form-31 | https://www.shriramlife.com/blog/advice/form-31-in-epfo | https://www.jagranjosh.com/general-knowledge/epf-scheme-withdrawal-rules-2026-3day-settlement-limits-and-online-claim-1820010445-1 | https://kustodian.life/resources/provident-fund/epf-scheme-2026-withdrawal-rules-changed | https://www.pensionbazaar.com/epf/epf-withdrawal-rules/ | https://pfbalancecheck.com/epfo-claim-rejected-reason/,official | blog | news,medium,2026-09-12,Pre-2026 purpose-wise service years varied; 2026 uniform 12-month rule is secondary-sourced. Confidence medium on exact 2026 purpose codes because official gazette text was not independently fetched (epfindia 403). Do not invent purpose codes.
epfo-rr-040,Form 31 amount exceeds permitted limit or would breach the mandatory retained balance,Amount exceeds limit | 25 percent minimum balance | Advance more than eligible | 75 percent cap | Amount exceeds eligible limit | 25 percent minimum balance rule | Claim amount more than permitted | Retention balance breach Form 31,Eligibility_Service,Form 31 Partial Withdrawal/Advance | UMANG/Member Portal Online Claim,medium,"Mint (3 Jul 2026) on EPF Scheme 2026: members must maintain 25% minimum balance, i.e. access at most 75% on partial withdrawal. ClearTax and Jagran Josh report the same. Historical Form 31 had purpose-specific rupee/wage multiples (e.g. 6 months' wages for medical, 90% for housing). The portal now typically auto-calculates eligible amount.","Typing a round number larger than the eligible slice causes rejection or truncation. Under 2026 reporting, even if a purpose allows 'up to 100% of eligible', 25% of the corpus must remain. Members who try to drain the account via Form 31 while employed hit this cap.",Manual amount entry above system cap; not reading the computed eligible amount; confusing employee-share-only limits with total corpus.,Amount field vs eligible amount. Rejection remark on excess. Portal warning.,"Let the portal display eligible amount; do not override upward. | For medical/education/housing, understand whether the cap is employee share, months of wages, or percent of balance. | Refile within the cap. If you need the rest, you must actually exit and use Form 19 after eligibility, not stack Form 31s beyond rules.",Passbook | Portal eligible-amount screenshot,member,Treat the auto-calculated amount as the legal maximum.,epfo-rr-039 | epfo-rr-034,https://www.livemint.com/money/personal-finance/epfo-top-reasons-your-employees-provident-fund-settlement-claims-rejected-explained-epf-scheme-document-errors-mismatch-11783073513956.html | https://cleartax.in/c/pf-withdrawal-online | https://www.jagranjosh.com/general-knowledge/epf-scheme-withdrawal-rules-2026-3day-settlement-limits-and-online-claim-1820010445-1 | https://kustodian.life/resources/provident-fund/epf-scheme-2026-withdrawal-rules-changed | https://www.taxbuddy.com/blog/understanding-partial-pf-withdrawal-using-form-31,news | blog,medium,2026-09-12,25% retention is well reported for Scheme 2026 but gazette not fetched here. Historical purpose caps remain relevant if the portal still applies them.
epfo-rr-041,Overlapping service periods between two employments / member IDs,Service overlap detected | Employment date overlap | Overlapping service | Date overlap | Overlapping employment records | DOJ DOE overlap two member IDs,Eligibility_Service,Form 19 PF Final Settlement | Form 10C Pension Withdrawal Benefit | Form 10D Monthly Pension | Form 13 Transfer | Form 31 Partial Withdrawal/Advance | UMANG/Member Portal Online Claim,high,Portal: 'Service overlap detected.' Historically a common transfer/settlement rejection. EPFO circular No. WSU/TransferClaim/E-52972/2025-26/07 dated 20 May 2025 instructs Regional Offices to process transfer claims even with overlapping services and not to reject overlap per se; clarification only if genuinely needed. Withdrawal claims may still be blocked until dates or contributions are rationalised.,"If employer A's exit is 15 June and employer B's joining is 1 June, the system flags dual service. Causes include notice-period joining, payroll lag, or wrong DOE. Overlap used to auto-kill Form 13. After the May 2025 circular, transferor offices should process genuine overlaps (e.g. weekend/notice gaps that look like overlap). Settlement claims can still fail until service history is consistent, because EPS entitlement and dual-employment checks remain.",Incorrect DOE/DOJ; two UANs; actual dual employment; contractor and principal both filing ECR.,Service History date ranges intersect. Transfer rejection (legacy). Settlement remark.,"Map every DOJ/DOE on a timeline against appointment and relieving letters. | Get the wrong date corrected via employer or Joint Declaration (Date of Joining / Date of Leaving). | For genuine short overlaps (joining during notice), attach both letters and cite the 20 May 2025 circular if a transfer is still being rejected solely for overlap. | If actual dual employment exists, it is a compliance issue (epfo-rr-077), not just a date typo. | Complete pending Form 13 after dates are coherent, then file withdrawal if needed.",Appointment and relieving letters of both jobs | JD for date correction | Copy of circular 20 May 2025 if arguing a wrongful transfer rejection,mixed,"New employer should not file DOJ before actual joining. | Old employer should mark DOE on last working day, not weeks later.",epfo-rr-024 | epfo-rr-025 | epfo-rr-070 | epfo-rr-077 | epfo-rr-046,https://www.staffnews.in/2025/06/simplification-of-transfer-claim-process.html | https://www.news18.com/business/savings-and-investments/epfo-your-claims-cant-be-rejected-if-there-is-genuine-service-overlapping-read-official-clarification-ws-l-9352924.html | https://www.financialexpress.com/money/epfos-game-changer-move-on-fund-transfer-now-there-will-be-no-claim-rejection-due-to-this-problem-details-3854653/ | https://ascent-hr.com/notification/epfo-simplifies-the-transfer-claim-process-when-there-are-overlapping-service-periods/ | https://zerodha.com/z-connect/varsity/epfo-claim-rejections-what-is-service-overlap-and-how-to-merge-pf-accounts | https://www.epfindia.gov.in/site_docs/PDFs/Circulars/Y2025-2026/Revamped_F13_Functionality.pdf | https://kustodian.life/resources/epf-claim-rejected-reasons-guide,circular | news | blog,high,2026-09-12,"Circular number WSU/TransferClaim/E-52972/2025-26/07 dated 20/May/2025 is documented via StaffNews full text. It is about transfer claims, not a blanket ban on settlement rejections."
epfo-rr-042,"Service history gaps, missing EPS months, or incomplete contribution record",Service record incomplete | EPS contribution not available | Non-contributory period | Missing service history | Gaps in contribution history,Eligibility_Service,Form 10C Pension Withdrawal Benefit | Form 10D Monthly Pension | Form 19 PF Final Settlement | Form 13 Transfer | Form 5IF EDLI Death Insurance,high,"Government reply on EPS rejections: contribution-related discrepancies, incorrect wage reporting, gaps in contribution history. Form 10D guides: non-contributory/absent periods can drop calculated service below 10 years.","Pensionable service is not calendar time at the company; it is months with EPS contribution. Unpaid leave marked without contribution, missing ECR, and broken transfers create holes. Claims that need a service-length test (10C, 10D, some 31s, EDLI averages) then fail or underpay.",Employer default; wrong wage ceiling so EPS not deducted; untransferred old accounts; software not counting certain months.,Passbook months vs tenure. Annexure K holes. 10D service engine.,"Build a spreadsheet of tenure vs posted EPS months. | Have employers file missing ECR/revised returns; use 3A correction where applicable. | Transfer old accounts so history consolidates. | For closed employers, submit appointment/payslip evidence to the Regional Office to reconstruct. | Refile once the ledger matches reality.",All passbooks | Payslips | Form 3A/ECR | Appointment letters,mixed,Reconcile passbook yearly. | Transfer PF within months of switching jobs.,epfo-rr-029 | epfo-rr-037 | epfo-rr-069 | epfo-rr-044,https://www.financialexpress.com/money/epfo-pension-rules-settlement-in-20-days-but-heres-why-many-eps-claims-still-get-rejected-4168274/ | https://www.etnownews.com/personal-finance/epfo-pension-rules-why-eps-claims-get-rejected-govt-reveals-basis-errors-kyc-aadhaar-and-more-article-153801634 | https://www.outlookmoney.com/retirement/pension/epf-claim-settlement-why-epfo-rejects-the-claims-and-what-subscribers-can-do | https://kustodian.life/resources/epf-form-10d-the-2026-guide-to-claiming-your-monthly-pension | https://www.reddit.com/r/epfoindia/comments/1m6co8r/why_so_many_epf_claims_are_being_rejected_and/ | https://www.livemint.com/money/personal-finance/epfo-showing-wrong-service-history-what-employees-should-check-immediately-and-do-next-to-rectify-the-error-11786520369893.html,news | blog | forum,high,2026-09-12,
epfo-rr-043,Wrong claim form selected for the member's situation,Wrong form | Incorrect claim form | Form 19 vs 31 vs 10C mix-up | Wrong form / claim rejected due to wrong form | Wrong form selected 31 vs 19 vs 10C | Incorrect claim type | Please select correct claim form,Eligibility_Service,Form 19 PF Final Settlement | Form 10C Pension Withdrawal Benefit | Form 10D Monthly Pension | Form 31 Partial Withdrawal/Advance | Composite Claim Form | UMANG/Member Portal Online Claim,high,Outlook/MoS: incorrect claim form is a stated rejection cause. FinRight maps situations to forms. Official Which-Claim-Form page assigns 19/20/10C/10D/5IF by life event including death and service length.,The portal dropdown lets people pick a form they are not eligible for. Classic errors: Form 31 while unemployed for full cash-out; Form 19 while employed; Form 10C after 10 years; Form 10D before 10 years or before age; using Form 19 instead of Form 20 after death. Composite forms combine 19+10C+31 and make this easier to get wrong if the member ticks everything.,UI confusion; composite claim defaults; death family using member forms; Scheme 2026 category rename confusion.,Eligibility engine vs selected type. Which-claim-form matrix. Remark: wrong form.,"Use this mapping: still employed + permitted purpose → Form 31; left job + unemployed/retired → Form 19 for PF; EPS <10 years → 10C withdrawal; EPS >=10 years and age eligible → 10D; death in service → 20 + 10D/10C + 5IF as applicable; job change → Form 13. | Consult epfindia Which Claim Form page for death permutations (age 58, 10 years, in service vs away from service). | Refile only the correct form after KYC is clean.",Service History | DOE/age/nominee facts,member,Read Which Claim Form before clicking Proceed for Online Claim.,epfo-rr-034 | epfo-rr-035 | epfo-rr-036 | epfo-rr-039 | epfo-rr-049,https://www.epfindia.gov.in/site_en/WhichClaimForm.php?id=in_sm | https://www.outlookmoney.com/retirement/pension/epf-claim-settlement-why-epfo-rejects-the-claims-and-what-subscribers-can-do | https://finright.in/blogs/most-common-reasons-for-epf-claim-rejections-and-tips-to-avoid-them | https://cleartax.in/c/pf-withdrawal-online | https://pfbalancecheck.com/epfo-claim-rejected-reason/,official | news | blog,high,2026-09-12,
epfo-rr-044,Form 11 / EPS membership status discrepancy (EPS enrolled vs not enrolled),EPS discrepancy | Form 11 error | Pension contribution mismatch | EPS membership status mismatch | Salary above 15000 at joining so no EPS,Eligibility_Service,Form 10C Pension Withdrawal Benefit | Form 10D Monthly Pension | Form 19 PF Final Settlement | Form 13 Transfer,high,"FinRight: Form 11 asks EPS membership; wrong status creates mismatch. New joiners with pay above the statutory pensionable wage ceiling at first covered employment may not have been enrolled in EPS (historical Rs 15,000 ceiling — confirm current ceiling). Passbook without EPS column vs a 10C claim is a typical fail.","Not every EPF member is an EPS member. If Form 11 said 'existing EPS member' incorrectly, or the employer deducted EPS when they should not (or vice versa), the claim engine sees 'pension contribution mismatch'. High-salary joiners who never had EPS cannot file 10C/10D. Conversely, people who had EPS at a first low-wage job remain EPS members later.",Wrong Form 11 tick; wage-ceiling confusion; employer deducted only EPF 12%+3.67% without 8.33% EPS or the opposite.,Form 11 vs first passbook EPS line. Claim 10C with zero EPS. 10D with no pensionable service.,"Inspect the earliest passbook: is there an EPS/pension contribution column? | Read the first offer letter wage vs the EPS wage ceiling then in force. | If the ledger is wrong, employer must file ECR/3A correction, not the member via a claim. | If you were never in EPS, do not file 10C/10D; file Form 19 only. | If you were in EPS but a later employer stopped EPS wrongly, get that corrected for pension service.",Form 11 copies | First and subsequent passbooks | Offer letters / wage proofs,mixed,Fill Form 11 with the old UAN and honest EPS-member answer. | Look at month-1 passbook immediately.,epfo-rr-035 | epfo-rr-036 | epfo-rr-042,https://finright.in/blogs/most-common-reasons-for-epf-claim-rejections-and-tips-to-avoid-them | https://www.reddit.com/r/epfoindia/comments/1m6co8r/why_so_many_epf_claims_are_being_rejected_and/ | https://www.epfindia.gov.in/site_docs/PDFs/MiscPDFs/FAQ_OCS_050517_1017.pdf | https://cleartax.in/c/pf-withdrawal-online,blog | forum | official,medium,2026-09-12,Wage ceiling and Form 11 logic are standard EPF practice; exact current ceiling should be verified on epfindia. No invented Form 11 'error code'.
epfo-rr-045,Inoperative or blocked UAN/member account not unblocked before claim,Inoperative account | Account blocked | Transaction-less account | Unblocking required,Eligibility_Service,Form 19 PF Final Settlement | Form 10C Pension Withdrawal Benefit | Form 10D Monthly Pension | Form 31 Partial Withdrawal/Advance | Form 13 Transfer | UMANG/Member Portal Online Claim,high,"EPFO SOP on inoperative/transaction-less accounts (Circular SOP WSU 02.08.2024) requires KYC seeding (Aadhaar, PAN, bank) and an unblocking request. Additional scrutiny and extra approval layers apply, especially for higher amounts and older inoperative accounts. Claims filed on a still-blocked account fail or face extra verification.","Accounts with no contributions for a long period may be marked inoperative for fraud control. The member must unblock via the member portal Help Desk / Inoperative Account Assistance after KYC is seeded. Employer has a time window to process; closed establishments skip to the field office. Until unblocked, online settlement is not a normal 2-level claim.",Years without ECR after resignation; KYC never seeded; fraud-prevention flag.,Portal message about inoperative/blocked. Unblocking menu. Claim extra scrutiny.,"Seed Aadhaar, PAN, and bank until Verified. | Use Member Portal Help Desk / Inoperative Account Assistance to request unblocking. | If employer is active and account inoperative <3 years (as reported in explainers), employer may need to act within the SOP timeline; if closed, it goes to DA/OIC. | For long-inoperative high-value accounts, be ready for additional verification (peer confirmation / extra officer levels per SOP tables). | After unblock, file the claim; do not expect the claim itself to unblock the account.","Verified Aadhaar, PAN, bank KYC | Identity proofs for extra scrutiny | Employment proofs if asked",mixed,Keep at least KYC updated even if you do not contribute. | Do not abandon a UAN for a decade and then expect same-day settlement.,epfo-rr-076 | epfo-rr-005 | epfo-rr-006 | epfo-rr-015,https://www.epfindia.gov.in/site_docs/PDFs/Circulars/Y2024-2025/Circular_SOP_WSU_02082024.pdf | https://www.business-standard.com/finance/personal-finance/epfo-issues-new-rules-for-inoperative-inactive-accounts-to-combat-fraud-124080600360_1.html | https://economictimes.indiatimes.com/wealth/save/latest-epfo-rules-how-to-unblock-inoperative-epf-account-settle-claims/articleshow/107544015.cms | https://www.outlookmoney.com/retirement/plan/news/explained-epfos-new-guidelines-for-inoperative-epf-accounts | https://www.business-standard.com/finance/personal-finance/unblocking-inactive-epf-account-what-employees-must-do-124100200247_1.html,official | circular | news,high,2026-09-12,SOP file Circular_SOP_WSU_02082024.pdf. Extra approval layers for flagged MIDs are in that SOP (e.g. additional officer for higher slabs).
epfo-rr-046,Multiple UANs not merged; service and EPS split across accounts,Multiple UAN | Duplicate UAN | UAN merge pending | Split records | Multiple UAN merge required | Duplicate UAN claim blocked | Aadhaar linked different UAN,Eligibility_Service,Form 19 PF Final Settlement | Form 10C Pension Withdrawal Benefit | Form 10D Monthly Pension | Form 13 Transfer | Form 31 Partial Withdrawal/Advance | UMANG/Member Portal Online Claim,high,"Practitioners and EPFO communications encourage one UAN lifelong. Split UANs cause Aadhaar-seeding conflicts, incomplete EPS service, and transfer failures. Pension Division circular E-597451/4406 dated 29.01.2024 is cited in the 20 May 2025 overlap circular regarding EPS entitlement of members having multiple account numbers.","Each new UAN restarts identity and service. Aadhaar can usually seed to only one. Claims on the 'new' UAN miss old money; claims on the 'old' UAN miss KYC. 10D service is undercounted. The fix is merge/transfer into one UAN, not two parallel claims.",New employer generated a UAN ignoring Form 11 old UAN; member lost old UAN.,Know Your UAN returns two numbers. Aadhaar seeding error. Two passbooks.,List all UANs and member IDs. | Transfer (Form 13) all member IDs into the surviving UAN (usually the Aadhaar-seeded one). | Request deactivation of the extra UAN via EPFiGMS if the portal merge tool needs office help. | Only then file 19/10C/10D so service is complete.,All UAN letters/payslips | Aadhaar | Form 13 acknowledgements,mixed,Always declare existing UAN on Form 11. | Never click 'no previous PF' if you had EPF.,epfo-rr-011 | epfo-rr-037 | epfo-rr-073 | epfo-rr-041,https://www.staffnews.in/2025/06/simplification-of-transfer-claim-process.html | https://zerodha.com/z-connect/varsity/epfo-claim-rejections-what-is-service-overlap-and-how-to-merge-pf-accounts | https://finright.in/blogs/most-common-reasons-for-epf-claim-rejections-and-tips-to-avoid-them | https://cleartax.in/c/pf-withdrawal-online | https://www.epfindia.gov.in/site_docs/PDFs/MiscPDFs/FAQ_OCS_050517_1017.pdf,circular | blog | official,high,2026-09-12,Pension Division circular E-597451/4406 dated 29/01/2024 is referenced by the 20 May 2025 WSU circular (not independently fetched).
epfo-rr-047,Incomplete or incorrectly filled claim application,Incomplete form | Incorrect or incomplete claim applications | Details missing on form | Wrongly filled bank or service fields,Form_Documentation,Form 19 PF Final Settlement | Form 10C Pension Withdrawal Benefit | Form 10D Monthly Pension | Form 31 Partial Withdrawal/Advance | Form 20 Death PF Settlement | Form 5IF EDLI Death Insurance | Composite Claim Form | Form 13 Transfer | International Worker Claim,medium,"MoS Labour (Outlook/Financial Express/ET Now): most EPS/EPF rejections happen due to incorrect or incomplete claim applications — missing service records, bank details, or personal information — rather than policy changes.","Physical and even online forms with blank mandatory fields, contradictory dates, or skipped declarations are returned. Online flows reduce this but still require bank last-4 verification, undertaking, and purpose fields. Death forms with blank relationship or wage fields are frequent. This is the residual 'hygiene' rejection after KYC is fine.",Rushed filing; offline PDF filled by a cafe operator; UMANG dropping optional-but-needed fields.,Field office deficiency memo. Portal validation. Parliamentary list of rejection causes.,"Use the official current PDF or portal, not a pirated old form. | Fill every mandatory field; match UAN, bank, dates to KYC. | For death/EDLI, complete wage/PF-balance fields only from passbook, not guesses. | Tick the undertaking and authenticate OTP. | Refile a complete form rather than arguing about the old deficient one.",Complete current-version form | KYC copies | Passbook,member,Preview the form before submit. | Do not let agents fill names differently from Aadhaar.,epfo-rr-048 | epfo-rr-050 | epfo-rr-043,https://www.outlookmoney.com/retirement/pension/epf-claim-settlement-why-epfo-rejects-the-claims-and-what-subscribers-can-do | https://www.financialexpress.com/money/epfo-pension-rules-settlement-in-20-days-but-heres-why-many-eps-claims-still-get-rejected-4168274/ | https://www.etnownews.com/personal-finance/epfo-pension-rules-why-eps-claims-get-rejected-govt-reveals-basis-errors-kyc-aadhaar-and-more-article-153801634 | https://epfindia.gov.in/site_docs/PDFs/Downloads_PDFs/Form19_instructions_Eng.pdf | https://www.epfindia.gov.in/site_docs/PDFs/Downloads_PDFs/Form5IF_Instructions_Eng.pdf,news | official,high,2026-09-12,Government reply as reported by multiple national outlets.
epfo-rr-048,"Required supporting documents not submitted (especially death, pension, and physical claims)",Non-submission of required documents | Missing documents | Documents not attached | Death certificate/legal heir not submitted,Form_Documentation,Form 20 Death PF Settlement | Form 5IF EDLI Death Insurance | Form 10D Monthly Pension | Composite Claim Form | Form 31 Partial Withdrawal/Advance | International Worker Claim | Form 19 PF Final Settlement,high,"MoS Labour: claims rejected for non-submission of death certificate, legal heir or succession documents, family details and nomination records. Form 5IF instructions list death certificate, guardianship certificate, succession certificate, cancelled cheque.","Aadhaar online Form 19/31 often needs no extra PDF. Death, disablement, legal-heir, IW-without-Aadhaar, and some housing advances still need attachments. Missing one listed document = rejection, not a partial pay.",Assuming paperless applies to death claims; uploading unreadable images; omitting succession when there is no nomination.,Form instruction checklist vs file. Deficiency letter.,"Print the official instruction PDF for that form and tick every document. | For death: death certificate, claimant KYC, cancelled cheque, nomination or succession/legal-heir, guardianship if minor. | For IW physical: passport and bank proofs per 29.11.2024 circular. | Resubmit a complete set; keep photocopies.",As per the specific form instruction PDF | Death certificate where applicable | Succession/legal heir if no nominee,member,Complete e-nomination while alive so death claims need fewer succession papers.,epfo-rr-062 | epfo-rr-063 | epfo-rr-065 | epfo-rr-074,https://www.outlookmoney.com/retirement/pension/epf-claim-settlement-why-epfo-rejects-the-claims-and-what-subscribers-can-do | https://www.financialexpress.com/money/epfo-pension-rules-settlement-in-20-days-but-heres-why-many-eps-claims-still-get-rejected-4168274/ | https://www.epfindia.gov.in/site_docs/PDFs/Downloads_PDFs/Form5IF_Instructions_Eng.pdf | https://www.epfindia.gov.in/site_en/WhichClaimForm.php?id=in_sm | https://epfindia.gov.in/site_docs/PDFs/Downloads_PDFs/Form19_instructions_Eng.pdf,news | official,high,2026-09-12,
epfo-rr-049,Wrong Composite Claim Form used (Aadhaar vs Non-Aadhaar) or CCF filed without meeting seeding conditions,CCF Aadhaar without seeding | Non-Aadhaar form used when Aadhaar seeded | Composite claim form incorrect,Form_Documentation,Composite Claim Form | Form 19 PF Final Settlement | Form 10C Pension Withdrawal Benefit | Form 31 Partial Withdrawal/Advance,medium,Official CCF (Aadhaar) instructions: use only if UAN activated and Aadhaar + bank seeded; can be submitted without employer attestation. Non-Aadhaar CCF requires employer attestation. Mixing the two is a documentary reject.,"Two composite PDFs exist. Using the Aadhaar CCF without seeded Aadhaar/bank, or using Non-Aadhaar and skipping employer stamp, returns the claim. Online portal claims already are the digital CCF; mailing a redundant paper CCF while an online claim is pending creates duplicates.",Google-downloaded old form; cyber-cafe filling the wrong PDF.,Field office form-type check. Missing attestation on Non-Aadhaar CCF.,"If UAN is activated and Aadhaar+bank verified, prefer online claim; if paper needed, use CCF (Aadhaar) only. | If Aadhaar is not seeded, use CCF (Non-Aadhaar) with last employer attestation, or seed Aadhaar and go online. | Do not file paper CCF and online claim together (epfo-rr-052).",Correct CCF PDF | Employer attestation if Non-Aadhaar | KYC copies,mixed,Download forms only from epfindia.gov.in.,epfo-rr-005 | epfo-rr-026 | epfo-rr-052,https://www.epfindia.gov.in/site_docs/PDFs/Downloads_PDFs/Instructions_CCF_aadhar.pdf | https://www.epfindia.gov.in/site_docs/PDFs/Circulars/Y2016-2017/Composite_Claim_Forms_31792.pdf | https://www.paisabazaar.com/saving-schemes/epf-composite-claim-form/ | https://cleartax.in/c/pf-withdrawal-online | https://www.epfindia.gov.in/site_en/WhichClaimForm.php?id=in_sm,official | circular | blog,high,2026-09-12,Composite_Claim_Forms_31792.pdf (2016-17) introduced the two CCFs.
epfo-rr-050,Missing claimant or employer signature / stamp on physical claim,Missing signature | Unsigned form | Employer stamp missing | All pages not signed,Form_Documentation,Form 19 PF Final Settlement | Form 10C Pension Withdrawal Benefit | Form 10D Monthly Pension | Form 20 Death PF Settlement | Form 5IF EDLI Death Insurance | Composite Claim Form | Form 13 Transfer | International Worker Claim,medium,"Form 19 instructions: if downloaded from epfindia, all pages should be signed by claimant and employer. Form 5IF: missing signatures are a top return reason in practitioner guides; official form requires attestation.","Wet-ink physical claims are still used for death, IW, closed establishments, and Non-Aadhaar CCF. Unsigned last pages, claimant signed but employer did not, or only first page signed, get returned.",Print-and-post without reading attestation block; digital photo of signature not accepted as wet ink.,FO inward check.,"Sign every page; get employer/alternative attestor stamp on the attestation block. | For minors, guardian signs with guardianship proof. | Resubmit the full set.",Fully signed form set | Attestation,mixed,Use online Aadhaar claims to avoid wet signatures when eligible.,epfo-rr-026 | epfo-rr-047,https://epfindia.gov.in/site_docs/PDFs/Downloads_PDFs/Form19_instructions_Eng.pdf | https://www.epfindia.gov.in/site_docs/PDFs/Downloads_PDFs/Form5IF_Instructions_Eng.pdf | https://epfindia.gov.in/site_docs/PDFs/OTCP_PDFs/MembersFAQ.pdf | https://kustodian.life/resources/provident-fund/form-5if-guide,official | blog,high,2026-09-12,
epfo-rr-051,Wrong Member ID selected or unknown Member ID linked under the UAN,Wrong Member ID | Unknown employer linked | Incorrect member ID | Delink member ID,Form_Documentation,Form 19 PF Final Settlement | Form 10C Pension Withdrawal Benefit | Form 31 Partial Withdrawal/Advance | Form 13 Transfer | UMANG/Member Portal Online Claim,medium,"Service History can show multiple member IDs. Selecting the wrong one, or having a mistakenly linked ID, produces wrong office, wrong DOE, or overlap. Practitioner guides describe delinking a wrong member ID from UAN.","UAN is the umbrella; Member ID is the establishment-specific account. A claim settled against a member ID with zero balance, or an ID that still looks employed, fails. A stranger's member ID linked by UAN seeding error is a serious KYC incident.",Employer seeded wrong UAN; member picked first ID in a dropdown; old contractor ID never closed.,Service History unknown establishment. Claim office mismatch. Overlap with a job you never had.,"List member IDs vs actual employers from payslips. | Ask EPFO/employer to delink a truly wrong ID (portal delink if offered, else EPFiGMS). | File the claim against the last genuine member ID with DOE. | Transfer genuine old IDs rather than delinking them.",Payslips proving actual employers | UAN card | EPFiGMS if delink needed,mixed,"At each job, confirm the new member ID appears and that no unknown ID is added.",epfo-rr-041 | epfo-rr-046 | epfo-rr-034,https://pfbalancecheck.com/epfo-claim-rejected-reason/ | https://www.livemint.com/money/personal-finance/epfo-showing-wrong-service-history-what-employees-should-check-immediately-and-do-next-to-rectify-the-error-11786520369893.html | https://unifiedportal-mem.epfindia.gov.in/memberinterface/ | https://www.epfindia.gov.in/site_docs/PDFs/MiscPDFs/FAQ_OCS_050517_1017.pdf,blog | news | official,medium,2026-09-12,Delink UI labels vary; do not invent a delink circular number.
epfo-rr-052,Duplicate claim already in process or previously forwarded and not rejected,Claim already forwarded | Duplicate claim | Second claim while first pending | Multiple claims same day | Duplicate claim pending | Another claim already in process,Form_Documentation,Form 19 PF Final Settlement | Form 10C Pension Withdrawal Benefit | Form 31 Partial Withdrawal/Advance | Form 13 Transfer | Composite Claim Form | UMANG/Member Portal Online Claim,medium,MembersFAQ: employer can reject a new claim if a claim (physical or online) has already been forwarded to EPFO and has not been rejected. Practitioner guides warn against multiple same-day resubmissions after rejection.,"Two live claims for the same benefit confuse payment and can both fail. After rejection you may refile, but only after fixing the cause. After settlement-with-return, do not file a twin claim; ask for re-payment.",Anxiety clicking; paper plus online; UMANG plus portal.,Track Claim shows two IDs. Employer FAQ reason (a).,"Track all claims; wait for a terminal status (Settled/Rejected). | If one is Under Process, do not file another. | If Rejected, fix root cause, then file one new claim. | If Settled but unpaid, follow returned-payment playbook (epfo-rr-022).",All claim IDs and statuses,member,"One channel (portal or UMANG), one claim.",epfo-rr-027 | epfo-rr-057 | epfo-rr-022 | epfo-rr-055,https://epfindia.gov.in/site_docs/PDFs/OTCP_PDFs/MembersFAQ.pdf | https://pfbalancecheck.com/epfo-claim-rejected-reason/ | https://cleartax.in/c/pf-withdrawal-online,official | blog,high,2026-09-12,
epfo-rr-053,Form 31 purpose documents or self-certification deficient,Self-certification missing | Purpose proof not attached | Medical/housing documents missing | Purpose proof / self-certification deficient Form 31 | Medical housing documents missing | Self declaration not acceptable,Form_Documentation,Form 31 Partial Withdrawal/Advance,low,ClearTax notes EPFO order dated 20.02.2017 allowing self-certification instead of multiple certificates for many advances. OCS FAQ also said online part-withdrawal may not require supporting documents. Some purposes or later scrutiny can still demand proof; uploading random extra PDFs can confuse the file.,"Most online Form 31 claims are self-certified. Rejection for 'documents' usually means either the portal asked for a specific file (cheque, medical declaration) and it was missing, or a field office selected the case for verification. Do not attach unrelated tenancy agreements to a medical advance.",Portal prompted an upload and user skipped; or user attached the wrong purpose proofs.,Upload mandatory asterisk. FO query.,"If the portal says no document required, do not upload extras. | If it asks, upload only that file, readable, matching the purpose. | For housing, property should be in member or spouse name as per current rule shown on screen. | Self-certify truthfully; false self-certification is a compliance issue.",Self-certification / OTP undertaking | Only those files the portal lists,member,Read the on-screen document list for that purpose code.,epfo-rr-039 | epfo-rr-021,https://cleartax.in/c/pf-withdrawal-online | https://www.epfindia.gov.in/site_docs/PDFs/MiscPDFs/FAQ_OCS_050517_1017.pdf | https://www.taxbuddy.com/blog/understanding-partial-pf-withdrawal-using-form-31,blog | official,medium,2026-09-12,20.02.2017 self-certification order cited by ClearTax; PDF not bundled in this dataset.
epfo-rr-054,"OTP expired, portal session timeout, or claim not fully submitted",OTP expired | Session timeout | Claim not submitted | Captcha/OTP failure | OTP expired please retry | Session timeout claim not submitted | Claim submission incomplete,Technical_Portal,Form 19 PF Final Settlement | Form 10C Pension Withdrawal Benefit | Form 10D Monthly Pension | Form 31 Partial Withdrawal/Advance | Form 13 Transfer | UMANG/Member Portal Online Claim | Composite Claim Form,medium,"OCS process: authenticate using OTP to UIDAI-registered mobile to complete submission. If OTP is not completed, there is no claim to settle — members may think it was rejected.","A half-submitted claim produces no acknowledgement number. Users interpret this as rejection. Causes: slow UIDAI, refreshing the page, entering UAN login OTP instead of Aadhaar OTP, session expiry.",Two-OTP confusion; network; UIDAI latency.,No claim ID in Track Claim. Browser error.,"Check Track Claim; if empty, nothing was filed. | Use a stable connection; do not refresh after requesting OTP. | Enter the Aadhaar/UIDAI OTP, not the login OTP. | Retry off-peak. If chronic, use UMANG or physical CCF as fallback.",Working Aadhaar mobile,member,Keep the claim form filled in one sitting after KYC is already verified.,epfo-rr-008 | epfo-rr-009 | epfo-rr-055,https://www.epfindia.gov.in/site_docs/PDFs/MiscPDFs/FAQ_OCS_050517_1017.pdf | https://unifiedportal-mem.epfindia.gov.in/memberinterface/ | https://cleartax.in/c/pf-withdrawal-online,official | blog,high,2026-09-12,
epfo-rr-055,UMANG app claim failed to sync or duplicated against the member portal,UMANG claim failed | UMANG not reflecting | Raise claim on UMANG rejected,Technical_Portal,UMANG/Member Portal Online Claim | Form 19 PF Final Settlement | Form 10C Pension Withdrawal Benefit | Form 31 Partial Withdrawal/Advance,medium,EPFO services on UMANG allow Raise Claim with UAN and Aadhaar OTP. There is no separate law for UMANG rejections — they are the same KYC/eligibility rules plus app/sync failures.,"UMANG is another front end to the same claim engine. Failures: outdated app, UAN not linked in UMANG, OTP mismatch, or a claim already filed on the web portal. Status may show on one channel and not the other for a day.",Dual filing; app cache; Aadhaar not linked in UMANG profile.,UMANG error toast. Portal Track Claim empty or duplicate.,"Update UMANG; link UAN under EPFO services. | Check the web member portal Track Claim before retrying. | Use only one channel. If UMANG fails validation, fix KYC on the web portal first (KYC screens are richer there). | Note the UMANG reference if generated.",UAN | Aadhaar OTP | Updated UMANG app,member,"Prefer the unified member portal for complex cases (overlap, 10D, death). Use UMANG for straightforward verified-KYC Form 31/19.",epfo-rr-052 | epfo-rr-054 | epfo-rr-007,https://cleartax.in/c/pf-withdrawal-online | https://web.umang.gov.in | https://unifiedportal-mem.epfindia.gov.in/memberinterface/ | https://www.epfindia.gov.in/site_docs/PDFs/MiscPDFs/FAQ_OCS_050517_1017.pdf,blog | official,medium,2026-09-12,UMANG is an official GoI app front-end; rejection reasons are not uniquely documented beyond the same OCS rules.
epfo-rr-056,"e-Nomination filed but PDF not e-signed, so nomination is incomplete",e-nomination not e-signed | Nomination PDF not digitally signed | e-nomination incomplete,Technical_Portal,Form 20 Death PF Settlement | Form 5IF EDLI Death Insurance | Form 10D Monthly Pension | Form 19 PF Final Settlement,high,EPFO e-nomination guidance (reported by Zee and help sites): e-nominations that are only filed and whose PDF is not e-signed will not be considered on the member's death. E-nomination becomes complete only when the PDF is e-signed.,"Members tick nominees and download a PDF but never complete Aadhaar e-sign. The portal may show a draft. On death, the family is treated as if there were no nomination, triggering succession certificates and delays. This also affects who can sign a Joint Declaration after death (SOP uses Form-2 nominees).",User dropped off before e-sign OTP; thought download equalled filing.,Manage > e-Nomination status not 'e-signed/active'. Death claim with no valid nomination.,"While the member is alive: complete e-Nomination and e-sign the PDF with Aadhaar OTP; confirm status is active. | After death, if unsigned, treat as no nomination: legal heirs, succession, family definition under the scheme (epfo-rr-060, epfo-rr-063). | Do not assume a downloaded PDF without e-sign is valid.",Aadhaar OTP for e-sign | Nominee Aadhaar/relationship details,member,"Every year, verify e-nomination status is e-signed. | Re-do nomination after marriage/childbirth and e-sign again.",epfo-rr-060 | epfo-rr-061 | epfo-rr-063,https://zeenews.india.com/personal-finance/pf-settlement-money-may-not-reach-your-family-for-a-common-mistake-your-e-nomination-will-not-be-valid-until-you-do-this-3054752.html | https://unifiedportal-mem.epfindia.gov.in/memberinterface/ | https://www.outlookmoney.com/retirement/pension/epf-claim-settlement-why-epfo-rejects-the-claims-and-what-subscribers-can-do | https://kustodian.life/resources/epf-death-claim-process-india,news | official | blog,high,2026-09-12,Zee quotes EPFO eNomination document language on unsigned PDFs.
epfo-rr-057,Repeated same-day resubmissions after rejection without fixing the root cause,Multiple attempts same day | Refile without correction | Serial rejections | Refile without fixing root cause | Repeated submission blocked,Technical_Portal,Form 19 PF Final Settlement | Form 10C Pension Withdrawal Benefit | Form 31 Partial Withdrawal/Advance | Form 13 Transfer | UMANG/Member Portal Online Claim,low,"Not a statutory offence, but practitioner guides (PFBalanceCheck and others) warn that same-day refiles without correction create mixed statuses and waste the 20-day settlement clock.","The engine will reject the same defect 10 times. Rapid refiles can also trip duplicate-claim logic. This is process hygiene, not a unique legal bar.",Panic; not reading the remark.,"Several claim IDs dated the same day, same remark.",Screenshot the remark. | Fix KYC/DOE/form/bank. | Wait until the fix shows Verified (often next day). | File one clean claim.,Rejection screenshot | Proof the underlying KYC/DOE is now corrected,member,Checklist before first filing so you never enter the refile loop.,epfo-rr-052 | epfo-rr-010,https://pfbalancecheck.com/epfo-claim-rejected-reason/ | https://finright.in/blogs/most-common-reasons-for-epf-claim-rejections-and-tips-to-avoid-them | https://www.citizennest.com/guide/pf-claim-rejected-fix,blog,medium,2026-09-12,Secondary process advice; no official 'three-strikes' code.
epfo-rr-058,Claim returned for clarification rather than finally rejected,Returned | Clarification sought | Query raised | Returned by FO,Technical_Portal,Form 19 PF Final Settlement | Form 10C Pension Withdrawal Benefit | Form 10D Monthly Pension | Form 31 Partial Withdrawal/Advance | Form 13 Transfer | Form 20 Death PF Settlement | Form 5IF EDLI Death Insurance | Composite Claim Form | UMANG/Member Portal Online Claim | International Worker Claim,medium,JD SOP and claim processing distinguish Return (send back for correction) from Rejection. MembersFAQ also uses return/reject language for employer actions. A returned claim is not a denial of benefit.,"The file is incomplete. If the member treats 'Returned' as 'Rejected' and files a brand-new claim, the original query dies unanswered. The correct move is to answer the query or upload the asked document on the same file if the portal allows, else refile with the missing item included.",Deficiency in documents or identity; EO verification needed.,Status Returned / Query. SMS. EPFiGMS.,"Read whether status is Rejected vs Returned vs Under Process. | Supply exactly the document/clarification asked. | If the portal cannot accept a reply, visit/post to the Regional Office quoting the claim ID. | Only start a new claim if the office says the old one is closed.",The specific clarification/document requested | Claim ID,mixed,Enable SMS on the form. | Check status every 3–4 days during processing.,epfo-rr-047 | epfo-rr-048 | epfo-rr-079,https://www.epfindia.gov.in/site_docs/PDFs/Circulars/Y2023-2024/SOP_WSU_new.pdf | https://epfindia.gov.in/site_docs/PDFs/OTCP_PDFs/MembersFAQ.pdf | https://taxguru.in/corporate-law/standard-operating-procedure-sop-settlement-claims-epfo.html | https://righttoinformation.wiki/pf-withdrawal-claim-rejected-without-reason-epfo-india,official | circular | blog,high,2026-09-12,
epfo-rr-059,Claim initially shown approved or under process then rejected after backend validation,Rejected after approval | Backend validation failed | Rejected at later stage,Technical_Portal,Form 19 PF Final Settlement | Form 10C Pension Withdrawal Benefit | Form 10D Monthly Pension | Form 31 Partial Withdrawal/Advance | Composite Claim Form | UMANG/Member Portal Online Claim | Form 13 Transfer,medium,"Kustodian FAQ: a claim may be initially approved then later rejected due to backend validation (mismatched details, contribution issues, employer-level checks). Multi-level approval SOPs (including extra layers for inoperative/high-value) explain late-stage fails.","First-level SSA/AO may push forward; a later officer or system job finds KYC, overlap, or contribution issues. The member who saw 'Under Process' for 15 days then 'Rejected' did not lose money; they must read the new remark.",Two- or three-level approval; extra scrutiny tables in inoperative SOP; NPCI fail at payment file generation.,Status change after days. New remark.,"Capture the latest remark, not the old under-process screenshot. | Fix that issue (often bank NPCI or overlap). | Refile once. For high-value inoperative, expect extra days rather than instant restage.",Final remark screenshot | Corrected KYC/service proofs,mixed,Clean KYC and service history so later-stage validators have nothing to flag.,epfo-rr-016 | epfo-rr-045 | epfo-rr-041 | epfo-rr-076,https://kustodian.life/resources/epf-claim-rejected-reasons-guide | https://www.epfindia.gov.in/site_docs/PDFs/Circulars/Y2024-2025/Circular_SOP_WSU_02082024.pdf | https://taxguru.in/corporate-law/standard-operating-procedure-sop-settlement-claims-epfo.html,blog | official | circular,medium,2026-09-12,
epfo-rr-060,No valid nomination on record (Form 2 / e-nomination absent or incomplete),No nomination | Nomination not found | Form 2 missing | e-nomination not valid | Nomination not available | e-Nomination not e-signed | No valid Form 2 on record,Nominee_Death,Form 20 Death PF Settlement | Form 5IF EDLI Death Insurance | Form 10D Monthly Pension | Form 19 PF Final Settlement,high,"Form 5IF instructions: claimants are (1) nominees under EPF Scheme, else (2) family as defined (excluding certain major sons/married daughters), else (3) legal heirs. Outlook/MoS: fill e-nomination to avoid delay. Unsigned e-nomination is not valid (epfo-rr-056).","Without a completed nomination, EPFO cannot pay the named person automatically. The family must prove they fall under the scheme's 'family' definition or produce succession/legal-heir documents. This is the root delay in many death claims, not a finding that no one is entitled.",Member never filed Form 2 or e-nomination; signed paper nomination lost; e-sign skipped.,No nomination in member profile. Death claim scrutiny. Form-2 not on record for JD-after-death either.,"Prevention (member alive): file and e-sign e-nomination. | After death: ask EPFO/employer for any paper Form 2 on file. | If none, file as family members under the scheme definition with death certificate, relationship proofs, and consent of all eligible persons as required. | If no family, obtain succession certificate / legal heir certificate (epfo-rr-063). | Complete claimant KYC and bank in the claimant's name.",Death certificate | Form 2 if any | Family relationship proofs | Succession/legal heir if applicable,mixed,E-sign e-nomination after every life event. | Share nominee details with the spouse.,epfo-rr-056 | epfo-rr-061 | epfo-rr-063,https://www.epfindia.gov.in/site_docs/PDFs/Downloads_PDFs/Form5IF_Instructions_Eng.pdf | https://www.epfindia.gov.in/site_en/WhichClaimForm.php?id=in_sm | https://www.outlookmoney.com/retirement/pension/epf-claim-settlement-why-epfo-rejects-the-claims-and-what-subscribers-can-do | https://zeenews.india.com/personal-finance/pf-settlement-money-may-not-reach-your-family-for-a-common-mistake-your-e-nomination-will-not-be-valid-until-you-do-this-3054752.html | https://kustodian.life/resources/epf-death-claim-process-india,official | news | blog,high,2026-09-12,
epfo-rr-061,Claimant is not the nominee and does not qualify as family or legal heir under the scheme,Claimant not matching nominee | Wrong claimant | Relationship does not match nomination | Ineligible family member,Nominee_Death,Form 20 Death PF Settlement | Form 5IF EDLI Death Insurance | Form 10D Monthly Pension,critical,"Form 5IF: EDLI is payable to persons entitled to PF accumulations, in the order nominee → family (with exclusions) → legal heir. Major son and married daughter with husband alive are excluded from 'family' for EDLI in the instruction text when there is no nomination.","A brother, a married daughter (in some EDLI family definitions), or a friend cannot collect merely by producing the death certificate. If a nominee exists, a different relative's claim is rejected. If the nominee is dead or refuses, the file must be recast under family/legal-heir rules, not quietly paid to whoever applied first.",Wrong person applied; nomination outdated after divorce/remarriage; confusion between PF nominee and insurance nominee.,Name vs Form 2. Relationship field. Succession papers absent.,"Identify who is on the nomination. That person should apply. | If nominee is minor, the guardian applies with guardianship certificate if not the natural guardian (epfo-rr-065). | If no nomination, map eligible family per the specific scheme (EPF vs EPS vs EDLI definitions differ slightly). | If you are a legal heir outside family definition, get succession certificate and apply as legal heir. | Do not file competing claims from multiple relatives without a coordinated heirship document.",Nomination copy | Relationship proof (marriage/birth certificate) | Succession certificate if legal heir,member,"Update nomination after marriage, divorce, or birth of children.",epfo-rr-060 | epfo-rr-063 | epfo-rr-065,https://www.epfindia.gov.in/site_docs/PDFs/Downloads_PDFs/Form5IF_Instructions_Eng.pdf | https://www.epfindia.gov.in/site_en/WhichClaimForm.php?id=in_sm | https://kustodian.life/resources/provident-fund/form-5if-guide | https://righttoinformation.wiki/epf-death-claim-without-nominee-legal-heir-india,official | blog,high,2026-09-12,Read Form 5IF family exclusions carefully; EPF Scheme family definition for Form 20 may not be identical in every clause.
epfo-rr-062,"Death certificate missing, unreadable, or particulars not matching UAN records",Death certificate not submitted | Death certificate mismatch | Date of death not matching | Death certificate not matching | Death certificate particulars mismatch | Unreadable death certificate,Nominee_Death,Form 20 Death PF Settlement | Form 5IF EDLI Death Insurance | Form 10D Monthly Pension,critical,Form 5IF documents to be enclosed: (1) Death Certificate of the member. MoS lists non-submission of death certificate as a rejection cause.,"The death certificate is the foundational fact for Forms 20, 10D (family pension), and 5IF. Name spellings on the municipal certificate that differ from UAN/Aadhaar trigger a mismatch loop similar to live KYC. Date of death determines whether death was 'in service' for EDLI and which scheme rates apply.",Certificate not attached; poor scan; name 'Sunita Devi Sharma' vs UAN 'Sunita Sharma'; hospital certificate instead of municipal death certificate.,Document checklist. Name comparison. Date vs DOE for EDLI in-service test.,"Obtain the official death certificate from the Registrar of Births and Deaths. | If names differ, add an affidavit and supporting IDs; you may need a JD on the deceased's profile signed by nominee (SOP 6.9–6.10) before the death claim proceeds. | Ensure date of death is consistent across all three forms (20, 10D, 5IF). | Upload a clear scan; resubmit.",Municipal death certificate | Deceased Aadhaar/UAN | Affidavit if name variants,mixed,Keep the member's Aadhaar name identical to all IDs so the death certificate will match.,epfo-rr-066 | epfo-rr-067 | epfo-rr-013,https://www.epfindia.gov.in/site_docs/PDFs/Downloads_PDFs/Form5IF_Instructions_Eng.pdf | https://www.outlookmoney.com/retirement/pension/epf-claim-settlement-why-epfo-rejects-the-claims-and-what-subscribers-can-do | https://www.financialexpress.com/money/epfo-pension-rules-settlement-in-20-days-but-heres-why-many-eps-claims-still-get-rejected-4168274/ | https://kustodian.life/resources/epf-death-claim-process-india,official | news | blog,high,2026-09-12,
epfo-rr-063,Legal heir or succession certificate missing when there is no valid nomination,Succession certificate required | Legal heir certificate not submitted | Heirship documents missing,Nominee_Death,Form 20 Death PF Settlement | Form 5IF EDLI Death Insurance | Form 10D Monthly Pension,high,Form 5IF: succession certificate in case of claim by the legal heir. MoS: legal heir or succession documents required in such cases.,"When nobody is a scheme-defined family nominee, EPFO will not split the PF on a private family settlement letter alone. Courts/revenue authorities issue succession or legal-heir certificates. Multiple heirs must generally consent. This is slow but is the lawful path; refiling without the certificate repeats the rejection.",No nomination; distant relatives applying; office insisting on court succession rather than a tehsildar heir certificate (practice varies — follow the deficiency note).,No Form 2. Claimant not in family definition. Deficiency memo asking for succession.,Read the office note: legal-heir certificate vs court succession certificate. | Obtain the asked document listing all heirs and shares. | File a joint claim or get no-objection from other heirs as directed. | Attach all heirs' KYC and a claimant bank account as instructed (sometimes a joint heir account).,Succession certificate and/or legal heir certificate | NOCs of other heirs if required | KYC of claimant,member,Valid e-signed nomination avoids this entire court path.,epfo-rr-060 | epfo-rr-061 | epfo-rr-048,https://www.epfindia.gov.in/site_docs/PDFs/Downloads_PDFs/Form5IF_Instructions_Eng.pdf | https://www.outlookmoney.com/retirement/pension/epf-claim-settlement-why-epfo-rejects-the-claims-and-what-subscribers-can-do | https://righttoinformation.wiki/epf-death-claim-without-nominee-legal-heir-india | https://kustodian.life/resources/epf-death-claim-process-india,official | news | blog,high,2026-09-12,
epfo-rr-064,Family details missing for widow/widower or child pension (Form 10D death/family pension),Spouse name not in EPF database | Family details not updated | Widow pension logic failed | Child DOB missing,Nominee_Death,Form 10D Monthly Pension,high,Form 10D guides: if spouse's name is not in the EPF database the claim fails because widow-pension logic requires it. MoS: complete e-nomination and family details online. Offline 10D asks for descriptive roll and joint photos of family.,EPS family pension is not a discretionary payment to whoever produces a death certificate. The spouse and eligible children (generally until 25) must be identifiable in EPFO records or proved now with marriage/birth certificates. Missing spouse name is a top 10D rejection.,Member never added family; marriage after joining not updated; children's DOB absent.,Family details blank. Form 10D descriptive roll incomplete.,"If member is alive, add family via e-nomination/profile before retirement. | After death, submit marriage certificate, spouse Aadhaar, joint photos, children's birth certificates with Form 10D descriptive roll. | Use SOP death-of-member JD path if basic profile must be corrected with nominee consent. | Ensure pension bank account is single or joint with spouse (epfo-rr-023).",Marriage certificate | Spouse and children Aadhaar | Birth certificates of children | Descriptive roll / joint photographs as per Form 10D,mixed,Add spouse the month you marry. Add children at birth.,epfo-rr-023 | epfo-rr-038 | epfo-rr-060,https://kustodian.life/resources/epf-form-10d-the-2026-guide-to-claiming-your-monthly-pension | https://www.financialexpress.com/money/epfo-pension-rules-settlement-in-20-days-but-heres-why-many-eps-claims-still-get-rejected-4168274/ | https://www.etnownews.com/personal-finance/epfo-pension-rules-why-eps-claims-get-rejected-govt-reveals-basis-errors-kyc-aadhaar-and-more-article-153801634 | https://www.outlookmoney.com/retirement/pension/epf-claim-settlement-why-epfo-rejects-the-claims-and-what-subscribers-can-do | https://www.epfindia.gov.in/site_en/WhichClaimForm.php?id=in_sm,blog | news | official,high,2026-09-12,
epfo-rr-065,"Guardianship certificate missing for a minor nominee, family member, or legal heir",Minor nominee | Guardianship certificate required | Natural guardian not applying,Nominee_Death,Form 20 Death PF Settlement | Form 5IF EDLI Death Insurance | Form 10D Monthly Pension,high,Form 5IF: guardianship certificate if the claim on behalf of a minor family member/nominee/legal heir is by other than the natural guardian. Form also lists guardian of a minor as a claimant class.,"If the nominee is a 12-year-old child, a parent who is the natural guardian can usually claim. An uncle, second spouse who is not the natural guardian, or an institution needs a court guardianship certificate. Without it the claim is rejected to protect the minor's money.",Non-parent relative applying; dispute between parents; natural guardian deceased too.,Claimant age vs relationship. Missing guardianship document.,"If you are the natural guardian, state that and attach the child's birth certificate and your ID. | Otherwise obtain a guardianship certificate from the competent court. | Bank account should be in the manner the office specifies (guardian for minor). | Resubmit Form 20/5IF/10D together if all benefits are claimed.",Birth certificate of minor | Guardianship certificate if not natural guardian | Guardian KYC and bank proof,member,Nominate the spouse as well as children so a surviving parent can claim without extra court papers.,epfo-rr-061 | epfo-rr-048,https://www.epfindia.gov.in/site_docs/PDFs/Downloads_PDFs/Form5IF_Instructions_Eng.pdf | https://www.epfindia.gov.in/site_en/WhichClaimForm.php?id=in_sm | https://kustodian.life/resources/provident-fund/form-5if-guide,official | blog,high,2026-09-12,Official Form 5IF instruction point on guardianship.
epfo-rr-066,"Deceased member's KYC or name does not match Aadhaar, blocking death claim",Deceased name mismatch | Death claim stuck on member KYC | Sunita Sharma vs Sunita Devi Sharma,Nominee_Death,Form 20 Death PF Settlement | Form 5IF EDLI Death Insurance | Form 10D Monthly Pension,high,"Same demographic match rules apply to the deceased's UAN. SOP 6.9–6.10: if the member is dead, JD is signed by Form-2 nominee(s); all nominees' consent if more than one; if no nomination, a family member/legal heir with others' consent. Nominee Aadhaar may be saved if member had no Aadhaar.","Families discover the spelling error only after death, when the member cannot OTP. The claim is paused until a death-case Joint Declaration corrects the profile. This is slower than a live JD because of consent and attestation rules.",Lifelong name mismatch never fixed; Aadhaar not seeded while alive.,Death claim KYC match fail. Forum/news cases of one extra word in the name.,"Do not keep refiling Form 20. | File a death-case Joint Declaration with nominee signatures/consent, death certificate, Aadhaar of deceased and claimant, and supporting IDs (SOP). | If establishment is closed, use alternative attestation. | After the UAN name matches, file 20/10D/5IF as a set.",Death certificate | Nominee consent / Form 2 | Aadhaar of deceased and claimant | JD Annexure-II if closed establishment,mixed,Fix name mismatch while the member is alive — this is the single best death-claim prevention step.,epfo-rr-001 | epfo-rr-013 | epfo-rr-062,https://www.epfindia.gov.in/site_docs/PDFs/Circulars/Y2023-2024/SOP_WSU_new.pdf | https://taxguru.in/corporate-law/epfo-joint-declaration-process-member-profile-updation.html | https://kustodian.life/resources/epf-claim-rejected-name-aadhaar-dob-mismatch-fix-guide-2025 | https://www.epfindia.gov.in/site_docs/PDFs/Downloads_PDFs/Form5IF_Instructions_Eng.pdf,official | circular | blog,high,2026-09-12,SOP 6.9 case 'Member is dead' and 6.10 no-Aadhaar deceased.
epfo-rr-067,EDLI (Form 5IF) not payable because member did not die while in service,Death not while in service | EDLI ineligible | Died after leaving job | EDLI only if death in service | EDLI not payable death after exit | Member not in service at death | Form 5IF rejected not in service,Nominee_Death,Form 5IF EDLI Death Insurance,critical,Official Form 5IF instructions: EDLI benefit is admissible to persons entitled to PF accumulations of the deceased member only if the member's death occurred while in service. Which-Claim-Form distinguishes died while in service vs died away from service (EDLI listed for in-service paths).,"EDLI is insurance linked to being an employee in a covered establishment at death, not a life cover that survives years of unemployment. If DOE is before date of death, Form 5IF is rejected even though Form 20 (PF) and Form 10D (if eligible) may still succeed. Weekend/holiday gaps between two jobs have been clarified by EPFO not to count as a break for EDLI in some 2025–26 reporting — genuine job-to-job continuity may still qualify. A blank DOE can also wrongly suggest the member was in service or the opposite; dates must be correct.",Member left job months earlier; DOE marked early; family filed 5IF because a blog said 'Rs 7 lakh insurance' without the in-service condition.,Date of death vs DOE. Which-claim-form matrix. Form 5IF instruction 1.,"Compare death certificate date with last DOE and last ECR. | If death was after exit, do not refile 5IF; proceed with Form 20 and pension forms only. | If death was during employment but DOE was wrongly pre-dated, correct DOE via death-case JD with employer/alternative attestation, then file 5IF. | If two jobs with only a weekend in between, cite EPFO's break-not-counted clarification and last 12 months' wages certificate. | Attach Form 5IF with 20 and 10D/10C as applicable so the office sees the full package.",Death certificate | Service History / last ECR | Employer 12-month PF details if exempted trust | Forms 20 and 10D/10C as applicable,mixed,"Families should use the official Which Claim Form wizard, not insurance-amount headlines.",epfo-rr-024 | epfo-rr-031 | epfo-rr-043,https://www.epfindia.gov.in/site_docs/PDFs/Downloads_PDFs/Form5IF_Instructions_Eng.pdf | https://www.epfindia.gov.in/site_en/WhichClaimForm.php?id=in_sm | https://cleartax.in/s/edli | https://economictimes.indiatimes.com/wealth/save/epfo-clarifies-edli-rules-weekends-holidays-between-two-jobs-not-to-be-counted-as-break-for-settling-insurance-claims/articleshow/126054764.cms | https://kustodian.life/resources/provident-fund/edli-claim-process,official | blog | news,high,2026-09-12,In-service condition is official Form 5IF text. Rs 7 lakh ceiling and 35x wage formula are scheme parameters reported by ClearTax; verify current EDLI notification for amounts. Weekend-break clarification: ET 2025-26 article.
epfo-rr-068,Form 13 transfer pending or rejected because previous or present employer did not digitally attest,Transfer pending with employer | Previous employer not approving transfer | Present employer attestation pending | Form 13 employer not attesting | Transfer pending employer attestation | Previous employer not approving Form 13 | Present employer DSC pending transfer,Transfer_Related,Form 13 Transfer,high,"OTCP/MembersFAQ: online transfer needs employer attestation (previous or present, depending on flow) via DSC/e-sign. Employer rejection reasons include details mismatch, duplicate already forwarded, printout not received after 15 days, signature mismatch.","Form 13 moves PF and service from an old member ID to the current one. If neither employer attests, the transfer sits or is rejected. Members can often choose present employer when the old HR has vanished, provided the present employer will e-sign. Without transfer, later 10D/19 can fail for incomplete history.",Old employer DSC expired; company closed; HR refuses; member details mismatch.,Track Transfer Claim: pending with previous/present employer or rejected by employer.,"In the transfer UI, select the attesting employer who is actually reachable (often the present one). | Align name/DOB so employer records match (JD if needed). | If a printout is still required, deliver it within 15 days (epfo-rr-032). | If old employer is closed, use present employer attestation or the field-office transfer helpdesk / EPFiGMS. | After Approved/Transferred, verify Annexure K / unified passbook before filing settlement.",UAN of both sides | Member IDs | KYC verified | Employer DSC,mixed,"Start Form 13 in the first month of a new job, not years later. | Do not resign from the new job before the old transfer is done if you can avoid it.",epfo-rr-027 | epfo-rr-028 | epfo-rr-032 | epfo-rr-030,https://epfindia.gov.in/site_docs/PDFs/OTCP_PDFs/MembersFAQ.pdf | https://www.epfindia.gov.in/site_en/OTCP_ForEmployers.php | https://kustodian.life/resources/epf-form-13-pf-transfer-online-offline-how-to-fill-pdf-status | https://www.livemint.com/money/personal-finance/changing-jobs-soon-fix-these-epf-transfer-errors-before-resigning-for-a-smooth-pf-transfer-11782808524771.html | https://www.citizennest.com/guide/epf-transfer-claim-rejected-fix,official | blog | news,high,2026-09-12,
epfo-rr-069,Annexure K or complete transfer/service history missing,Annexure K missing | Transfer history incomplete | Service record incomplete / Annexure K missing,Transfer_Related,Form 13 Transfer | Form 10D Monthly Pension | Form 10C Pension Withdrawal Benefit | Form 19 PF Final Settlement,high,FinRight: Annexure K records employment and PF history; gaps after job changes without transfer cause settlement rejection. Annexure K is now often viewable online via passbook/transfer status.,"Annexure K is the transfer-sheet of past member IDs, contributions, and service that the new account inherits. Without it, EPFO cannot see total service for pension or the full PF corpus. Old paper-era transfers sometimes never generated electronic Annexure K.",Form 13 never filed; trust-to-EPFO transfer incomplete; office did not upload Annexure K.,Service History missing old employer. Passbook without past balances. Claim remark about incomplete service.,"File Form 13 for every leftover member ID. | Download Annexure K from transfer/passbook tools if offered; else ask the source Regional Office. | Raise EPFiGMS attaching old passbooks and employment proofs if the employer is gone. | Only after history is whole, file 10D/19.",Old member IDs and passbooks | Form 13 acknowledgements | Employment proofs,mixed,Never leave a previous PF untransferred at job change.,epfo-rr-073 | epfo-rr-042 | epfo-rr-031,https://finright.in/blogs/most-common-reasons-for-epf-claim-rejections-and-tips-to-avoid-them | https://kustodian.life/resources/epf-form-13-pf-transfer-online-offline-how-to-fill-pdf-status | https://www.livemint.com/money/personal-finance/changing-jobs-soon-fix-these-epf-transfer-errors-before-resigning-for-a-smooth-pf-transfer-11782808524771.html | https://cleartax.in/c/pf-withdrawal-online,blog | news,medium,2026-09-12,Annexure K is a well-known EPFO transfer artefact; no numeric rejection code.
epfo-rr-070,Transfer claim rejected solely due to overlapping service (should generally be processed after 20 May 2025 circular),Transfer rejected for overlap | Overlap per-se disqualification | Form 13 overlap rejection | Transfer rejected due to overlap | Service overlapping Form 13 | Genuine overlap should not reject transfer,Transfer_Related,Form 13 Transfer,medium,Circular WSU/TransferClaim/E-52972/2025-26/07 dated 20/May/2025: transfer requests are being rejected due to overlap; however overlapping services can occur for genuine reasons and should not be a disqualification per se. Transferor (source) office must process even with overlapping services; only if a genuine need is felt should clarification be obtained. Also reiterates source-office duty to verify details (ref WSU circular 25/04/2025).,"If a Form 13 is still rejected in 2026 only for overlap, that may be non-compliance with HO instructions. Members should resubmit and quote the circular, while still correcting obviously wrong dates. This record is separate from epfo-rr-041 because the legal instruction is transfer-specific.",Field office using old SOP; residual system flag; genuine fraud-like dual employment that does need clarification.,Transfer remark cites overlap only. Dates intersect.,"Download the 20 May 2025 circular text and attach it to EPFiGMS / a letter to the source Regional Office. | Provide appointment and relieving letters explaining the overlap (notice period, weekend, contractor switch). | If dates are simply wrong, correct them rather than arguing. | Ask the transferor office to process as instructed; do not accept overlap-only rejection as final.",Circular WSU/TransferClaim/E-52972/2025-26/07 | Both employment letters | Form 13 claim ID,mixed,Keep joining/relieving letters for every job switch.,epfo-rr-041 | epfo-rr-068 | epfo-rr-077,https://www.staffnews.in/2025/06/simplification-of-transfer-claim-process.html | https://www.news18.com/business/savings-and-investments/epfo-your-claims-cant-be-rejected-if-there-is-genuine-service-overlapping-read-official-clarification-ws-l-9352924.html | https://www.financialexpress.com/money/epfos-game-changer-move-on-fund-transfer-now-there-will-be-no-claim-rejection-due-to-this-problem-details-3854653/ | https://ascent-hr.com/notification/epfo-simplifies-the-transfer-claim-process-when-there-are-overlapping-service-periods/ | https://www.epfindia.gov.in/site_docs/PDFs/Circulars/Y2025-2026/Revamped_F13_Functionality.pdf,circular | news,high,2026-09-12,"Full circular text reproduced on StaffNews. Applies to transfer claims, not automatically to all settlements."
epfo-rr-071,Name or date of birth mismatch between source and destination member IDs on Form 13,Source destination mismatch | Member details mismatch on transfer | Different name on old PF account,Transfer_Related,Form 13 Transfer,high,Employer and source office compare member demographics before releasing transfer. MembersFAQ mismatch reasons apply. 25/04/2025 WSU circular (referenced by the overlap circular) puts responsibility on transferor offices to verify details for error-free transfer.,"Old PF may be in maiden name or a misspelling. The destination UAN is Aadhaar-correct. Transfer engines flag two different people. You must correct the source profile (JD with that old establishment or closed-establishment path) so both IDs look like the same human, then refile Form 13.",Maiden vs married name; DOB typo on old account; two people accidentally linked.,Transfer rejection on member details. Visual mismatch of names on two member IDs.,"Correct the incorrect ID via JD (present employer cannot always edit another establishment's member ID — SOP 5.2). | If old establishment exists, they must authenticate that JD. | If closed, use FO closed-establishment JD, then retry Form 13. | Do not 'force' transfer with mismatched identity; that is a fraud control.",Aadhaar | Old and new profile printouts | JD proofs | Marriage certificate if maiden name,mixed,Fix old account names before initiating Form 13.,epfo-rr-001 | epfo-rr-002 | epfo-rr-013 | epfo-rr-068,https://epfindia.gov.in/site_docs/PDFs/OTCP_PDFs/MembersFAQ.pdf | https://www.epfindia.gov.in/site_docs/PDFs/Circulars/Y2023-2024/SOP_WSU_new.pdf | https://www.staffnews.in/2025/06/simplification-of-transfer-claim-process.html | https://www.livemint.com/money/personal-finance/changing-jobs-soon-fix-these-epf-transfer-errors-before-resigning-for-a-smooth-pf-transfer-11782808524771.html,official | circular | news,high,2026-09-12,"WSU/Amendments in IT, 1961/E-33306/2025-26/21 dated 25/04/2025 is referenced, not independently fetched."
epfo-rr-072,Transferor (source) Regional Office verification pending or failed,Source office pending | Transferor office query | Old PF office not releasing transfer,Transfer_Related,Form 13 Transfer,medium,"After employer attestation, the source office must verify and release. HO has told source offices to verify all details for error-free transfer (25/04/2025 circular cited 20/05/2025). Pending at source looks like rejection to members.","Different Regional Offices hold old member IDs. If that office has contribution mismatches, exempted-trust issues, or staff backlog, Form 13 stalls. EPFiGMS against the source office is the lever.",Backlog; mismatch; office jurisdictional error.,Track transfer: pending at source RO. Claim history.,"Identify the source office from member ID prefix / Track Claim. | Raise EPFiGMS selecting that office, attach KYC and employment proofs. | If >20 days, escalate on EPFiGMS and consider CPGRAMS. | Correct any mismatch the source office emails you about; do not just refile.",Transfer claim ID | Old passbook | KYC,mixed,"Transfer while both employers and both offices still have live data, soon after joining.",epfo-rr-068 | epfo-rr-069 | epfo-rr-079,https://www.staffnews.in/2025/06/simplification-of-transfer-claim-process.html | https://epfindia.gov.in/site_docs/PDFs/OTCP_PDFs/MembersFAQ.pdf | https://epfigms.gov.in/ | https://kustodian.life/resources/epf-form-13-pf-transfer-online-offline-how-to-fill-pdf-status,circular | official | blog,medium,2026-09-12,
epfo-rr-073,"Previous PF balances not transferred, leaving split corpus and incomplete service for settlement",Old PF not transferred | Unconsolidated accounts | Multiple member IDs untransferred,Transfer_Related,Form 19 PF Final Settlement | Form 10C Pension Withdrawal Benefit | Form 10D Monthly Pension | Form 31 Partial Withdrawal/Advance | Form 13 Transfer,medium,ClearTax: consolidate multiple EPF accounts through UAN then withdraw. FinRight: job changes without transfer create Annexure K / service gaps.,"You can sometimes withdraw only the last member ID, leaving older money stranded and EPS years short. Some offices reject a final settlement that would orphan related accounts; others settle only the current ID. Best practice is transfer-first then one settlement.",Never filed Form 13; Aadhaar conflict across UANs.,Multiple passbooks. Settlement amount far below expected.,"Transfer every old ID into the current UAN. | Then file one Form 19/10C/10D. | If an old ID cannot transfer (trust, closed office), claim that ID separately with the correct office after KYC, rather than expecting the last employer claim to pull it automatically.",All member IDs | Form 13 | Passbooks,member,Form 13 at every job change is cheaper than archaeology at retirement.,epfo-rr-069 | epfo-rr-046 | epfo-rr-037,https://cleartax.in/c/pf-withdrawal-online | https://finright.in/blogs/most-common-reasons-for-epf-claim-rejections-and-tips-to-avoid-them | https://kustodian.life/resources/epf-form-13-pf-transfer-online-offline-how-to-fill-pdf-status,blog,medium,2026-09-12,
epfo-rr-074,International worker or specified migrant class blocked for want of Aadhaar even though physical settlement without Aadhaar seeding is allowed,IW Aadhaar mandatory wrongly applied | Physical claim without Aadhaar refused | NRI/IW cannot seed Aadhaar,Compliance_Legal,International Worker Claim | Form 19 PF Final Settlement | Form 10C Pension Withdrawal Benefit | Composite Claim Form,high,"Circular WSU/2020/Claim settlement without UAN-clarification/8726 dated 29.11.2024: for (i) IWs who left India without Aadhaar, (ii) Indian workers who permanently migrated and took foreign citizenship without Aadhaar, (iii) Nepal/Bhutan workers not residing in India and without Aadhaar — UAN is still required but Aadhaar seeding is dispensed with. Physical claims with passport (or Nepal/Bhutan citizenship ID), bank verification in all cases, and employer identity confirmation if balance exceeds Rs 5 lakh; pay by NEFT. NRIs who can get Aadhaar (182-day rule not mandatory for NRIs) are steered to Aadhaar enrolment rather than the waiver.","Field offices sometimes still refuse IW claims for no Aadhaar, contrary to HO. Online Aadhaar-OTP claims will not work for these members; the lawful path is physical. Conversely, ordinary Indian residents cannot use this waiver to skip Aadhaar.",Staff applying the 2020 Aadhaar-seeding circular without reading the 2024 carve-out; member trying UMANG without Aadhaar.,Physical claim returned for Aadhaar. IW portal / CoC vs settlement mix-up.,"Generate UAN if missing (still mandatory). | Do not keep trying online e-KYC. | Submit physical Form 19/10C (or applicable) with passport copy, bank details, and other KYC; employer confirmation if > Rs 5 lakh. | Quote circular dated 29.11.2024 in a covering letter to the OIC. | Ensure the bank account can receive NEFT (often an Indian account or as the office specifies). | Nepal/Bhutan: attach citizenship identification certificate.",UAN | Passport (IW) or citizenship ID (Nepal/Bhutan) | Physical claim forms | Bank proof | Employer confirmation if balance > Rs 5 lakh,mixed,IWs who still have time in India may enrol Aadhaar to use the faster online path. | Keep passport details consistent with UAN nationality field.,epfo-rr-005 | epfo-rr-075 | epfo-rr-026,https://taxguru.in/corporate-law/epfo-clarifies-physical-claim-settlement-seeding-aadhaar.html | https://www.staffnews.in/2024/12/settlement-of-physical-claims-without-seeding-of-aadhaar.html | https://www.cnbctv18.com/personal-finance/epfo-relaxes-aadhaar-norms-for-select-employee-categories-key-details-19517361.htm | https://www.in.kpmg.com/taxflashnews/KPMG-Flash-News-EPFO-Update-Simplifying-process-of-PF-withdrawal-for-International-Workers.pdf | https://www.epfindia.gov.in/site_en/International_workers.php,circular | news | official,high,2026-09-12,Circular number and date taken from TaxGuru/StaffNews reproduction of the HO letter. NRI Aadhaar enrolment note is in the same circular table.
epfo-rr-075,International worker Certificate of Coverage (CoC) or Social Security Agreement documentation issues,CoC rejected | SSA certificate | International worker detachment documents | Certificate of Coverage,Compliance_Legal,International Worker Claim | Form 19 PF Final Settlement | Form 13 Transfer,medium,"EPFO IW portal issues Certificates of Coverage under SSAs so that detached workers need not double-contribute. CoC applications can be rejected by the Regional Office after employer e-sign if passport, assignment, or SSA details are inconsistent. This is not the same as a PF withdrawal rejection but blocks the intended exemption path and later confuses nationality/contribution claims.","If CoC was never issued, the IW may have been forced into full EPF/EPS. Withdrawal then follows ordinary or IW physical rules. If CoC was issued, some contributions should not exist; claiming them, or claiming exemption without CoC, creates compliance rejects. Nationality is a JD parameter (major if Non-SSA to SSA country).",Wrong SSA country; assignment dates; employer e-sign missing on CoC; nationality field wrong on UAN.,IW portal rejection remarks. Nationality mismatch on JD. Contribution despite CoC.,"Check IW portal status and rejection remarks; correct passport/assignment/SSA fields; employer re-e-signs. | Align UAN nationality via JD with passport. | For withdrawal after assignment, use IW physical path if no Aadhaar (epfo-rr-074) or online if seeded. | Do not mix CoC exemption requests with Form 19 on the member portal without guidance from the IW cell.",Passport | Assignment letter | SSA/CoC application | Employer e-sign,mixed,"Apply CoC before the assignment starts, not after payroll has already deducted PF wrongly.",epfo-rr-074 | epfo-rr-013,https://www.epfindia.gov.in/site_en/International_workers.php | https://www.gconnect.in/epfo/social-security-international-workers-agreements-epf-scheme-1952.html | https://www.in.kpmg.com/taxflashnews/KPMG-Flash-News-EPFO-Update-Simplifying-process-of-PF-withdrawal-for-International-Workers.pdf | https://www.epfindia.gov.in/site_docs/PDFs/Circulars/Y2023-2024/SOP_WSU_new.pdf,official | blog,medium,2026-09-12,CoC rejection mechanics summarised from IW brochure explainers; not a numbered 'claim rejection code'. Nationality major/minor split is in SOP JD/2022/1 Table 2.
epfo-rr-076,Inoperative or high-risk member ID subjected to additional scrutiny; claim delayed or returned,Additional layer of scrutiny | Fraud prevention flag | High value inoperative claim | Peer confirmation required,Compliance_Legal,Form 19 PF Final Settlement | Form 10C Pension Withdrawal Benefit | Form 13 Transfer | UMANG/Member Portal Online Claim,high,"Inoperative SOP (02.08.2024): extra approval layers vs normal delegation (e.g. additional officer for slabs including above Rs 50,000 / Rs 5 lakh). Application software to flag such MIDs. Until software flags exist, extra e-file scrutiny. Fraud control was the public rationale (Business Standard).","Not every delay is a KYC error. Old untouched accounts with large balances are intentionally slowed. Members may see Returned, Verification pending, or extra document asks (photo, peer confirmation as reported in explainers). Treat this as compliance friction: cooperate, do not pay agents.",Transaction-less years; high balance; identity recently changed via JD (fraud signal).,SOP flags. Extra officer names on the claim trail. Requests for additional ID.,"Complete unblocking first (epfo-rr-045). | Supply additional ID, photographs, and employer/peer confirmation promptly if asked. | Avoid major identity JD immediately before a large claim unless necessary. | Track via EPFiGMS if timelines exceed Citizen Charter plus the extra layer.",Full KYC | Additional photo-ID | Unblocking approval,mixed,Seed KYC years before you need the money. | Do not let accounts go decade-dormant.,epfo-rr-045 | epfo-rr-059 | epfo-rr-079,https://www.epfindia.gov.in/site_docs/PDFs/Circulars/Y2024-2025/Circular_SOP_WSU_02082024.pdf | https://www.business-standard.com/finance/personal-finance/epfo-issues-new-rules-for-inoperative-inactive-accounts-to-combat-fraud-124080600360_1.html | https://economictimes.indiatimes.com/wealth/save/latest-epfo-rules-how-to-unblock-inoperative-epf-account-settle-claims/articleshow/107544015.cms | https://www.outlookmoney.com/retirement/plan/news/explained-epfos-new-guidelines-for-inoperative-epf-accounts,official | circular | news,high,2026-09-12,Delegation tables are in the SOP PDF; this dataset does not reprint rupee slabs as gospel beyond the SOP's existence.
epfo-rr-077,Dual employment or overlapping wage reporting with two covered establishments,Dual employment | Two employers filing ECR same month | Overlapping wage reporting,Compliance_Legal,Form 19 PF Final Settlement | Form 13 Transfer | Form 10C Pension Withdrawal Benefit | Form 31 Partial Withdrawal/Advance,medium,"Genuine date overlap is not per-se a transfer disqualification (May 2025 circular). Actual simultaneous employment in two covered establishments with two ECRs is a different compliance fact: PF is due on each, and claims/transfers may need both employers' data. Overlap circular says clarification may be sought where genuinely needed.","Moonlighting in two PF-covered jobs, or a contractor plus principal both deducting, creates two wages for the same days. Settlement then needs both ledgers; EPS wage ceiling interactions get messy; offices may query rather than auto-pay. This is not solved by deleting one date.",Two jobs; staffing-company plus client both covered; date error looking like dual employment.,Two ECRs same month different establishments. Overlap query that survives letter explanations.,"If it was a date typo, correct DOE/DOJ. | If truly dual, both contributions may be valid; provide both appointment letters and ask the office how they will reckon EPS/PF. | Do not fabricate an exit to hide dual employment. | For transfer, provide clarification as the May 2025 circular allows rather than expecting silent pass.",Both appointment letters | Both passbooks/ECRs | Explanation letter,mixed,Disclose existing UAN to every employer. | Do not allow a vendor and a principal to both run PF on the same wage without advice.,epfo-rr-041 | epfo-rr-070 | epfo-rr-029,https://www.staffnews.in/2025/06/simplification-of-transfer-claim-process.html | https://zerodha.com/z-connect/varsity/epfo-claim-rejections-what-is-service-overlap-and-how-to-merge-pf-accounts | https://www.livemint.com/money/personal-finance/epfo-showing-wrong-service-history-what-employees-should-check-immediately-and-do-next-to-rectify-the-error-11786520369893.html,circular | blog | news,medium,2026-09-12,No separate published 'dual employment rejection code'. Distinguished from innocent overlap by facts.
epfo-rr-078,PAN missing or Form 15G/15H issues causing TDS problems on taxable (service < 5 years) Form 19,TDS at higher rate | PAN not linked TDS | Form 15G not considered | Taxable withdrawal,Compliance_Legal,Form 19 PF Final Settlement | Composite Claim Form | UMANG/Member Portal Online Claim,medium,"OCS FAQ requires PAN seeding for Form 19 if service < 5 years. ClearTax: if service < 5 years and amount above threshold, TDS (commonly described as 10% with PAN, much higher without). Form 15G/15H may be used when income is below taxable limit. This may not always appear as 'Rejected' — it can appear as a reduced credit — but missing PAN can also block the claim (epfo-rr-006).",Members think the claim 'failed' because the credit is far below passbook (TDS). Others are actually rejected for no PAN. Continuous service of 5 years (including transferred service) generally makes withdrawal tax-exempt under current IT explanations — verify with a tax professional.,Service <5 years; PAN not seeded; 15G not submitted where the process still allows it.,PAN KYC missing. Settlement advice shows TDS. Credit shortfall.,"Seed PAN (epfo-rr-006) before Form 19 if service <5 years. | If the office/process still accepts Form 15G/15H, submit it with PAN when eligible; do not assume the 2010s paper 15G process still exists on the online flow. | If TDS was rightly deducted, claim credit in the income-tax return; that is not an EPFO re-claim. | If service with transfers is actually >=5 years, ensure transfers posted so the tax engine sees continuity.",PAN | Form 15G/15H if applicable | Transfer history to prove 5-year continuity,member,Plan taxable vs tax-free withdrawal with service years in mind.,epfo-rr-006 | epfo-rr-014,https://www.epfindia.gov.in/site_docs/PDFs/MiscPDFs/FAQ_OCS_050517_1017.pdf | https://cleartax.in/c/pf-withdrawal-online | https://www.bajajfinserv.in/investments/epf-or-pf-withdrawal-rules,official | blog,medium,2026-09-12,"TDS rates change with Finance Acts. Educational only, not tax advice. 5-year continuity including transferred accounts is the usual IT explanation."
epfo-rr-079,Vague portal remark such as 'Verification pending' or 'Contact employer' without a specific defect,Verification pending | Contact employer | Discrepancies found | Rejected without reason | Verification pending vague remark | Contact employer without defect named | Discrepancies found please contact RO | SMS: Claim under process contact office,Other,Form 19 PF Final Settlement | Form 10C Pension Withdrawal Benefit | Form 10D Monthly Pension | Form 31 Partial Withdrawal/Advance | Form 13 Transfer | Form 20 Death PF Settlement | Form 5IF EDLI Death Insurance | Composite Claim Form | UMANG/Member Portal Online Claim | International Worker Claim,medium,"Citizen-facing articles document opaque remarks. Citizen Charter (as reported) targets settlement of complete claims in 20 days. EPFiGMS and RTI can force a written reason. This is not a legal ground of rejection; it is a communication failure that hides a real ground (KYC, DOE, overlap, inoperative flag, etc.).","Do not refile blindly. Extract the file noting. Often the hidden issue is employer approval, EO inspection, or inoperative extra scrutiny.",Workflow parked at a desk; template remark; inspection pending.,Track Claim one-liner. No SMS detail.,"Screenshot the exact words, claim ID, date. | Ask employer if anything is pending in their login. | File EPFiGMS with UAN, claim ID, remark, and ask for the specific scheme provision and defect. | If unanswered, escalate on EPFiGMS, then CPGRAMS; RTI for file noting is a documented last resort. | When the real defect is named, fix that related reason and refile if the claim was actually closed.",Claim ID screenshot | EPFiGMS registration number,mixed,Clean KYC and DOE so officers have no reason to park the file.,epfo-rr-010 | epfo-rr-024 | epfo-rr-076 | epfo-rr-058,https://righttoinformation.wiki/pf-withdrawal-claim-rejected-without-reason-epfo-india | https://epfigms.gov.in/ | https://righttoinformation.wiki/epfo-claim-rejected-pending-uan-kyc-complaint-india | https://www.outlookmoney.com/retirement/pension/epf-claim-settlement-why-epfo-rejects-the-claims-and-what-subscribers-can-do,blog | official | news,medium,2026-09-12,"20-day charter is widely cited; confirm current Citizen Charter on epfindia. RTI is lawful process, not a 'hack'."
epfo-rr-080,"Establishment code, Regional Office mapping, or exempted-office jurisdiction mismatch",Wrong PF office | Establishment mapping error | Jurisdictional mismatch | Claim sent to wrong office | Wrong Regional Office jurisdiction | Establishment code mapped to wrong RO | File at correct PF office,Other,Form 19 PF Final Settlement | Form 10C Pension Withdrawal Benefit | Form 10D Monthly Pension | Form 31 Partial Withdrawal/Advance | Form 13 Transfer | Form 20 Death PF Settlement | Form 5IF EDLI Death Insurance | Composite Claim Form | UMANG/Member Portal Online Claim | International Worker Claim,low,"Claims are processed by the office that holds the member ID. Wrong office mapping, establishment code errors, or claiming at a city office that is not the jurisdictional RO causes return. Which-Claim-Form and physical instructions say submit to the office where the account is maintained.",A Delhi resident whose last establishment reports to RO Peenya will not get a Delhi-office physical claim settled. Online claims usually route themselves; paper claims often go to the wrong counter.,Member posts to the nearest office; establishment transferred between ROs; member ID prefix ignored.,Physical claim returned. Online claim sitting in unexpected office queue.,"Read the office on the passbook / member ID. | Use establishment search on epfindia.gov.in. | File online where possible so routing is automatic. | If paper, send to the jurisdictional RO with the establishment code on the envelope.",Passbook showing office/establishment code | Correct RO address,member,Never walk into a random PF office with a physical form without checking jurisdiction.,epfo-rr-051 | epfo-rr-031,https://www.epfindia.gov.in/site_en/WhichClaimForm.php?id=in_sm | https://epfindia.gov.in/site_docs/PDFs/Downloads_PDFs/Form19_instructions_Eng.pdf | https://www.epfindia.gov.in | https://www.epfindia.gov.in/site_docs/PDFs/Downloads_PDFs/Form5IF_Instructions_Eng.pdf,official,medium,2026-09-12,Operational jurisdiction issue; no unique published code.
epfo-rr-081,"Form 10D descriptive roll, joint photographs, or family identification documents missing",Descriptive roll missing | Joint photos not attached | Passport photos of family missing | Form 10D offline documents,Other,Form 10D Monthly Pension,medium,"Form 10D offline/death path commonly requires a descriptive roll, joint member-spouse photos, family photos/signatures, and children's DOB proofs. Kustodian 10D guide lists these as standard offline attachments. Online 10D with clean KYC may skip some scans; death/offline cases still fail without them.",Pension identification is for a lifetime payment plus survivor benefits. Offices use photos and descriptive rolls the way banks use signatures. Missing the set looks like an incomplete claim (epfo-rr-048) but is specific to 10D.,Member filed online-style 10D for a death case that still needs the paper identification set.,FO deficiency on 10D file.,"Download current Form 10D and its instruction/descriptive roll annexure from epfindia. | Attach joint photos, family descriptive roll, Aadhaar of all, children's DOB proofs. | Match spouse name to family details (epfo-rr-064). | Resubmit to the office that maintains the account.",Form 10D | Descriptive roll | Joint photographs | Family Aadhaar and DOB proofs,member,"A year before 58, assemble a pension document folder including photos.",epfo-rr-064 | epfo-rr-048 | epfo-rr-023,https://kustodian.life/resources/epf-form-10d-the-2026-guide-to-claiming-your-monthly-pension | https://www.epfindia.gov.in/site_en/WhichClaimForm.php?id=in_sm | https://www.epfindia.gov.in/site_docs/PDFs/Downloads_PDFs/Form10D.pdf | https://www.financialexpress.com/money/epfo-pension-rules-settlement-in-20-days-but-heres-why-many-eps-claims-still-get-rejected-4168274/,blog | official | news,medium,2026-09-12,Photo/descriptive-roll practice is longstanding for EPS; exact current online vs offline split should be checked on the live form PDF.
epfo-rr-082,Form 31 housing purchase/construction/plot advance ineligible or ownership/service not met,Housing advance rejected | Not eligible for house construction | Plot purchase Form 31 rejected | Insufficient service for housing withdrawal | House/flat purchase purpose not allowed,Eligibility_Service,Form 31 Partial Withdrawal/Advance | Composite Claim Form | UMANG/Member Portal Online Claim,high,"ClearTax/Axis Max Form-31 guides: housing (land/plot/house/flat purchase or construction) historically required about 5 years membership; property in member, spouse, or joint names; amount capped (e.g. 24x wages for site, 36x for house, or balance/cost whichever least). TaxGuru/KnowMoney 2025-26 reporting places Housing Needs under revised ~12-month membership and 25% retention — live portal controls. Composite Claim Forms circular allowed self-certification without utilization certificates for many housing advances.","A Form 31 housing claim fails when membership/service is short of the rule the portal applies, the amount exceeds the purpose cap, ownership is not member/spouse/joint, or housing was selected for another need. Plot vs construction vs ready flat have different historical limits. Scheme 2026 explainers describe a Housing Needs head with uniform 12 months and 25% retention; older FAQs cite 5 years. Remarks often say not eligible for the reason selected or insufficient member service.",Wrong purpose; short DOJ-based service; amount above wage multiple or available balance after retention; property in parents name; duplicate housing advance where only one allowed.,Portal purpose vs service length. Passbook balance vs claimed amount. Ownership declaration query.,"Confirm DOJ and membership months the portal counts in Service History. | Compare claimed amount to live Form 31 housing limit and any 25% retention shown. | Confirm property will be in member/spouse/joint name. | If service is short, wait or pick another eligible purpose. | Refile once after fixing; avoid same-day spam.",Service History / DOJ proof | Self-declaration of housing purpose | Property papers if office asks,member,Check housing eligibility on claim screen before entering amount.,epfo-rr-039 | epfo-rr-040 | epfo-rr-053 | epfo-rr-025,https://cleartax.in/s/epf-form-31 | https://www.axismaxlife.com/blog/retirement-planning/epf-withdrawal-form-31 | https://taxguru.in/corporate-law/epfos-pf-withdrawal-rules-claims-rejected.html | https://knowmoney.in/blog/epfo-3-withdrawal-rules-india-2026 | https://www.epfindia.gov.in/site_docs/PDFs/Circulars/Y2016-2017/Composite_Claim_Forms_31792.pdf | https://www.epfindia.gov.in/site_docs/PDFs/MiscPDFs/FAQ_OCS_050517_1017.pdf,official | blog | news | circular,high,2026-09-12,Historical 5-year vs 2026 12-month: medium confidence on 2026 details; portal wins.
epfo-rr-083,Form 31 housing loan repayment advance rejected (agency certificate / tenure / amount),Home loan repayment Form 31 rejected | Housing loan outstanding certificate missing | Loan repayment advance not eligible | EMI repayment from PF rejected,Eligibility_Service,Form 31 Partial Withdrawal/Advance | Composite Claim Form | UMANG/Member Portal Online Claim,high,"ClearTax Form 31: loan repayment historically ~10 years membership; amount least of 36x wages+DA, EPF balance, or outstanding principal+interest; agency certificate. Axis Max and labour-law Form 31 PDF repeat agency certificate. Online self-cert may replace paper for some housing heads per CCF circular; RO may still query.","Repaying a housing loan is distinct from purchase/construction. Claims fail when membership is under the applicable tenure, the lender is not an eligible agency, outstanding certificate is missing when asked, or amount exceeds outstanding/EPF caps. Selecting purchase instead of repayment changes eligibility.",Wrong housing sub-purpose; short service; informal lender; amount greater than outstanding.,Purpose equals loan repayment. Query for agency certificate. Service length check.,"Select repayment purpose exactly, not purchase/construction. | Obtain outstanding principal+interest certificate from HFC/bank if RO asks. | Cap claim to least of scheme limit, eligible balance, and outstanding. | If membership short under live rule, wait or use another eligible head.",Agency outstanding certificate | Loan sanction letter if asked | Service History,member,Keep loan statements ready before repayment advances.,epfo-rr-082 | epfo-rr-039 | epfo-rr-040 | epfo-rr-053,https://cleartax.in/s/epf-form-31 | https://www.axismaxlife.com/blog/retirement-planning/epf-withdrawal-form-31 | https://labourlawadvisor.in/blog/wp-content/uploads/2019/08/PF-Advance-Rules.pdf | https://www.indiafilings.com/learn/epf-form-31 | https://www.epfindia.gov.in/site_docs/PDFs/Circulars/Y2016-2017/Composite_Claim_Forms_31792.pdf,blog | circular,high,2026-09-12,Tenure figures vary by scheme edition; cite portal.
epfo-rr-084,Form 31 home renovation/alteration/improvement advance rejected,House renovation Form 31 rejected | Addition alteration advance not allowed | Repair of dwelling house rejected | Improvement of house PF advance,Eligibility_Service,Form 31 Partial Withdrawal/Advance | Composite Claim Form | UMANG/Member Portal Online Claim,medium,"ClearTax/Form 31 guides: addition/alteration/improvement historically after house completion with caps around 12x wages or employee share/cost, and limits on frequency. Property must be member/spouse/joint. CCF circular dispensed with utilization certificates for several housing heads when self-certifying.","Renovation is not purchase. Rejection when ownership ineligible, waiting period since completion/prior advance unmet, amount exceeds renovation cap, or permitted renovation advances exhausted.",Wrong sub-purpose; ownership; frequency/waiting rules; over-claim.,Purpose renovation/alteration. Service and prior-advance history.,"Confirm house registered in member/spouse/joint name. | Use renovation purpose, not fresh purchase. | Respect amount and frequency limits on portal. | If ineligible, use another purpose only if truly applicable.",Ownership proof if asked | Self-declaration | Prior advance history,member,Track prior housing advances before renovation filing.,epfo-rr-082 | epfo-rr-039 | epfo-rr-040,https://cleartax.in/s/epf-form-31 | https://labourlawadvisor.in/blog/wp-content/uploads/2019/08/PF-Advance-Rules.pdf | https://www.axismaxlife.com/blog/retirement-planning/epf-withdrawal-form-31 | https://www.epfindia.gov.in/site_docs/PDFs/Circulars/Y2016-2017/Composite_Claim_Forms_31792.pdf,blog | circular,high,2026-09-12,
epfo-rr-085,"Form 31 marriage advance ineligible (service, relationship, frequency, or amount)",Marriage advance rejected | Not eligible for marriage withdrawal | Sister/daughter marriage Form 31 rejected | Marriage purpose claim limit exceeded,Eligibility_Service,Form 31 Partial Withdrawal/Advance | Composite Claim Form | UMANG/Member Portal Online Claim,high,"ClearTax/Axis Max: marriage of self/son/daughter/brother/sister; historically ~7 years membership and up to 50% employee share; limited times. TaxGuru/KnowMoney: after Oct 2025 CBT, marriage withdrawals reported up to 5 times under Essential Needs with ~12 months service. CCF circular: no marriage card required; self-certification suffices for online/CCF Aadhaar paths.","Marriage advances fail when membership is short, relationship is outside the scheme list, frequency caps are exhausted, amount exceeds employee-share percentage or newer Essential Needs cap, or marriage was selected only to unlock cash. Portal may say not eligible for the reason selected or insufficient member service.",Short service; wrong relative; frequency exhausted; amount too high; fake purpose.,Purpose marriage. Service months. Prior marriage-advance count.,"Confirm marriage is of self, child, or sibling as allowed. | Check membership months against live rule (historical 7 years vs reported 12 months). | Limit amount to portal max; keep retention if shown. | Self-certify honestly; attach marriage card only if asked. | If frequency exhausted, stop refiling same purpose.",Self-declaration in Form 31 | Service History | Prior claim list,member,Count prior marriage advances before applying again.,epfo-rr-039 | epfo-rr-040 | epfo-rr-086 | epfo-rr-053,https://cleartax.in/s/epf-form-31 | https://www.axismaxlife.com/blog/retirement-planning/epf-withdrawal-form-31 | https://taxguru.in/corporate-law/epfos-pf-withdrawal-rules-claims-rejected.html | https://knowmoney.in/blog/epfo-3-withdrawal-rules-india-2026 | https://www.epfindia.gov.in/site_docs/PDFs/Circulars/Y2016-2017/Composite_Claim_Forms_31792.pdf | https://www.shriramlife.com/blog/advice/form-31-in-epfo,blog | news | circular,high,2026-09-12,Frequency 3 vs 5 and tenure 7y vs 12m: medium on 2026; portal wins.
epfo-rr-086,Form 31 education (post-matriculation) advance ineligible,Education advance rejected | Higher education Form 31 not eligible | Post matriculation education withdrawal rejected | Children education PF advance rejected,Eligibility_Service,Form 31 Partial Withdrawal/Advance | Composite Claim Form | UMANG/Member Portal Online Claim,high,"ClearTax/Axis Max: post-matriculation education of children (and in some explainers self); historically ~7 years membership, up to 50% employee share. KnowMoney/TaxGuru: education up to 10 times under Essential Needs with simplified service. CCF circular: no document required for education heads when self-certifying on CCF.","Education advances reject when the course is not post-matriculation, beneficiary is outside allowed family, membership/frequency/amount rules fail, or education was picked as a generic cash unlock. Fix path differs from marriage because frequency caps and beneficiary rules differ.",Pre-matric course; wrong beneficiary; short service; frequency/amount breach.,Purpose education. Service and prior education-advance count.,Confirm course is post-Class 10 / higher education as portal describes. | Ensure beneficiary is self or child if purpose requires that. | Respect amount and remaining education-advance count. | Upload institution estimate only if asked.,Self-declaration | Institution certificate if asked | Service History,member,Do not use education purpose for unrelated expenses.,epfo-rr-085 | epfo-rr-039 | epfo-rr-040 | epfo-rr-053,https://cleartax.in/s/epf-form-31 | https://www.axismaxlife.com/blog/retirement-planning/epf-withdrawal-form-31 | https://knowmoney.in/blog/epfo-3-withdrawal-rules-india-2026 | https://taxguru.in/corporate-law/epfos-pf-withdrawal-rules-claims-rejected.html | https://www.epfindia.gov.in/site_docs/PDFs/Circulars/Y2016-2017/Composite_Claim_Forms_31792.pdf | https://labourlawadvisor.in/blog/wp-content/uploads/2019/08/PF-Advance-Rules.pdf,blog | news | circular,high,2026-09-12,
epfo-rr-087,Form 31 medical/illness treatment advance rejected (self or family),Medical advance rejected | Illness Form 31 not approved | Hospitalisation PF advance rejected | Treatment of family member advance rejected | Certificate C medical missing,Eligibility_Service,Form 31 Partial Withdrawal/Advance | Composite Claim Form | UMANG/Member Portal Online Claim,high,ClearTax/Axis Max/labour-law Form 31 guide: illness advance often has no minimum service; amount typically least of ~6 months basic+DA or employee share; employer and doctor certificates historically for offline; covers member and specified family. Online often accepts self-declaration; RO may seek medical proof for large amounts.,"Medical Form 31 fails when illness purpose was not selected, amount exceeds medical cap, family relationship is outside definition, or medical/employer certificates are demanded and missing on physical claims. Differs from housing/marriage because service floor is often nil but documents differ.",Wrong purpose; over-claim; missing Certificate C on physical; non-covered relative.,Purpose illness/medical. Amount vs wage multiple. Physical document checklist.,"Select illness/medical (or Essential Needs illness) explicitly. | Cap amount to medical limit shown. | For physical claims attach doctor and employer certificates when required. | For online, self-declare truthfully; answer RO queries.",Doctor certificate | Employer certificate if physical | Hospital estimate if asked,mixed,Keep medical papers even for online self-cert in case of clarification.,epfo-rr-039 | epfo-rr-040 | epfo-rr-053 | epfo-rr-094,https://cleartax.in/s/epf-form-31 | https://labourlawadvisor.in/blog/wp-content/uploads/2019/08/PF-Advance-Rules.pdf | https://www.axismaxlife.com/blog/retirement-planning/epf-withdrawal-form-31 | https://www.indiafilings.com/learn/epf-form-31 | https://www.epfindia.gov.in/site_docs/PDFs/MiscPDFs/FAQ_OCS_050517_1017.pdf,blog | official,high,2026-09-12,
epfo-rr-088,Form 31 natural calamity / abnormal conditions advance rejected,Natural calamity advance rejected | Flood earthquake PF advance | Abnormal conditions Form 31 rejected | Calamity affected area advance not allowed,Eligibility_Service,Form 31 Partial Withdrawal/Advance | Composite Claim Form | UMANG/Member Portal Online Claim,medium,EPFO COVID FAQ explicitly distinguishes natural-calamity purpose from pandemic purpose. Form 31 guides list advances when the member establishment/area is notified as calamity-affected. KnowMoney places calamity under Special Circumstances in 2026 explainers.,"Calamity advances fail when the member area/establishment is not covered by the applicable notification, the wrong purpose (e.g. COVID vs calamity) was chosen, or amount/balance rules fail. Official COVID FAQ: applying under Natural Calamity does NOT equal pandemic advance.",Wrong purpose vs notification; area not notified; amount breach.,Purpose natural calamity. RO checks notification applicability.,"Use Natural Calamity only if your case matches that head. | Do not substitute COVID purpose for calamity or vice versa. | Follow Special Circumstances instructions if portal merged heads. | If rejected, check whether another Essential Need truly applies.",Self-declaration | Calamity notification reference if asked | Address proof if asked,member,Read purpose help text; calamity is not pandemic or unemployment.,epfo-rr-089 | epfo-rr-039 | epfo-rr-090,https://www.epfindia.gov.in/site_docs/PDFs/Updates/covid_faq_claim_04042020.pdf | https://cleartax.in/s/epf-form-31 | https://knowmoney.in/blog/epfo-3-withdrawal-rules-india-2026 | https://www.livemint.com/money/personal-finance/epfo-top-reasons-your-employees-provident-fund-settlement-claims-rejected-explained-epf-scheme-document-errors-mismatch-11783073513956.html | https://www.epfindia.gov.in/site_docs/PDFs/MiscPDFs/FAQ_OCS_050517_1017.pdf,official | blog | news,high,2026-09-12,COVID FAQ is official on purpose distinction.
epfo-rr-089,Form 31 COVID-19 / pandemic outbreak advance rejected or wrongly substituted with calamity,Outbreak of pandemic COVID-19 advance rejected | COVID Form 31 rejected | Lockdown advance not processed | Applied natural calamity instead of COVID,Eligibility_Service,Form 31 Partial Withdrawal/Advance | Composite Claim Form | UMANG/Member Portal Online Claim,medium,Official EPFO COVID FAQ (Apr 2020): select purpose Outbreak of pandemic (COVID-19) specifically; natural calamity is NOT treated as COVID advance; pending other Form 31 may block a fresh COVID claim until earlier claim is rejected.,"Legacy COVID special advances still appear in histories and FAQ mirrors. Rejections when wrong purpose chosen, earlier Form 31 still open, KYC/bank failed, or COVID purpose no longer enabled. Fix differs from ordinary calamity/unemployment.",Wrong purpose; prior claim pending; purpose removed from dropdown; KYC/bank.,Purpose text COVID/pandemic. Track Claim shows prior pending Form 31.,"If COVID purpose still listed and you qualify, select it exactly not Natural Calamity. | If another Form 31 is pending, request RO rejection of earlier claim per COVID FAQ before refiling. | If COVID purpose is gone, use a currently enabled purpose that truly fits. | Fix KYC/bank first if those are the real blockers.",Screenshot of purpose dropdown | Prior claim ID if blocking | KYC/bank verified status,member,Treat COVID FAQ as historical; follow live portal purposes.,epfo-rr-088 | epfo-rr-052 | epfo-rr-039,https://www.epfindia.gov.in/site_docs/PDFs/Updates/covid_faq_claim_04042020.pdf | https://cleartax.in/s/epf-form-31 | https://www.livemint.com/money/personal-finance/epfo-top-reasons-your-employees-provident-fund-settlement-claims-rejected-explained-epf-scheme-document-errors-mismatch-11783073513956.html | https://unifiedportal-mem.epfindia.gov.in/memberinterface/,official | blog | news,high,2026-09-12,"Historical special advance; high confidence on FAQ text, medium on current portal availability."
epfo-rr-090,Form 31 unemployment / non-contribution advance rejected (waiting period or still contributing),Unemployed for more than one month Form 31 rejected | Continuous unemployment advance rejected | Non receipt of contribution advance rejected | Insufficient service unemployment Form 31 | PF and EPS being deposited by the employers | Unemployment advance rejected still contributing | Non-contribution period not met Form 31 | Form 31 unemployment waiting not over,Eligibility_Service,Form 31 Partial Withdrawal/Advance | UMANG/Member Portal Online Claim | Composite Claim Form,critical,"Reddit r/epfoindia and ClearTax discuss Form 31 unemployment advances (continuous unemployment above one month / non-receipt of contribution). Members report rejection for insufficient service when waiting period not met, and PF and EPS being deposited by the employers when ECR still posts. Mint lists unemployment under special/exit-related access in Scheme 2026 explainers.","This is not Form 19 final settlement. Unemployment advances require exit (DOE present) and satisfaction of the unemployment/non-contribution period the purpose states. Active ECR after exit, or filing too early, causes rejection. Fix path differs from Form 19 waiting-period rejects and from calamity/COVID.",DOE missing; filed before unemployment period; employer still depositing; wrong purpose vs Form 19.,Track Claim remarks: insufficient service; PF/EPS being deposited; contribution after exit.,"Confirm DOE is visible and no new covered job has started. | Count unemployment/non-contribution days the purpose requires before filing. | If ECR posts after exit, get employer clarification for wage-month timing or wait until contributions stop. | If you need full settlement, use Form 19 after its waiting rules — do not force Form 31 unemployment as fake Form 19.",Service History with DOE | Passbook last contribution date | Employer clarification if post-exit ECR,mixed,Screenshot last ECR month before choosing unemployment purpose.,epfo-rr-097 | epfo-rr-098 | epfo-rr-033 | epfo-rr-024 | epfo-rr-039,https://www.reddit.com/r/epfoindia/comments/1mdyhcm/epfo_claim_rejected_form_31/ | https://www.reddit.com/r/EPFO/comments/1smfaow/claim_got_rejected_saying_pf_and_eps_being/ | https://cleartax.in/s/epf-form-31 | https://www.livemint.com/money/personal-finance/epfo-top-reasons-your-employees-provident-fund-settlement-claims-rejected-explained-epf-scheme-document-errors-mismatch-11783073513956.html | https://pfbalancecheck.com/epfo-claim-rejected-reason/ | https://knowmoney.in/blog/epfo-3-withdrawal-rules-india-2026,forum | blog | news,high,2026-09-12,Forum remarks are real; exact statutory para labels vary by scheme edition.
epfo-rr-091,Form 31 cut in wages / non-receipt of wages for two months advance rejected,Cut in wages advance rejected | Salary not received two months Form 31 | Non receipt of wages PF advance | Establishment not paying wages advance rejected,Eligibility_Service,Form 31 Partial Withdrawal/Advance | Composite Claim Form | UMANG/Member Portal Online Claim,medium,ClearTax Form 31 special cases: employee has not received salary for more than 2 months continuously — up to 100% employee share; reason other than strike. Factory closure without compensation is a sibling special case.,"Claims under cut-in-pay / unpaid wages fail when wages were actually paid, the gap is under two months, strike is the cause, employer will not certify, or the wrong special purpose was selected. Distinct from unemployment-after-exit because the member may still be on rolls.",Gap under 2 months; strike exclusion; missing employer certificate; wrong purpose.,Purpose cut in wages / non-receipt of wages. Employer certificate on physical.,"Use this purpose only if wages unpaid over 2 months continuously for a non-strike reason. | Obtain employer certificate for physical paths when required. | If factory closed over 15 days without compensation, use factory-closure purpose instead. | Cap to employee share if that is the published limit.",Employer certificate of non-payment | Self-declaration | Wage slips showing gap if asked,mixed,Do not use unpaid-wages purpose for ordinary cash needs while paid regularly.,epfo-rr-092 | epfo-rr-090 | epfo-rr-039 | epfo-rr-053,https://cleartax.in/s/epf-form-31 | https://www.indiafilings.com/learn/epf-form-31 | https://labourlawadvisor.in/blog/wp-content/uploads/2019/08/PF-Advance-Rules.pdf | https://knowmoney.in/blog/epfo-3-withdrawal-rules-india-2026,blog,high,2026-09-12,
epfo-rr-092,Form 31 factory closure / lockout advance rejected,Factory closure advance rejected | Establishment closed Form 31 | Lockout PF advance not allowed | Closure of establishment over 15 days advance,Eligibility_Service,Form 31 Partial Withdrawal/Advance | Composite Claim Form | UMANG/Member Portal Online Claim,medium,ClearTax: closure of establishment for over 15 days and employees unemployed without compensation — up to 100% employee share. CCF circular: no document required with composite claim for factory-closure advances when self-certifying.,"Factory-closure advances fail when closure/lockout duration is under the threshold, compensation was paid, establishment is not actually closed, or unemployment-after-exit was the correct purpose instead.",Closure under 15 days; compensation paid; wrong purpose; establishment still filing ECR normally.,Purpose factory closure/lockout. ECR/establishment status.,"Confirm closure/lockout over 15 days without compensation. | Select factory closure / special circumstances purpose that matches. | Online self-certification may suffice; respond if RO asks employer confirmation. | If permanently exited, evaluate Form 19 separately.",Self-declaration | Employer/closure intimation if asked,mixed,Do not confuse temporary unpaid leave with notified closure.,epfo-rr-091 | epfo-rr-090 | epfo-rr-030,https://cleartax.in/s/epf-form-31 | https://www.epfindia.gov.in/site_docs/PDFs/Circulars/Y2016-2017/Composite_Claim_Forms_31792.pdf | https://www.indiafilings.com/learn/epf-form-31 | https://knowmoney.in/blog/epfo-3-withdrawal-rules-india-2026,blog | circular,high,2026-09-12,
epfo-rr-093,Form 31 advance for purchase of equipment by physically handicapped member rejected,Physically handicapped equipment advance rejected | Disability assistive device Form 31 | Handicapped member PF advance not eligible | Equipment purchase disability PF rejected,Eligibility_Service,Form 31 Partial Withdrawal/Advance | Composite Claim Form | UMANG/Member Portal Online Claim,medium,ClearTax documents table lists physically handicapped purpose needing doctor certificate. IndiaFilings/Axis Max mention disability/assistive equipment advances under Form 31 with medical certification.,"This purpose is for purchasing equipment required because of physical handicap, not a generic medical hospitalisation advance. Rejection when disability certificate missing, equipment unrelated, amount exceeds cap, or medical purpose selected instead.",Missing disability/doctor certificate; wrong purpose; amount.,Purpose physically handicapped / equipment. Document checklist.,"Select handicapped-equipment purpose, not generic illness, if that is the need. | Attach doctor/disability certificate as required. | Claim only equipment-related eligible amount. | For monthly disablement pension use Form 10D path, not Form 31.",Doctor/disability certificate | Equipment quotation if asked | Self-declaration,member,Keep disability certificate updated before filing.,epfo-rr-087 | epfo-rr-111 | epfo-rr-053,https://cleartax.in/s/epf-form-31 | https://www.indiafilings.com/learn/epf-form-31 | https://www.axismaxlife.com/blog/retirement-planning/epf-withdrawal-form-31 | https://www.epfindia.gov.in/site_en/WhichClaimForm.php?id=in_sm,blog | official,medium,2026-09-12,Exact para details from secondary Form 31 tables; verify live scheme text.
epfo-rr-094,Form 31 illness advance for pregnancy or family member treatment documentation/eligibility failure,Pregnancy treatment PF advance rejected | Family illness Form 31 rejected | Wife medical treatment advance not allowed | Maternity related Form 31 rejected,Eligibility_Service,Form 31 Partial Withdrawal/Advance | Composite Claim Form | UMANG/Member Portal Online Claim,medium,"Illness advances cover member and defined family in Form 31 guides (ClearTax/IndiaFilings). Pregnancy/childbirth treatment is commonly filed under illness/medical; success depends on family definition, amount caps, and certificates when asked.","Rejections when patient is outside family for the scheme purpose, medical certificates missing on physical claims, amount exceeds illness caps, or wrong purpose used. Distinct from handicapped-equipment and EPS family pension.",Non-covered dependent; missing medical proof; over-claim; wrong purpose.,Illness purpose with family member named. Certificate queries.,File under illness/medical with truthful family relationship declaration. | Attach doctor certificate for physical claims; keep discharge summary for queries. | Respect illness amount caps. | Do not use as substitute for final settlement or unemployment advance.,Doctor certificate | Proof of relationship if asked | Hospital estimate,member,Confirm who counts as family under illness purpose help text.,epfo-rr-087 | epfo-rr-039 | epfo-rr-053,https://cleartax.in/s/epf-form-31 | https://www.indiafilings.com/learn/epf-form-31 | https://www.axismaxlife.com/blog/retirement-planning/epf-withdrawal-form-31 | https://labourlawadvisor.in/blog/wp-content/uploads/2019/08/PF-Advance-Rules.pdf,blog,medium,2026-09-12,Pregnancy grouped under illness in secondary guides; not a separate official form code.
epfo-rr-095,Form 31 advance within one year of retirement (90% pre-retirement) rejected,90 percent withdrawal before retirement rejected | Within one year of retirement Form 31 | Pre-retirement advance not eligible | Age 54 Form 31 rejected,Eligibility_Service,Form 31 Partial Withdrawal/Advance | Composite Claim Form | UMANG/Member Portal Online Claim,medium,ClearTax: before retirement — up to 90% of corpus after age about 54 and within one year of retirement/superannuation. Axis Max and other explainers echo this head.,"Fails when member age/DOB does not show eligibility, retirement is not within the one-year window, amount over 90%, or Form 19 was correct after exit. DOB mismatch often underlies age rejects.",Age/DOB wrong; not within 1 year of retirement; over-claim.,Purpose pre-retirement / 90%. DOB vs claimed retirement date.,"Verify DOB on UAN matches Aadhaar. | Use this purpose only inside the portal pre-retirement window. | Cap at 90% or live portal max. | If already exited, prefer Form 19.",Service History | DOB proof | Employer retirement intimation if asked,member,Fix DOB before filing age-gated advances.,epfo-rr-002 | epfo-rr-038 | epfo-rr-039 | epfo-rr-040,https://cleartax.in/s/epf-form-31 | https://www.axismaxlife.com/blog/retirement-planning/epf-withdrawal-form-31 | https://www.indiafilings.com/learn/epf-form-31 | https://www.bajajfinserv.in/investments/epf-or-pf-withdrawal-rules,blog,high,2026-09-12,
epfo-rr-096,Form 31 rejected because membership/service months are insufficient for the selected purpose,Insufficient member service | Insufficient service Form 31 | Service not met for advance | 12 month membership not completed,Eligibility_Service,Form 31 Partial Withdrawal/Advance | UMANG/Member Portal Online Claim | Composite Claim Form,high,Widely reported portal remark Insufficient member service / Insufficient service on Form 31 (Reddit r/epfoindia). TaxGuru 2026: Service not met — 12-month condition not completed under revised rules. Older purposes needed 5-7-10 years. OCS FAQ: Form 31 needs DOJ in database.,"Generic service-floor rejection when DOJ missing, prior service not transferred into current member ID, or purpose minimum months unmet. Related to epfo-rr-039 but targets the exact remark and transfer/merge fix when years exist on old IDs.",Short membership on current MID; DOJ blank; old service not transferred; purpose needs more months.,Remark text insufficient service. Service History months. Untransferred old balances.,"Sum membership across UANs/member IDs; transfer old accounts if years sit elsewhere. | Ensure DOJ is present. | Wait until live purpose minimum months completed. | If remark wrong vs passbook, EPFiGMS with Service History screenshots.",Service History all MIDs | Form 13 status if transferring | Passbook,member,Transfer earlier PF before purpose-heavy Form 31 claims.,epfo-rr-039 | epfo-rr-025 | epfo-rr-073 | epfo-rr-046,https://www.reddit.com/r/epfoindia/comments/1qdcnw9/epfo_rejecting_my_form31_due_to_insufficient/ | https://www.reddit.com/r/epfoindia/comments/1mdyhcm/epfo_claim_rejected_form_31/ | https://taxguru.in/corporate-law/epfos-pf-withdrawal-rules-claims-rejected.html | https://www.epfindia.gov.in/site_docs/PDFs/MiscPDFs/FAQ_OCS_050517_1017.pdf | https://pfbalancecheck.com/epfo-claim-rejected-reason/,forum | news | official | blog,high,2026-09-12,
epfo-rr-097,Claim rejected because contribution received after date of exit (post-exit ECR),"CONTRIBUTION RECEIVED AFTER DATE OF EXIT, PLEASE CLARIFY | Contribution after DOE | Post exit PF deposit flagged | ECR after leaving employment | Contribution received after date of exit | Post exit ECR claim rejected | PF deposited after leaving",Employer_Related,Form 31 Partial Withdrawal/Advance | Form 19 PF Final Settlement | Form 10C Pension Withdrawal Benefit | Composite Claim Form | UMANG/Member Portal Online Claim,high,"Reddit r/epfoindia: Form 31 unemployment rejected with exact remark CONTRIBUTION RECEIVED AFTER DATE OF EXIT, PLEASE CLARIFY when March wages PF posted in April after DOE. Payroll timing, not necessarily illegal dual employment.",EPFO sees a contribution chronologically after DOE and demands clarification before settling unemployment or exit-linked claims. Distinct from still employed and from missing DOE.,Final-month salary PF filed in next calendar month; DOE earlier than contribution month; employer mistake.,Exact Track Claim / query remark about contribution after exit.,"Get employer letter stating post-DOE credit relates to wages earned on or before DOE. | Submit via EPFiGMS / RO with claim ID and passbook screenshot. | Do not change DOE falsely; clarify wage month instead. | After clarification acceptance, refile once.",Employer clarification letter | Passbook showing contribution month | Relieving letter / DOE proof,mixed,Ask payroll to map wage month vs ECR month before exit claims.,epfo-rr-090 | epfo-rr-024 | epfo-rr-029 | epfo-rr-098,https://www.reddit.com/r/epfoindia/comments/1lwzhcs/my_epfo_claim_got_rejected_form31_after_16_days/ | https://www.reddit.com/r/EPFO/comments/1smfaow/claim_got_rejected_saying_pf_and_eps_being/ | https://epfigms.gov.in/ | https://pfbalancecheck.com/epfo-claim-rejected-reason/ | https://cleartax.in/s/epf-form-31,forum | official | blog,high,2026-09-12,Remark string from member reports; not an invented official code.
epfo-rr-098,Unemployment/exit claim rejected because PF and EPS are still being deposited by employer,PF and EPS being deposited by the employers | Contribution still being received | Employer still filing ECR claim rejected | Active contribution blocks unemployment advance,Employer_Related,Form 31 Partial Withdrawal/Advance | Form 19 PF Final Settlement | Form 10C Pension Withdrawal Benefit | UMANG/Member Portal Online Claim | Composite Claim Form,high,Reddit r/EPFO: Form 31 advance for continuous unemployment rejected with pf and eps being deposited by the employers even when member believes last deposit was exit month.,"System treats ongoing ECR as proof the member is not in a non-contribution/unemployment state. May be delayed ECR, wrong active MID, or true continued employment. Fix differs from one-off post-exit clarification when deposits keep appearing.",Delayed ECR; contractor still covering member; wrong MID active; DOE not recognised.,Remark about PF/EPS being deposited. Passbook new rows after claimed exit.,"Check passbook for any credit after intended exit. | If employment truly ended, have employer stop ECR and confirm DOE. | If a ghost MID is receiving ECR, delink/correct. | Only refile unemployment/Form 19 after contributions stop and waiting rules met.",Passbook | Employer confirmation ECR stopped | Service History,mixed,Verify no establishment still lists you as active before unemployment claims.,epfo-rr-090 | epfo-rr-097 | epfo-rr-034 | epfo-rr-051,https://www.reddit.com/r/EPFO/comments/1smfaow/claim_got_rejected_saying_pf_and_eps_being/ | https://www.reddit.com/r/epfoindia/comments/1mdyhcm/epfo_claim_rejected_form_31/ | https://pfbalancecheck.com/epfo-claim-rejected-reason/ | https://www.epfindia.gov.in/site_docs/PDFs/MiscPDFs/FAQ_OCS_050517_1017.pdf,forum | blog | official,high,2026-09-12,
epfo-rr-099,"Form 14 financing of LIC policy rejected (eligibility, insurer, or balance)",Form 14 rejected | LIC premium from PF not allowed | Finance insurance policy EPFO rejected | LIC policy financing from EPF failed,Form_Documentation,Form 14 Financing of Life Insurance Policy | Form 31 Partial Withdrawal/Advance | UMANG/Member Portal Online Claim,medium,"News18/Mint/Zee: facility to finance LIC (not private insurers) from EPF via Form 14; typically need sufficient balance (often cited as about 2 years premium), policy in member own name, minimum membership (about 2 years in Zee explainer), annual premium mode; KYC must be in order.","Form 14 is not a normal Form 31 cash-out. Rejections when policy is not LIC, policy in spouse name, EPF balance cannot cover required premium financing, membership short, or KYC/bank blocks remittance to LIC.",Non-LIC policy; third-party policy; insufficient PF; KYC failure; wrong form channel.,Form 14 / LIC seeding flow errors. RO objection on insurer/balance.,Confirm policy is LIC and in your own name. | Ensure EPF balance meets financing condition in EPFO/LIC instructions. | Complete UAN KYC before submission. | Submit Form 14 through prescribed process; do not expect ordinary Form 31 medical purpose to pay LIC premiums.,LIC policy details | Form 14 | KYC verified screenshots | Premium due statement,member,Use only as last resort; EPF is retirement savings.,epfo-rr-015 | epfo-rr-005 | epfo-rr-043,https://www.news18.com/business/savings-and-investments/no-money-for-lic-premium-epfo-lets-you-pay-it-directly-from-your-pf-account-ws-kl-9810317.html | https://www.livemint.com/money/personal-finance/epfo-members-can-pay-lic-premium-using-epf-money-details-here-11645255082822.html | https://zeenews.india.com/photos/business/did-you-know-epfo-allows-you-to-finance-your-lic-policy-for-2-years-eligibility-money-amount-and-other-details-explained-2950269 | https://www.epfindia.gov.in,news | official,medium,2026-09-12,Secondary news summaries of scheme facility; confirm live Form 14 instructions on epfindia.
epfo-rr-100,VPF / excess voluntary contribution confusion causing claim or transfer friction,VPF not withdrawing separately | Voluntary PF excess claim rejected | VPF balance not shown separately for claim | Excess contribution above statutory claim issue,Eligibility_Service,Form 19 PF Final Settlement | Form 31 Partial Withdrawal/Advance | Form 13 Transfer | UMANG/Member Portal Online Claim | Composite Claim Form,medium,Member explainers (ClearTax/Bajaj): VPF is additional employee PF contribution in the same EPF account — not a separate withdrawable product. Claims follow Form 19/31 rules on total EPF balance.,"Members try to withdraw only VPF while employed without a valid Form 31 purpose, or expect a VPF-only settlement. Portal rejects or shows ineligibility because statutory rules apply to the whole EPF account.",Belief VPF is separately cashable anytime; wrong form; odd employer coding.,Member requests VPF-only; portal only offers standard claim types.,"Treat VPF as part of EPF balance. | While employed, withdraw only under valid Form 31 purpose/limit. | After exit, Form 19 settles EPF including VPF (EPS still follows 10C/10D). | For employer mis-posting into EPS vs EPF, see wage-ceiling record.",Passbook showing VPF/employee share | Claim purpose screenshot,member,Do not search for a separate VPF withdrawal form.,epfo-rr-039 | epfo-rr-043 | epfo-rr-102,https://cleartax.in/s/pf-withdrawal-online | https://www.bajajfinserv.in/investments/epf-or-pf-withdrawal-rules | https://cleartax.in/s/epf-form-31 | https://www.epfindia.gov.in/site_docs/PDFs/MiscPDFs/FAQ_OCS_050517_1017.pdf,blog | official,medium,2026-09-12,No separate official VPF rejection code; pattern from product structure.
epfo-rr-101,Higher pension / EPS-95 joint option claim blocked or returned for contribution proof gaps,Higher pension option rejected | EPS 95 higher pension claim stuck | Joint option higher pension documents deficient | Form 10D higher pension wage proof missing,Compliance_Legal,Form 10D Monthly Pension | Form 10C Pension Withdrawal Benefit | UMANG/Member Portal Online Claim,high,"Economic Times (Bombay HC reporting): EPFO should not deny higher pension solely for missing Form 6A/challans when Form 3A, EPF statements, and corroborative wage/contribution evidence exist. Kustodian EPS rejection guide: higher-pension math, wage>15000 option, and Annexure K issues commonly block claims.","After Supreme Court higher-pension jurisprudence, members who filed joint options face returns when differential contributions, wage proofs, or employer attestations are incomplete. Ordinary Form 10D may also delay when higher-pension validation is pending.",Missing Form 3A/6A/challans; employer non-cooperation; differential EPS not remitted; validation queue.,Higher pension cell query. Return for wage/contribution proofs.,"Compile Form 3A, EPF passbooks, joint option copy, wage proofs, and any challans available. | Do not abandon solely because one old Form 6A is missing if other corroboration exists. | Use EPFiGMS with document index. | If only ordinary pension sought and option never filed, follow standard Form 10D eligibility.",Joint option form | Form 3A / contribution history | Wage proofs / Form 16 | Undertaking for differential if applicable,mixed,Keep joint-option acknowledgement and wage proofs forever.,epfo-rr-102 | epfo-rr-037 | epfo-rr-042 | epfo-rr-069,https://economictimes.indiatimes.com/wealth/legal/will/higher-eps-pension-epfo-cant-use-the-excuse-of-employers-deficient-system-of-recordkeeping-as-a-ground-to-deny-higher-pension-to-employees-rules-bombay-hc/articleshow/130464158.cms | https://kustodian.life/resources/epf-claim-rejected-because-of-eps-top-reasons-and-proven-fixes-india-2026-guide | https://www.financialexpress.com/money/epfo-pension-rules-settlement-in-20-days-but-heres-why-many-eps-claims-still-get-rejected-4168274/ | https://www.etnownews.com/personal-finance/epfo-pension-rules-why-eps-claims-get-rejected-govt-reveals-basis-errors-kyc-aadhaar-and-more-article-153801634 | https://epfigms.gov.in/,news | blog | official,high,2026-09-12,Court reporting is secondary to judgment text; no invented circular numbers.
epfo-rr-102,EPS wage ceiling / pension contribution above statutory cap causing claim hold,EPS contribution more than 1250 | Pension contribution exceeds limit | Wage ceiling mismatch EPS | Wages more than 15000 EPS error | EPS ineligible due to salary above 15000,Compliance_Legal,Form 10C Pension Withdrawal Benefit | Form 10D Monthly Pension | Form 19 PF Final Settlement | UMANG/Member Portal Online Claim | Composite Claim Form,high,"Kustodian 2026 EPS rejection guide lists remarks such as pension contribution exceeds limit / wage ceiling mismatch, EPS contribution more than 1250, and EPS ineligible due to salary above 15000 for post-Sep 2014 joiners without higher-pension option.","Employer ECR may have pushed excess into EPS instead of EPF, or higher-pension accounting does not reconcile. Claims involving EPS get held until ECR is revised. Distinct from service-length rejects.",ECR misclassification; no higher-pension option but EPS above ceiling; higher-pension interest mismatch.,Portal/office remark on EPS limit or wage ceiling. Passbook EPS column anomalies.,"Compare EPS monthly credits to expected ceiling without higher pension. | Ask employer to revise ECR and move excess to EPF where appropriate. | If you opted for higher pension, supply option papers and differential proofs. | Refile settlement after passbook reflects correction.",Passbook EPS columns | ECR revision proof | Higher pension option if any,employer,Audit first EPS credit after salary crosses ceiling.,epfo-rr-101 | epfo-rr-044 | epfo-rr-029 | epfo-rr-042,https://kustodian.life/resources/epf-claim-rejected-because-of-eps-top-reasons-and-proven-fixes-india-2026-guide | https://www.financialexpress.com/money/epfo-pension-rules-settlement-in-20-days-but-heres-why-many-eps-claims-still-get-rejected-4168274/ | https://www.etnownews.com/personal-finance/epfo-pension-rules-why-eps-claims-get-rejected-govt-reveals-basis-errors-kyc-aadhaar-and-more-article-153801634 | https://www.reddit.com/r/epfoindia/comments/1m6co8r/why_so_many_epf_claims_are_being_rejected_and/,blog | news | forum,high,2026-09-12,1250 figure from secondary guides reflecting statutory 8.33% of 15000 ceiling.
epfo-rr-103,Atal Pension Yojana or other NPS product confused with EPS Form 10C/10D claim,Atal Pension claim on EPFO portal | APY withdrawal via UAN rejected | NPS confused with EPS pension | Wrong pension scheme claim EPFO,Other,Form 10C Pension Withdrawal Benefit | Form 10D Monthly Pension | UMANG/Member Portal Online Claim,low,EPFO Which Claim Form and OCS FAQs cover EPS Forms 10C/10D only. APY is a PFRDA/NPS product administered via banks/India Post/CRAs — not settled on the EPFO member-claim dropdown.,Members sometimes try to raise APY/NPS exit on the EPFO claim screen. The claim is rejected or never offered because EPFO settles EPF/EPS/EDLI only. Fix is to use the APY/NPS POP-SP channel.,Product confusion between EPS and APY/NPS.,User attempts pension claim without EPS eligibility; references APY PRAN.,Confirm whether pension is EPS (UAN/passbook EPS) or APY/NPS (PRAN). | For EPS use Form 10C/10D on EPFO portal. | For APY/NPS use bank/POP-SP/NPSCRA exit — not EPFO Form 10D. | Do not refile EPFO claims for APY balances.,UAN passbook | PRAN statement if APY/NPS,member,Check which pension product was deducted from salary.,epfo-rr-043 | epfo-rr-036 | epfo-rr-037,https://www.epfindia.gov.in/site_en/WhichClaimForm.php?id=in_sm | https://www.epfindia.gov.in/site_docs/PDFs/MiscPDFs/FAQ_OCS_050517_1017.pdf | https://www.epfindia.gov.in | https://www.pensionbazaar.com/epf/epf-withdrawal-rules/,official | blog,medium,2026-09-12,Educational distinction; APY is not an EPFO scheme.
epfo-rr-104,Composite Form 19+10C claim partially rejected or mistimed (one component fails),Form 19 approved 10C rejected | Composite claim partial rejection | Only PF withdrawal succeeded pension failed | 10C rejected with Form 19 settled,Form_Documentation,Form 19 PF Final Settlement | Form 10C Pension Withdrawal Benefit | Composite Claim Form | UMANG/Member Portal Online Claim,high,ClearTax/PFBalanceCheck and OCS FAQ: online claims often allow PF-only or PF+pension withdrawal. Service bands for 10C cause 10C portion to fail while Form 19 may still settle. Reddit EPS threads report 10C rejects alongside PF claims.,Members see PF money credit but pension component reject (or vice versa). Refiling entire composite without fixing EPS eligibility wastes time. Fix path is component-specific.,EPS service band wrong; EPS contributions missing; composite default including 10C.,Track Claim shows different outcomes per component.,"Read which component failed — 19 vs 10C. | If 10C failed for service under 6 months, stop 10C; keep Form 19 result. | If 10+ years, file scheme certificate / later 10D instead of 10C cash. | Refile only the failed component after correction; avoid duplicate PF claim.",Track Claim screenshots both components | Service History | Passbook,member,On first filing choose PF-only when EPS clearly out of band.,epfo-rr-035 | epfo-rr-036 | epfo-rr-043 | epfo-rr-052,https://www.epfindia.gov.in/site_docs/PDFs/MiscPDFs/FAQ_OCS_050517_1017.pdf | https://cleartax.in/c/pf-withdrawal-online | https://pfbalancecheck.com/epfo-claim-rejected-reason/ | https://www.reddit.com/r/epfoindia/comments/1m6co8r/why_so_many_epf_claims_are_being_rejected_and/ | https://www.epfindia.gov.in/site_en/WhichClaimForm.php?id=in_sm,official | blog | forum,high,2026-09-12,
epfo-rr-105,NRI / FEMA bank account issue — resident account after non-resident status or NRE/foreign account used,NRI PF claim bank rejected | NRE account not accepted for EPF | FEMA resident account still linked | Foreign bank account EPFO claim,Bank_Payment,Form 19 PF Final Settlement | Form 10C Pension Withdrawal Benefit | Form 10D Monthly Pension | Form 31 Partial Withdrawal/Advance | UMANG/Member Portal Online Claim | International Worker Claim | Composite Claim Form,high,NRI Information guides: EPFO pays only to an Indian bank account; after becoming NRI the receiving account should be NRO; NRE or foreign accounts are not the proper credit path; continuing credits to a resident savings account after non-resident status is a FEMA problem.,"Claims fail NPCI/bank validation or get returned when seeded account is NRE, overseas, or a still-resident account the bank flags after status change. Distinct from ordinary name/IFSC mismatches.",NRE seeded; foreign account; resident account not redesignated NRO; passport/NRI status not aligned with bank KYC.,Bank KYC failure; payment return; member declared NRI.,"Seed an NRO (or correctly redesignated Indian account) in your name. | Do not use NRE or foreign accounts for EPFO credit. | Update bank KYC and get NPCI verification. | For IW without Aadhaar, follow physical settlement path with passport/bank proofs.",NRO passbook/cancelled cheque | Passport / NRI status proof if asked | Bank redesignation letter,member,Redesignate to NRO before filing when you become NRI.,epfo-rr-016 | epfo-rr-019 | epfo-rr-074 | epfo-rr-022,https://nriinformation.com/returning-to-india/nri-provident-fund-guide | https://nriinformation.com/nri-info/indian-pension-abroad | https://www.epfindia.gov.in/site_en/International_workers.php | https://www.epfindia.gov.in/site_docs/PDFs/Circulars/Y2025-2026/Circular_RemovalOfUploadingImage.pdf,blog | official | circular,high,2026-09-12,FEMA guidance from NRI explainers; EPFO still requires Indian account.
epfo-rr-106,Cancelled cheque upload demanded or rejected despite NPCI-verified bank KYC (post-removal circular edge case),Cancelled cheque still required | Cheque upload rejected though bank verified | Passbook image asked after NPCI success | Circular removal of cheque upload not applied | Cancelled cheque still demanded | Cheque image upload no longer required | NPCI verified still asking cheque,Bank_Payment,Form 19 PF Final Settlement | Form 31 Partial Withdrawal/Advance | Form 10C Pension Withdrawal Benefit | UMANG/Member Portal Online Claim | Composite Claim Form,medium,EPFO circular on removal of cancelled-cheque image upload where NPCI verification succeeded; Times Now reporting cheque upload no longer required for large claim volumes. Mint still notes unclear cheque scans reject non-NPCI accounts.,Edge cases: portal/RO still insists on cheque though Bank KYC is Verified; or bank is NOT NPCI-verified and cheque image is blurry. This record focuses on mismatch with removal circular when verification already succeeded.,Stale UI path; RO habit; bank actually not verified; wrong document quality when still required.,Claim form asks cheque despite Verified bank KYC.,"Confirm Manage KYC shows Bank as Verified (NPCI). | If verified, proceed without cheque; if UI forces upload, use clear printed-name cheque and note verification in EPFiGMS if rejected solely on cheque. | If not verified, fix NPCI verification first. | Never upload third-party cheque.",Screenshot Bank KYC Verified | Clear cancelled cheque if still prompted,member,Get NPCI verification done before claim season.,epfo-rr-021 | epfo-rr-016 | epfo-rr-015,https://www.epfindia.gov.in/site_docs/PDFs/Circulars/Y2025-2026/Circular_RemovalOfUploadingImage.pdf | https://www.timesnownews.com/business-economy/personal-finance/epfo-processed-8-3-crore-claims-in-fy26-cancelled-cheque-upload-no-longer-required-article-155357857 | https://www.livemint.com/money/personal-finance/epfo-top-reasons-your-employees-provident-fund-settlement-claims-rejected-explained-epf-scheme-document-errors-mismatch-11783073513956.html | https://unifiedportal-mem.epfindia.gov.in/memberinterface/,circular | news | official,high,2026-09-12,
epfo-rr-107,Member dies while a claim is pending — settlement path must switch to death claims,Member deceased mid claim | Claimant died during processing | Pending Form 19 after death of member | Death during under process claim,Nominee_Death,Form 19 PF Final Settlement | Form 31 Partial Withdrawal/Advance | Form 10C Pension Withdrawal Benefit | Form 20 Death PF Settlement | Form 5IF EDLI Death Insurance | Form 10D Monthly Pension | UMANG/Member Portal Online Claim | Composite Claim Form,critical,Death claims use Forms 20/10D/5IF per Which Claim Form; pending member-filed Form 19/31/10C cannot be completed as if the member were alive. Kustodian/Zee death guides stress nomination and death certificates.,"If the member dies after filing but before settlement, RO must stop the living-member claim and process nominee/legal-heir death claims. Family refiling Form 19 in the deceased login is wrong.",Death after submission; family continues wrong form; nomination incomplete.,Death intimation to RO; claim parked; family tries same claim ID.,Intimate jurisdictional RO / EPFiGMS with death certificate and pending claim ID; request closure of living-member claim. | File Form 20 (and 10D/10C/5IF as applicable) as nominee/heir. | Ensure e-nomination was e-signed or follow legal-heir path. | Do not keep OTPing the deceased UAN for Form 19.,Death certificate | Pending claim ID | Nomination / legal heir proofs | Claimant KYC/bank,mixed,Keep e-nomination e-signed while alive.,epfo-rr-060 | epfo-rr-062 | epfo-rr-067 | epfo-rr-052,https://www.epfindia.gov.in/site_en/WhichClaimForm.php?id=in_sm | https://kustodian.life/resources/epf-death-claim-process-india | https://www.epfindia.gov.in/site_docs/PDFs/Downloads_PDFs/Form20.pdf | https://zeenews.india.com/personal-finance/pf-settlement-money-may-not-reach-your-family-for-a-common-mistake-your-e-nomination-will-not-be-valid-until-you-do-this-3054752.html | https://epfigms.gov.in/,official | blog | news,high,2026-09-12,
epfo-rr-108,Orphan pension (Form 10D) documentation or eligibility gaps,Orphan pension rejected | Children pension without surviving parent failed | Form 10D orphan claim documents missing | Orphan EPS pension not approved,Nominee_Death,Form 10D Monthly Pension | Composite Claim Form,high,"EPFO Which Claim Form / Form 10D framework provides family pension including children; secondary explainers describe orphan pension when both parents deceased, with age limits and higher percentage than single-parent child pension. ET Now/Outlook cite incomplete family documents as top EPS rejection causes.","Orphan pension claims fail when death certificates of both parents incomplete, guardianship for minors missing, children exceed age limits without disablement exception, or family details never updated. Distinct from widow pension and ordinary missing photos.",Missing dual death certificates; no guardian; age over limit; family details blank.,Form 10D orphan/child category. Document scrutiny.,Submit death certificates of both parents as applicable. | Appoint guardian with certificate for minors. | Update family details / descriptive roll/photos as required. | Confirm child age/disablement eligibility before filing.,Death certificates of parents | Birth proof of child | Guardianship certificate | Form 10D family docs,mixed,Register children in family details while member is alive.,epfo-rr-064 | epfo-rr-065 | epfo-rr-081 | epfo-rr-048,https://www.epfindia.gov.in/site_en/WhichClaimForm.php?id=in_sm | https://www.epfindia.gov.in/site_docs/PDFs/Downloads_PDFs/Form10D.pdf | https://kustodian.life/resources/epf-form-10d-the-2026-guide-to-claiming-your-monthly-pension | https://www.etnownews.com/personal-finance/epfo-pension-rules-why-eps-claims-get-rejected-govt-reveals-basis-errors-kyc-aadhaar-and-more-article-153801634 | https://www.financialexpress.com/money/epfo-pension-rules-settlement-in-20-days-but-heres-why-many-eps-claims-still-get-rejected-4168274/,official | blog | news,medium,2026-09-12,Percentage/age figures from scheme explainers; confirm Form 10D instructions.
epfo-rr-109,"Widow/widower family pension rejected due to remarriage flag, marriage proof, or spouse KYC gaps",Widow pension rejected remarriage | Widower Form 10D rejected | Spouse pension Aadhaar mismatch | Family pension stopped remarriage | Widow pension remarriage issue | Spouse KYC pending family pension | Marriage proof for widow Form 10D,Nominee_Death,Form 10D Monthly Pension | Form 20 Death PF Settlement | Composite Claim Form,high,Form 10D family pension rules stop or bar widow pension on remarriage in scheme design; ET Now and Outlook list incomplete family/death/nominee documents among top EPS rejects. Spouse name missing in database is a known twin issue.,"Claims fail when remarriage is recorded or suspected without clarity, marriage certificate missing, spouse Aadhaar/name mismatches, or bank not single/spouse-joint. Fix differs from orphan path.",Remarriage; missing marriage certificate; spouse KYC mismatch; bank joint with non-spouse.,Form 10D widow category queries. KYC mismatch on spouse.,"Provide marriage certificate and spouse KYC matching claim name. | If wrongly flagged remarried, submit affidavit/RO clarification with evidence. | Align bank account to single or joint-with-spouse rules. | Ensure deceased member family details list the spouse.",Marriage certificate | Death certificate | Spouse Aadhaar | Bank proof,mixed,Update marital status and spouse details in member profile early.,epfo-rr-064 | epfo-rr-023 | epfo-rr-001 | epfo-rr-081,https://www.epfindia.gov.in/site_docs/PDFs/Downloads_PDFs/Form10D.pdf | https://kustodian.life/resources/epf-form-10d-the-2026-guide-to-claiming-your-monthly-pension | https://www.etnownews.com/personal-finance/epfo-pension-rules-why-eps-claims-get-rejected-govt-reveals-basis-errors-kyc-aadhaar-and-more-article-153801634 | https://www.outlookmoney.com/retirement/pension/epf-claim-settlement-why-epfo-rejects-the-claims-and-what-subscribers-can-do | https://www.epfindia.gov.in/site_en/WhichClaimForm.php?id=in_sm,official | blog | news,high,2026-09-12,
epfo-rr-110,Form 10D reduced early pension claimed when full pension intended (or vice versa),Reduced pension vs full pension confusion | Early pension at 50 rejected | Want full pension after taking reduced | Form 10D early reduced pension mistake,Eligibility_Service,Form 10D Monthly Pension | UMANG/Member Portal Online Claim | Composite Claim Form,medium,OCS eligibility materials and Kustodian Form 10D guides: monthly pension normally from 58; reduced pension option from 50-57 permanently reduces quantum.,"Members under 58 file for full pension and get rejected, or take reduced pension without understanding permanence. Fix for under-age full pension is wait or choose reduced knowingly; there is no simple upgrade to full after reduced starts.",Age under 58 seeking full; misunderstanding reduced option; DOB error.,Age vs pension type selected.,"If under 58 and need pension now, explicitly accept reduced early pension rules or wait till 58. | Correct DOB first if age is wrong. | Do not refile full pension repeatedly while under age. | After reduced pension starts, consult RO before assuming restoration to full.",DOB proof | Form 10D option pages | Service History,member,Read reduced-pension warning on Form 10D before submitting.,epfo-rr-038 | epfo-rr-037 | epfo-rr-002,https://www.epfindia.gov.in/site_docs/PDFs/MiscPDFs/OCS_FAQ_Eligibility_102017.pdf | https://kustodian.life/resources/epf-form-10d-the-2026-guide-to-claiming-your-monthly-pension | https://www.epfindia.gov.in/site_en/WhichClaimForm.php?id=in_sm | https://www.financialexpress.com/money/epfo-pension-rules-settlement-in-20-days-but-heres-why-many-eps-claims-still-get-rejected-4168274/,official | blog | news,high,2026-09-12,
epfo-rr-111,Disablement / physically handicapped pension (Form 10D) eligibility or medical board proof inadequate,Disablement pension rejected | Permanent disability Form 10D rejected | Medical board certificate missing pension | Handicapped pension EPS not approved,Eligibility_Service,Form 10D Monthly Pension | Composite Claim Form,medium,Which Claim Form / EPS framework provides disablement pension distinct from old-age pension; medical certification requirements apply.,"Form 10D disablement claims fail when disability is not certified as meeting scheme threshold, member is still in covered employment contrary to rules, or documents are incomplete. Different from Form 31 equipment advance.",Insufficient medical board proof; still employed; wrong form.,Form 10D disablement category. Medical scrutiny.,"Obtain medical certification standard your RO lists for disablement pension. | Select disablement path, not ordinary old-age 10D. | Equipment purchase needs remain Form 31 if seeking advance not pension. | Keep EPS service history complete.",Medical board / disability certificate | Form 10D | Service History,mixed,Ask RO checklist before filing disablement pension.,epfo-rr-093 | epfo-rr-037 | epfo-rr-048,https://www.epfindia.gov.in/site_en/WhichClaimForm.php?id=in_sm | https://www.epfindia.gov.in/site_docs/PDFs/Downloads_PDFs/Form10D.pdf | https://kustodian.life/resources/epf-form-10d-the-2026-guide-to-claiming-your-monthly-pension | https://www.epfindia.gov.in/site_docs/PDFs/MiscPDFs/OCS_FAQ_Eligibility_102017.pdf,official | blog,medium,2026-09-12,RO checklist controls medical threshold.
epfo-rr-112,Life certificate / Jeevan Pramaan not submitted — pension stopped or credit blocked,Life certificate not submitted | Jeevan Pramaan pending pension | Digital life certificate overdue | Pension stopped LC not given,Compliance_Legal,Form 10D Monthly Pension | UMANG/Member Portal Online Claim,high,Jeevan Pramaan is the official digital life-certificate platform for pensioners; NRI pension explainers stress annual life certificate to keep EPS pension flowing.,"After PPO starts, failure to submit yearly life certificate suspends credits. This is an ongoing compliance block, not a KYC name mismatch.",LC not filed by due date; biometric LC failed; NRI LC via wrong channel.,Pension stopped remark. Existence verification failure.,Submit Digital Life Certificate via Jeevan Pramaan / authorized centres. | NRIs follow embassy/acceptable LC process and update bank. | After LC acceptance wait for pension restart; EPFiGMS if still stopped. | Do not file duplicate Form 10D just to restart without LC.,Jeevan Pramaan acknowledgement | PPO number | Aadhaar,member,Diary annual LC before due month.,epfo-rr-023 | epfo-rr-081 | epfo-rr-105,https://jeevanpramaan.gov.in | https://nriinformation.com/nri-info/indian-pension-abroad | https://kustodian.life/resources/epf-form-10d-the-2026-guide-to-claiming-your-monthly-pension | https://www.epfindia.gov.in,official | blog,high,2026-09-12,
epfo-rr-113,Portal remark Member not eligible for this claim type due to life-status mismatch,Member not eligible for this claim type | Claim type not allowed for member | You are not eligible to raise this claim | Selected claim not available for UAN status | Member not eligible life status mismatch | Life status alive death claim blocked,Technical_Portal,Form 19 PF Final Settlement | Form 31 Partial Withdrawal/Advance | Form 10C Pension Withdrawal Benefit | Form 10D Monthly Pension | UMANG/Member Portal Online Claim | Composite Claim Form,high,"PFBalanceCheck/Kustodian and portal UX: system hides or rejects claim types that conflict with employment status, age, or service band.","Seen when Form 19 chosen while employed, Form 31 unemployment without DOE, Form 10D under age/service. Remark is generic; fix is match form to Service History.",Employment status vs form; age/service gates; profile flags.,Eligibility toast/remark on claim dropdown or after submit.,"Read Service History for employed vs exited, age, EPS months. | Pick the form the portal enables for that status. | Fix DOE/KYC/unblock first if those gate the dropdown. | EPFiGMS only if eligible on paper but portal wrongly blocks.",Service History screenshot | Claim type screenshot,member,Screenshot eligibility message before trying other forms.,epfo-rr-034 | epfo-rr-039 | epfo-rr-043 | epfo-rr-045,https://pfbalancecheck.com/epfo-claim-rejected-reason/ | https://kustodian.life/resources/epf-claim-rejected-reasons-guide | https://www.epfindia.gov.in/site_docs/PDFs/MiscPDFs/FAQ_OCS_050517_1017.pdf | https://unifiedportal-mem.epfindia.gov.in/memberinterface/,blog | official,high,2026-09-12,
epfo-rr-114,Claim stuck Under process indefinitely without settlement or clear reject remark,Under process for months | Claim pending indefinitely | No update on Track Claim | Status under process forever | Under process indefinitely | Claim stuck no update | Pending at field office long time,Technical_Portal,Form 19 PF Final Settlement | Form 31 Partial Withdrawal/Advance | Form 10C Pension Withdrawal Benefit | Form 10D Monthly Pension | Form 13 Transfer | Form 20 Death PF Settlement | UMANG/Member Portal Online Claim | Composite Claim Form,medium,PFBalanceCheck distinguishes Under Process vs Settled vs Rejected. CitizenNest/RTI Wiki describe escalating parked files via EPFiGMS when no defect is named.,"Not a final rejection but functionally blocks the member. Causes include RO backlog, silent employer attestation wait, fraud-scrutiny flags, or backend validation loops. Fix is escalation with claim ID, not blind refile.",Backlog; silent attestation wait; scrutiny flag; portal sync lag.,Track Claim remains Under process beyond published timelines.,"Screenshot claim ID, dates, and status weekly. | Ask employer whether attestation/DSC pending. | File EPFiGMS naming claim ID and asking for specific defect or decision. | Escalate EPFiGMS/CPGRAMS if silent; do not file duplicate claim.",Track Claim screenshots | Employer attestation status if any | EPFiGMS registration number,mixed,Diary published settlement timeline when you file.,epfo-rr-058 | epfo-rr-079 | epfo-rr-076 | epfo-rr-052,https://pfbalancecheck.com/epfo-claim-rejected-reason/ | https://www.citizennest.com/guide/pf-claim-rejected-fix | https://righttoinformation.wiki/pf-withdrawal-claim-rejected-without-reason-epfo-india | https://epfigms.gov.in/ | https://taxguru.in/corporate-law/standard-operating-procedure-sop-settlement-claims-epfo.html,blog | official,high,2026-09-12,
epfo-rr-115,Bank account changed after claim submission causing payment failure or re-validation reject,Bank changed after claim filed | IFSC updated mid-claim | New account not used for settlement | Payment to old account failed after KYC change,Bank_Payment,Form 19 PF Final Settlement | Form 31 Partial Withdrawal/Advance | Form 10C Pension Withdrawal Benefit | Form 10D Monthly Pension | UMANG/Member Portal Online Claim | Composite Claim Form,medium,Mint/PFBalanceCheck bank-rejection patterns and settled-but-not-credited guides: payment uses bank details validated for that claim.,Member updates bank after filing hoping to redirect payment; claim may reject on re-validation or settle to old account and bounce.,Mid-claim KYC bank edit; old account closed; IFSC merger during processing.,Payment return after bank change; remark about bank details.,"Do not change bank KYC while a claim is Under process unless RO instructs. | If account must change, get reject/clarification then refile with verified new bank. | For settled-but-returned, request re-payment after correcting bank. | Ensure new bank is sole-name and NPCI verified before refile.",Bank KYC screenshots before/after | UTR if payment returned | Track Claim status,member,Finalize bank KYC before submitting any claim.,epfo-rr-022 | epfo-rr-016 | epfo-rr-017 | epfo-rr-052,https://www.livemint.com/money/personal-finance/epfo-top-reasons-your-employees-provident-fund-settlement-claims-rejected-explained-epf-scheme-document-errors-mismatch-11783073513956.html | https://pfbalancecheck.com/epfo-claim-rejected-reason/ | https://epfwala.com/pf-claim-status-shows-settled-but-amount-not-credited/ | https://righttoinformation.wiki/practical-guides/epfo-claim-settled-money-not-credited | https://www.epfindia.gov.in/site_docs/PDFs/Circulars/Y2025-2026/Circular_RemovalOfUploadingImage.pdf,news | blog | circular,high,2026-09-12,
epfo-rr-116,Exempted establishment private trust transfer to EPFO failed or incomplete blocking later settlement,Exempted trust transfer failed | Private PF trust balance not received by EPFO | Trust to EPFO transfer pending | Exempted establishment Annexure issues on transfer,Transfer_Related,Form 13 Transfer | Form 19 PF Final Settlement | Form 10C Pension Withdrawal Benefit | Form 5IF EDLI Death Insurance | UMANG/Member Portal Online Claim,high,Kustodian Form 13 and EDLI guides note extra certificates when establishments are exempted. This row focuses on failed trust-to-EPFO corpus/service transfer leaving settlement short.,"Member leaves exempted trust expecting EPFO Form 19 to include full corpus, but trust transfer never completed. Fix requires trust/EPFO coordination.",Trust non-remittance; incomplete Annexure; establishment still exempted.,Passbook missing prior trust years. Transfer stuck at trust/EPFO interface.,Confirm whether prior employer was exempted trust or EPFO-unexempted. | Chase trust for remittance/transfer documents to EPFO. | Use EPFiGMS naming both trust and EPFO establishment codes. | Do not file Form 19 expecting missing trust money until transfer reflects.,Trust statement | Transfer correspondence | Service History,mixed,Start trust-to-EPFO transfer immediately on joining an unexempted employer.,epfo-rr-031 | epfo-rr-069 | epfo-rr-073 | epfo-rr-067,https://kustodian.life/resources/epf-form-13-pf-transfer-online-offline-how-to-fill-pdf-status | https://kustodian.life/resources/provident-fund/form-5if-guide | https://www.citizennest.com/guide/epf-transfer-claim-rejected-fix | https://www.epfindia.gov.in/site_en/WhichClaimForm.php?id=in_sm | https://www.epfindia.gov.in/site_docs/PDFs/MiscPDFs/FAQ_OCS_050517_1017.pdf,blog | official,high,2026-09-12,
epfo-rr-117,Wrong Regional Office jurisdiction or physical claim filed at incorrect PF office,Claim sent to wrong RO | Jurisdictional mismatch claim rejected | Establishment code different office | Physical claim submitted at incorrect PF office,Other,Form 19 PF Final Settlement | Form 31 Partial Withdrawal/Advance | Form 10C Pension Withdrawal Benefit | Form 10D Monthly Pension | Form 20 Death PF Settlement | Form 5IF EDLI Death Insurance | Form 13 Transfer | Composite Claim Form | UMANG/Member Portal Online Claim,medium,Sibling epfo-rr-080 covers establishment mapping. This expands physical-filing and routing where members submit paper at the wrong RO.,"Online claims usually auto-route, but physical CCF/death claims filed at the wrong counter are returned. Online claims can park when establishment code points to a different region after reorganization.",Wrong counter filing; establishment remapped; old office code on form.,Return remark naming jurisdiction; physical claim not acknowledged.,"Check establishment code and jurisdictional RO on epfindia office search / passbook. | File physical claims only at the owning RO. | For online claims stuck on jurisdiction, EPFiGMS asking for correct office marking. | Do not assume any city RO can settle any UAN.",Establishment code printout | Passbook header | Physical claim acknowledgement,mixed,Verify RO before travelling with physical forms.,epfo-rr-080 | epfo-rr-072 | epfo-rr-031,https://www.epfindia.gov.in | https://www.citizennest.com/guide/pf-claim-rejected-fix | https://www.citizennest.com/guide/epf-transfer-claim-rejected-fix | https://www.epfindia.gov.in/site_docs/PDFs/MiscPDFs/FAQ_OCS_050517_1017.pdf | https://unifiedportal-mem.epfindia.gov.in/memberinterface/,official | blog,high,2026-09-12,
epfo-rr-118,Child pension stopped or rejected because beneficiary crossed age limit without disablement exception,Child pension age limit exceeded | Son/daughter over 25 pension stopped | Family pension child ineligible age | Orphan child aged out of EPS,Nominee_Death,Form 10D Monthly Pension,medium,EPS family pension explainers and Form 10D practice: child pension generally continues until a stated age (commonly 25 in secondary guides) unless permanently disabled.,Parents continue filing or expect arrears after the child ages out. Distinct from orphan documentation gaps — here eligibility ended by age.,Child over age limit; no disablement certificate.,Age vs scheme cut-off on Form 10D child category.,"Confirm current age against scheme child-pension cut-off. | If permanently disabled, submit disablement proof for continued pension. | Otherwise stop child-pension claims; check other beneficiaries. | Update family details rather than refiling rejected child claims.",Birth proof | Disablement certificate if claiming exception | Prior PPO,mixed,Track child age before each pension year.,epfo-rr-108 | epfo-rr-064 | epfo-rr-111,https://www.epfindia.gov.in/site_docs/PDFs/Downloads_PDFs/Form10D.pdf | https://kustodian.life/resources/epf-form-10d-the-2026-guide-to-claiming-your-monthly-pension | https://www.epfindia.gov.in/site_en/WhichClaimForm.php?id=in_sm | https://www.financialexpress.com/money/epfo-pension-rules-settlement-in-20-days-but-heres-why-many-eps-claims-still-get-rejected-4168274/,official | blog | news,medium,2026-09-12,Age cut-off from secondary explainers; confirm Form 10D/EPS text.
epfo-rr-119,Scheme Certificate not issued or lost blocking later Form 10D recognition of past service,Scheme certificate not generated | Scheme certificate missing for pension | 10C scheme certificate pending | Past EPS service not recognised without certificate,Eligibility_Service,Form 10C Pension Withdrawal Benefit | Form 10D Monthly Pension | UMANG/Member Portal Online Claim | Composite Claim Form,high,"OCS FAQ: after about 10 years pensionable service, cash 10C is wrong — member should take Scheme Certificate or later Form 10D. Kustodian/FE: missing past service/certificate issues delay pension.",Members who left with 10+ years without Scheme Certificate find Form 10D under-counts service. Fix is obtain/reissue certificate or correct service via transfers — not force 10C cash.,Never filed certificate; office did not generate; lost paper; service split across UANs.,Form 10D service short despite member history. 10C certificate status pending.,"If service >=10 years, file Form 10C for Scheme Certificate not withdrawal benefit if still needed. | Complete transfers so all EPS months sit under one UAN. | Chase RO/EPFiGMS for certificate generation or service rectification. | Then file Form 10D at eligible age.",Prior 10C acknowledgement | Service History all MIDs | Annexure K if any,mixed,"When leaving with 10+ EPS years, take Scheme Certificate immediately.",epfo-rr-036 | epfo-rr-037 | epfo-rr-069 | epfo-rr-046,https://www.epfindia.gov.in/site_docs/PDFs/MiscPDFs/FAQ_OCS_050517_1017.pdf | https://kustodian.life/resources/epf-form-10d-the-2026-guide-to-claiming-your-monthly-pension | https://www.financialexpress.com/money/epfo-pension-rules-settlement-in-20-days-but-heres-why-many-eps-claims-still-get-rejected-4168274/ | https://www.epfindia.gov.in/site_en/WhichClaimForm.php?id=in_sm | https://kustodian.life/resources/epf-claim-rejected-because-of-eps-top-reasons-and-proven-fixes-india-2026-guide,official | blog | news,high,2026-09-12,
epfo-rr-120,Online claim failed because last four digits of bank account verification did not match seeded KYC,Bank account last 4 digits not matching | Enter bank account digits verification failed | Account number mismatch at claim start | Cannot proceed for online claim bank verify,Technical_Portal,Form 19 PF Final Settlement | Form 31 Partial Withdrawal/Advance | Form 10C Pension Withdrawal Benefit | Form 10D Monthly Pension | UMANG/Member Portal Online Claim,high,ClearTax Form 31 online steps and member portal flow: claim wizard asks last 4 digits of bank account to verify against seeded KYC before proceeding.,Distinct from NPCI not verified: member types wrong digits or seeded account differs from the bank they think they are using. No Track Claim ID exists yet.,Typo; multiple accounts confusion; bank KYC outdated vs passbook.,Portal error at bank digit verification step; no claim ID generated.,"Open Manage KYC and note the exact seeded account number. | Enter the correct last 4 digits from that seeded account. | If wrong account is seeded, update and verify bank KYC first, then claim. | Do not repeatedly submit random digit guesses.",Manage KYC bank screenshot | Passbook/cheque of seeded account,member,Keep seeded account number ready before starting claim wizard.,epfo-rr-015 | epfo-rr-016 | epfo-rr-017 | epfo-rr-054,https://cleartax.in/s/epf-form-31 | https://unifiedportal-mem.epfindia.gov.in/memberinterface/ | https://www.epfindia.gov.in/site_docs/PDFs/MiscPDFs/FAQ_OCS_050517_1017.pdf | https://pfbalancecheck.com/epfo-claim-rejected-reason/ | https://www.livemint.com/money/personal-finance/epfo-top-reasons-your-employees-provident-fund-settlement-claims-rejected-explained-epf-scheme-document-errors-mismatch-11783073513956.html,blog | official | news,high,2026-09-12,
epfo-rr-121,Form 31 Special Circumstances purpose used without meeting unemployment/calamity/closure conditions,Special circumstances advance rejected | Special circumstances without reason still rejected | Wrong special circumstances claim | Essential vs special circumstances mix-up,Eligibility_Service,Form 31 Partial Withdrawal/Advance | UMANG/Member Portal Online Claim | Composite Claim Form,medium,"TaxGuru/KnowMoney on Oct 2025 CBT / EPFO 3.0: withdrawals grouped into Essential Needs, Housing Needs, and Special Circumstances; special circumstances reportedly eased documentation but still cover unemployment, calamity, lockout-type events. 25% retention still applies in explainers.",Members pick Special Circumstances hoping for no-questions cash while still employed with regular wages and no calamity/closure. Claims reject for ineligibility/service/balance.,Misuse of special head; still contributing; amount breaches retention; service under 12 months.,Purpose Special Circumstances. Remark not eligible / insufficient service / amount.,"Read live help text for what Special Circumstances covers. | If you need medical/marriage/education/housing, use those heads instead. | If truly unemployed/calamity/closure, ensure DOE/facts match. | Respect 25% retention and amount caps shown.",Service History | Purpose help-text screenshot | Passbook eligible amount,member,Do not treat Special Circumstances as undocumented ATM.,epfo-rr-090 | epfo-rr-088 | epfo-rr-092 | epfo-rr-039 | epfo-rr-040,https://taxguru.in/corporate-law/epfos-pf-withdrawal-rules-claims-rejected.html | https://knowmoney.in/blog/epfo-3-withdrawal-rules-india-2026 | https://www.livemint.com/money/personal-finance/epfo-top-reasons-your-employees-provident-fund-settlement-claims-rejected-explained-epf-scheme-document-errors-mismatch-11783073513956.html | https://cleartax.in/s/epf-form-31 | https://www.jagranjosh.com/general-knowledge/epf-scheme-withdrawal-rules-2026-3day-settlement-limits-and-online-claim-1820010445-1,news | blog,medium,2026-09-12,2026 three-head framework from secondary reporting; portal wins.
epfo-rr-122,Passbook balance zero or stale while ECR paid — claim amount/eligibility fails,Passbook shows zero balance | Passbook not updated claim rejected | Eligible amount zero on claim screen | Recent ECR not reflecting in passbook,Technical_Portal,Form 19 PF Final Settlement | Form 31 Partial Withdrawal/Advance | Form 10C Pension Withdrawal Benefit | UMANG/Member Portal Online Claim | Composite Claim Form,medium,Mint service-history explainers; PFBalanceCheck checklist asks whether passbook shows recent deposits. Claims can show eligible amount zero when passbook lags ECR.,"Member sees salary deductions but claim wizard offers tiny/zero eligible amount. May be transfer-out, wrong MID, or ledger delay. Distinct from employer never depositing.",Ledger lag; wrong MID selected; prior transfer emptied MID; portal cache.,Claim screen eligible amount vs expected. Passbook stale vs ECR.,"Check passbook for every member ID under the UAN. | Confirm employer ECR filed and credited. | If wrong MID has the balance, select correct MID or complete transfer first. | If ledger stuck, EPFiGMS for passbook update before refiling large claims.",Passbook all MIDs | ECR/challan proof if available | Claim eligible-amount screenshot,mixed,Reconcile passbook monthly.,epfo-rr-029 | epfo-rr-051 | epfo-rr-073 | epfo-rr-040,https://www.livemint.com/money/personal-finance/epfo-showing-wrong-service-history-what-employees-should-check-immediately-and-do-next-to-rectify-the-error-11786520369893.html | https://pfbalancecheck.com/epfo-claim-rejected-reason/ | https://www.epfindia.gov.in/site_docs/PDFs/MiscPDFs/FAQ_OCS_050517_1017.pdf | https://unifiedportal-mem.epfindia.gov.in/memberinterface/ | https://www.bajajfinserv.in/investments/epf-or-pf-withdrawal-rules,news | blog | official,high,2026-09-12,
epfo-rr-123,International worker claim blocked for want of passport/bank attestation on physical non-Aadhaar path,IW physical claim documents incomplete | Passport not attached IW claim | Bank verification letter missing international worker | Mission attestation required IW,Compliance_Legal,International Worker Claim | Form 19 PF Final Settlement | Form 10C Pension Withdrawal Benefit | Composite Claim Form,high,"CNBC/KPMG/TaxGuru IW notes: specified classes may settle physically without Aadhaar seeding but still need UAN, passport, and bank verification; employer identity confirm may apply above balance thresholds.","Even when Aadhaar is correctly waived, claims fail because passport copy, bank attestation, or employer attestations on Non-Aadhaar CCF are missing.",Missing passport; missing bank letter; incomplete Non-Aadhaar CCF; no employer confirm when required.,Physical IW claim returned for documents.,Assemble Non-Aadhaar CCF with passport and bank proofs per physical IW guidance. | Obtain employer attestation where form requires. | Do not loop on Aadhaar OTP if you are in the exempted class. | Track via RO/EPFiGMS with document checklist.,Passport | Bank verification / NRO proof | Non-Aadhaar CCF | Employer attestation if required,mixed,Use physical IW checklist before leaving India if possible.,epfo-rr-074 | epfo-rr-075 | epfo-rr-105 | epfo-rr-048,https://taxguru.in/corporate-law/epfo-clarifies-physical-claim-settlement-seeding-aadhaar.html | https://www.staffnews.in/2024/12/settlement-of-physical-claims-without-seeding-of-aadhaar.html | https://www.cnbctv18.com/personal-finance/epfo-relaxes-aadhaar-norms-for-select-employee-categories-key-details-19517361.htm | https://www.in.kpmg.com/taxflashnews/KPMG-Flash-News-EPFO-Update-Simplifying-process-of-PF-withdrawal-for-International-Workers.pdf | https://www.epfindia.gov.in/site_en/International_workers.php,news | blog | official,high,2026-09-12,
epfo-rr-124,"E-sign failure at member claim or nomination submission (member-side, not employer DSC)",Member e-sign failed | Aadhaar e-sign not completed on claim | Digital signature failure member portal | Claim PDF not e-signed by member,Technical_Portal,Form 19 PF Final Settlement | Form 31 Partial Withdrawal/Advance | Form 10C Pension Withdrawal Benefit | UMANG/Member Portal Online Claim | Composite Claim Form,medium,Zee e-nomination e-sign requirement and portal OTP/e-sign flows: member-side Aadhaar e-sign can fail independently of employer DSC issues.,Claim or related e-nomination appears filed but is incomplete without member e-sign. Distinct from employer DSC expired.,UIDAI e-sign downtime; wrong Aadhaar mobile; browser/app abort.,Status shows incomplete e-sign / not submitted.,"Retry e-sign on stable network with Aadhaar-linked mobile. | Complete e-nomination e-sign before death-sensitive planning. | If employer DSC is the blocker on a different flow, route to employer. | Use member portal if UMANG e-sign repeatedly fails.",Screenshot e-sign error | Aadhaar mobile access,member,Do not assume Submit succeeded until Track Claim shows an ID.,epfo-rr-056 | epfo-rr-054 | epfo-rr-008 | epfo-rr-028,https://zeenews.india.com/personal-finance/pf-settlement-money-may-not-reach-your-family-for-a-common-mistake-your-e-nomination-will-not-be-valid-until-you-do-this-3054752.html | https://unifiedportal-mem.epfindia.gov.in/memberinterface/ | https://web.umang.gov.in | https://www.epfindia.gov.in/site_docs/PDFs/MiscPDFs/FAQ_OCS_050517_1017.pdf | https://cleartax.in/s/epf-form-31,news | official | blog,high,2026-09-12,
epfo-rr-125,One-year continuous unemployment full-withdrawal expectation filed on wrong Form 31 purpose,One year continuous unemployment PF | Unemployed one year still Form 31 rejected | Full PF after one year unemployment wrong form | Non contributory period one year claim,Eligibility_Service,Form 31 Partial Withdrawal/Advance | Form 19 PF Final Settlement | UMANG/Member Portal Online Claim | Composite Claim Form,medium,ClearTax and Bajaj discuss unemployment-linked full or large withdrawals via Form 19 after waiting rules; Form 31 has shorter unemployment advances. Members often conflate one-year unemployment folklore with a Form 31 purpose.,"Member remains on Form 31 expecting 100% after one year unemployment while the correct product is Form 19 after its conditions, or a specific unemployment advance with its own caps.",Wrong form; folklore one-year rule; DOE/waiting not met for Form 19.,Purpose unemployment on Form 31 while seeking full corpus.,"If seeking full EPF settlement after exit, use Form 19 when eligible. | If using Form 31 unemployment advance, accept its amount caps and waiting days. | Confirm DOE and contribution stoppage. | Read live portal text for unemployment products.",Service History with DOE | Passbook | Form selection screenshot,member,Separate advance vs final settlement mentally before filing.,epfo-rr-090 | epfo-rr-033 | epfo-rr-043 | epfo-rr-034,https://cleartax.in/s/epf-form-31 | https://www.bajajfinserv.in/investments/epf-or-pf-withdrawal-rules | https://www.livemint.com/money/personal-finance/epfo-top-reasons-your-employees-provident-fund-settlement-claims-rejected-explained-epf-scheme-document-errors-mismatch-11783073513956.html | https://www.jagranjosh.com/general-knowledge/epf-scheme-withdrawal-rules-2026-3day-settlement-limits-and-online-claim-1820010445-1 | https://www.epfindia.gov.in/site_docs/PDFs/MiscPDFs/FAQ_OCS_050517_1017.pdf,blog | news | official,medium,2026-09-12,One-year folklore varies; rely on portal/Form 19 rules.
epfo-rr-126,Vague demographic mismatch remark without naming the field — refile without KYC/JD fix,Details mismatch please contact nearest EPFO office | Member details do not tally | KYC mismatch please update | Data mismatch claim cancelled,Other,Form 19 PF Final Settlement | Form 31 Partial Withdrawal/Advance | Form 10C Pension Withdrawal Benefit | Form 13 Transfer | UMANG/Member Portal Online Claim | Composite Claim Form,medium,Quora/Reddit/PFBalanceCheck/Kustodian collect vague mismatch remarks such as details mismatch contact EPFO office.,"Unlike named name/DOB mismatches, the portal only says details mismatch. Root cause is still profile/KYC, but first step is inventory all fields via KYC and Joint Declaration before touching the claim form again.",Unspecified demographic mismatch; member refiles without JD/KYC fix.,Vague mismatch remark without naming name/DOB/gender.,Compare UAN personal details to Aadhaar field by field. | Fix via KYC seeding or Joint Declaration as needed. | Get statuses to Verified. | Refile once with screenshot proof of alignment.,Aadhaar | UAN profile screenshots | JD acknowledgement if used,member,Never refile the same day a vague mismatch appears.,epfo-rr-001 | epfo-rr-002 | epfo-rr-013 | epfo-rr-079 | epfo-rr-057,https://pfbalancecheck.com/epfo-claim-rejected-reason/ | https://kustodian.life/resources/epf-claim-rejected-reasons-guide | https://kustodian.life/resources/epf-claim-rejected-name-aadhaar-dob-mismatch-fix-guide-2025 | https://www.quora.com/Why-was-my-EPF-claim-rejected | https://www.reddit.com/r/india/comments/1tp295c/epfo_rejected_your_pf_claim_dont_panic_after/ | https://finright.in/blogs/most-common-reasons-for-epf-claim-rejections-and-tips-to-avoid-them,blog | forum,medium,2026-09-12,Quora URL is forum-class secondary.
epfo-rr-127,Transfer-then-withdraw sequencing error — Form 13 incomplete before Form 19/31,Transfer not complete but withdrawal filed | Form 13 pending Form 19 rejected | Old PF not merged before claim | Withdraw before transfer failed | Transfer incomplete before withdrawal | Consolidate PF before claim,Transfer_Related,Form 13 Transfer | Form 19 PF Final Settlement | Form 31 Partial Withdrawal/Advance | Form 10C Pension Withdrawal Benefit | UMANG/Member Portal Online Claim,high,"Zerodha Z-Connect, Mint transfer articles, CitizenNest Form 13 guides, and Team-BHP-style forum threads warn that filing withdrawal while Form 13 is pending or old balances unmerged causes service/amount rejects.",Member files Form 19/31 on the new MID expecting old corpus; portal sees insufficient balance/service or overlap. Fix is complete transfer first.,Form 13 pending; old MID still holds corpus; parallel claims.,Transfer status pending while withdrawal rejected for service/amount.,"Track Form 13 to completion and confirm passbook consolidation. | Only then file Form 19/31 on the consolidated UAN/MID. | If urgent money sits on old MID and exit rules met, claim on that MID instead. | Avoid filing both transfer and final settlement same week without a plan.",Form 13 claim status | Passbooks old and new MIDs,member,Finish transfer in month one of new job before planning withdrawal.,epfo-rr-073 | epfo-rr-068 | epfo-rr-052 | epfo-rr-096,https://zerodha.com/z-connect/varsity/epfo-claim-rejections-what-is-service-overlap-and-how-to-merge-pf-accounts | https://www.livemint.com/money/personal-finance/changing-jobs-soon-fix-these-epf-transfer-errors-before-resigning-for-a-smooth-pf-transfer-11782808524771.html | https://www.citizennest.com/guide/epf-transfer-claim-rejected-fix | https://kustodian.life/resources/epf-form-13-pf-transfer-online-offline-how-to-fill-pdf-status | https://www.team-bhp.com/forum/shifting-gears/200123-epf-withdrawal-process-experience-tips.html,blog | news | forum,high,2026-09-12,
epfo-rr-128,Higher pension option pending validation delaying ordinary Form 10D start,Higher pension validation pending | Form 10D on hold higher pension cell | Joint option under process pension delayed | Ordinary pension blocked by higher pension queue,Compliance_Legal,Form 10D Monthly Pension | UMANG/Member Portal Online Claim,medium,Kustodian EPS and ET higher-pension reporting: members in the higher-pension pipeline face long validation. Some see ordinary 10D delayed even when they would accept ceiling pension.,Distinct from document-deficient higher-pension returns: here the file is in a queue and ordinary pension does not start.,Validation backlog; unclear request to start ceiling pension; mixed option status.,10D under process for extended period with higher-pension remarks.,Ask RO/EPFiGMS whether pension can start on statutory ceiling pending higher-pension decision. | Supply any pending proofs quickly if validation is document-bound. | Do not file duplicate 10D claims. | Track PPO issuance separately from higher-pension arrears disputes.,Joint option acknowledgement | EPFiGMS ticket | Form 10D acknowledgement,mixed,Keep copies of every higher-pension filing receipt.,epfo-rr-101 | epfo-rr-102 | epfo-rr-114,https://kustodian.life/resources/epf-claim-rejected-because-of-eps-top-reasons-and-proven-fixes-india-2026-guide | https://economictimes.indiatimes.com/wealth/legal/will/higher-eps-pension-epfo-cant-use-the-excuse-of-employers-deficient-system-of-recordkeeping-as-a-ground-to-deny-higher-pension-to-employees-rules-bombay-hc/articleshow/130464158.cms | https://www.financialexpress.com/money/epfo-pension-rules-settlement-in-20-days-but-heres-why-many-eps-claims-still-get-rejected-4168274/ | https://epfigms.gov.in/,blog | news | official,medium,2026-09-12,
epfo-rr-129,Form 31 illness Certificate C / doctor-employer certificate defective on physical claim,Certificate C rejected | Doctor certificate not accepted Form 31 | Employer medical certificate defective | Physical medical advance documents returned,Form_Documentation,Form 31 Partial Withdrawal/Advance | Composite Claim Form,medium,Labour-law Form 31 PDF and ClearTax document tables require Certificate C signed by employer and doctor for illness advances on traditional/physical paths. Online self-cert often replaces this.,"Distinct from medical eligibility amount: purpose is valid but certificates are unsigned, undated, non-registered doctor, or employer stamp missing.",Unsigned/undated certificate; non-recognised doctor; employer stamp missing; unreadable scan.,Physical claim returned for medical certificates.,"Obtain fresh doctor certificate with registration details and dates. | Get employer signature/stamp on Certificate C where required. | Upload clear scans if portal asks; otherwise submit physical set to RO. | If eligible for online Aadhaar claim, prefer online self-cert path.",Certificate C / doctor certificate | Employer signed medical form | Readable scans,mixed,Prefer online illness advance when KYC allows.,epfo-rr-087 | epfo-rr-053 | epfo-rr-050 | epfo-rr-048,https://labourlawadvisor.in/blog/wp-content/uploads/2019/08/PF-Advance-Rules.pdf | https://cleartax.in/s/epf-form-31 | https://www.indiafilings.com/learn/epf-form-31 | https://www.epfindia.gov.in/site_docs/PDFs/Circulars/Y2016-2017/Composite_Claim_Forms_31792.pdf,blog | circular,high,2026-09-12,
epfo-rr-130,UMANG shows claim rejected or failed while member portal shows different status,UMANG status mismatch | UMANG rejected portal under process | Claim on UMANG not reflecting on portal | Duplicate status UMANG vs EPFO website,Technical_Portal,UMANG/Member Portal Online Claim,medium,PFBalanceCheck advises trusting Track Claim on member portal. UMANG may show Rejected while portal still Under process due to sync lag.,Acting on the wrong channel creates duplicate claims. Distinct from pure UMANG sync failure when both agree.,App sync lag; cached status; dual submission paths.,UMANG status differs from member portal Track Claim.,"Treat unified member portal Track Claim as source of truth. | Do not file a new claim from UMANG while portal still shows an open claim. | If both show reject, read the portal remark and fix root cause. | EPFiGMS if statuses diverge for weeks.",Screenshots of both UMANG and portal status | Claim IDs,member,Prefer member portal for messy claims.,epfo-rr-055 | epfo-rr-052 | epfo-rr-059 | epfo-rr-079,https://web.umang.gov.in | https://unifiedportal-mem.epfindia.gov.in/memberinterface/ | https://pfbalancecheck.com/epfo-claim-rejected-reason/ | https://kustodian.life/resources/epf-claim-rejected-reasons-guide | https://www.epfindia.gov.in/site_docs/PDFs/MiscPDFs/FAQ_OCS_050517_1017.pdf,official | blog,high,2026-09-12,
epfo-rr-131,Form 31 housing plot/site purchase rejected separately from construction (ownership or cost cap),Site purchase Form 31 rejected | Plot purchase advance not eligible | Land acquisition PF advance rejected | Dwelling site Form 31 insufficient service,Eligibility_Service,Form 31 Partial Withdrawal/Advance | Composite Claim Form | UMANG/Member Portal Online Claim,medium,ClearTax/labour-law Form 31 tables give different caps for site/plot (often 24x wages) vs house construction/purchase (often 36x). Ownership must be member/spouse/joint.,"Members treat plot and construction as identical. Plot claims fail on the tighter cap, missing site declaration, or non-dwelling land. Distinct amount/doc path from construction row epfo-rr-082.",Amount using construction cap for plot; non-residential land; ownership; short service.,Purpose site/plot purchase. Amount vs 24x style cap.,"Select site/plot purpose if buying land only. | Cap amount to site limit not construction limit. | Ensure site will be used for dwelling and ownership rules met. | If constructing immediately, follow construction purpose rules instead.",Self-declaration | Site documents if asked | Service History,member,Do not enter construction amount on a plot purpose.,epfo-rr-082 | epfo-rr-039 | epfo-rr-040,https://cleartax.in/s/epf-form-31 | https://labourlawadvisor.in/blog/wp-content/uploads/2019/08/PF-Advance-Rules.pdf | https://www.axismaxlife.com/blog/retirement-planning/epf-withdrawal-form-31 | https://www.epfindia.gov.in/site_docs/PDFs/Circulars/Y2016-2017/Composite_Claim_Forms_31792.pdf,blog | circular,high,2026-09-12,
epfo-rr-132,Widow and children simultaneous Form 10D family pension — documentation or bank allocation defects,Widow cum child pension documents incomplete | Family pension child bank account missing | Simultaneous widow and children Form 10D rejected | Two children pension not processed with widow | Child pension beneficiary details deficient,Nominee_Death,Form 10D Monthly Pension | Form 20 Death PF Settlement | UMANG/Member Portal Online Claim,high,"EPS family pension rules: widow/widower typically receives about 50% of member pension; up to two children may receive about 25% each simultaneously until age 25. Form 10D family claims need death certificate, relationship proof, and bank KYC for each beneficiary. Common remarks cite incomplete family details, missing child birth certificates, or bank not in beneficiary name.","When a member dies, widow pension and child pension can run together. Claims fail when Form 10D lists children without birth certificates, guardianship for minors, or appropriate bank accounts; when more than two children are claimed at once without sequencing; or when family details on the deceased UAN do not list the spouse/children. This is distinct from orphan (both parents dead) and from remarriage stoppage.",Incomplete family matrix on UAN; missing marriage/birth certificates; minor child paid into wrong account; attempting to credit all children beyond the two-at-a-time rule without clarifying succession.,Form 10D family section review. Death claim checklist at RO. Passbook/PPO beneficiary names vs Aadhaar.,"Confirm beneficiaries: widow plus up to two youngest eligible children under 25. | Update deceased member family details via death-case JD with nominee consent if needed. | Attach death certificate, marriage certificate, and each child's birth certificate. | For minors, appoint natural guardian or produce court guardianship; seed bank as office directs. | Seed Aadhaar and bank for widow in her own name. | Refile Form 10D package once; track PPO issuance.",Death certificate of member | Marriage certificate | Birth certificates of children | Guardianship proof for minors if required | Aadhaar and bank KYC of widow/guardian,mixed,"While alive, keep e-nomination and family details updated with spouse and children. | Do not wait years after death; arrears generally run from Form 10D filing date.",epfo-rr-064 | epfo-rr-065 | epfo-rr-081 | epfo-rr-108 | epfo-rr-118,https://www.epfindia.gov.in/site_en/WhichClaimForm.php?id=in_sm | https://www.epfindia.gov.in/site_docs/PDFs/Downloads_PDFs/Form10D.pdf | https://kustodian.life/resources/epf-form-10d-the-2026-guide-to-claiming-your-monthly-pension | https://www.financialexpress.com/money/epfo-pension-rules-settlement-in-20-days-but-heres-why-many-eps-claims-still-get-rejected-4168274/ | https://www.wealthpedia.in/eps-family-pension/,official | blog | news,high,2026-09-12,Secondary EPS explainers summarise scheme percentages; verify live EPS-95 text and RO practice. Do not invent circular numbers.
epfo-rr-133,Widow/widower family pension stopped or reclaim raised after remarriage without proper notification path,Pension stopped remarriage | Widow remarried pension discontinued | Family pension recovery after remarriage | Notify EPFO remarriage Form 10D | Widower pension ceased on remarriage,Nominee_Death,Form 10D Monthly Pension,high,"EPS family pension: widow/widower pension ceases on remarriage; child pension continues independently. Life certificate / marital status checks and Jeevan Pramaan can surface remarriage. Portal or RO may stop credit, reject restart claims, or seek recovery of overpaid widow pension.","Unlike child pension, widow/widower pension is not lifelong after remarriage. Failure to notify EPFO can cause overpayment recovery and blocked credits. New claims to restart widow pension after remarriage are correctly rejected. Children under 25 should continue on their own PPO lines if already sanctioned.",Scheme rule that widow pension stops on remarriage; missing update of marital status; life-certificate mismatch; confusion that child pension also stops (it should not).,Life certificate / marital status declaration. Bank credit stop. RO remarriage intimation. Recovery notice.,If remarried: notify jurisdictional RO in writing with remarriage proof; do not refile widow pension. | Confirm child pensions remain active under separate beneficiary records until age 25 or disablement rules. | If wrongly stopped while still unmarried: submit fresh life/marital-status certificate and EPFiGMS with PPO number. | Clear any recovery demand with RO accounts before expecting resumed unrelated benefits. | Keep Jeevan Pramaan / digital life certificate current annually.,Remarriage certificate or affidavit if notifying stoppage | Life certificate / Jeevan Pramaan if disputing stoppage | PPO copy | Child birth certificates if child pension continuity is at issue,mixed,Inform EPFO promptly on remarriage to avoid recovery. | File separate clarity for children's pensions when widow pension stops.,epfo-rr-109 | epfo-rr-112 | epfo-rr-118 | epfo-rr-132,https://www.epfindia.gov.in/site_docs/PDFs/Downloads_PDFs/Form10D.pdf | https://kustodian.life/resources/epf-form-10d-the-2026-guide-to-claiming-your-monthly-pension | https://jeevanpramaan.gov.in | https://www.wealthpedia.in/eps-family-pension/ | https://www.financialexpress.com/money/epfo-pension-rules-settlement-in-20-days-but-heres-why-many-eps-claims-still-get-rejected-4168274/,official | blog | news,high,2026-09-12,Builds on epfo-rr-109 with explicit remarriage-stoppage and recovery edge; child continuity emphasised.
epfo-rr-134,Full orphan Form 10D pension rejected — both-parents death proof or orphan rate documentation gaps,Orphan pension both parents death certificate missing | Orphan rate not applied | Full orphan Form 10D rejected | Guardian claiming orphan pension docs deficient | Second parent death not recorded,Nominee_Death,Form 10D Monthly Pension | UMANG/Member Portal Online Claim,high,"EPS orphan pension generally applies when both parents are deceased; orphan rate is higher than ordinary child pension (commonly summarised as about 75% of member pension per orphan, up to two at a time). Claims need death certificates of member and surviving spouse/parent as applicable, plus guardianship for minors.","Ordinary child pension (with living widow) is not the same as orphan pension. Offices reject or under-rate claims when only the member's death certificate is filed, when the second parent's death is unproven, or when guardian KYC/bank is incomplete. Distinct from age-25 stoppage (118) and from incomplete orphan docs partly covered in 108.",Missing second death certificate; treating child-with-widow case as orphan; guardian not recognised; bank in unrelated adult name without guardianship order.,Form 10D orphan checkbox/family matrix. Dual death certificate scrutiny. Guardianship certificate check.,"Establish that both parents are deceased with registered death certificates. | File Form 10D as orphan pension with guardian details for minors. | Produce court/natural guardianship and seed bank KYC as RO instructs. | If one parent still living, claim child pension with widow/widower package instead. | EPFiGMS if rate applied is ordinary child rate despite proven orphan status.",Death certificates of both parents | Birth certificates of orphans | Guardianship certificate | Guardian Aadhaar and bank KYC,mixed,Keep family details updated so RO can see surviving spouse status. | Do not confuse Form 20 PF settlement with Form 10D orphan pension.,epfo-rr-108 | epfo-rr-065 | epfo-rr-132 | epfo-rr-118,https://www.epfindia.gov.in/site_docs/PDFs/Downloads_PDFs/Form10D.pdf | https://www.epfindia.gov.in/site_en/WhichClaimForm.php?id=in_sm | https://kustodian.life/resources/epf-form-10d-the-2026-guide-to-claiming-your-monthly-pension | https://www.wealthpedia.in/eps-family-pension/ | https://righttoinformation.wiki/epf-death-claim-without-nominee-legal-heir-india,official | blog,high,2026-09-12,Percentages from secondary EPS explainers; confirm against scheme text at RO.
epfo-rr-135,Family/orphan pension credit blocked after guardian change without EPFO update,Guardian changed pension not credited | New guardian bank KYC pending pension | Change of guardian Form 10D | Minor pension account holder change rejected | Guardianship succession not updated EPFO,Nominee_Death,Form 10D Monthly Pension,medium,"Minor family/orphan pensions are paid through a recognised guardian's bank details until majority. Changing guardian (death of guardian, court order, natural guardian switch) without updating EPFO/PPO records leads to returned credits or suspended pension similar to bank-change rejects.","A mid-stream guardian change is an administrative update, not a fresh entitlement claim. Credits bounce when the old guardian account is closed or when the new guardian has no seeded KYC. Distinct from initial missing guardianship (065).",PPO still points to old guardian account; no RO intimation of court order; new guardian Aadhaar/bank unverified.,NEFT return on pension credit. Life-certificate/guardian mismatch. RO pension desk query.,File guardian-change application at jurisdictional RO with court order or supporting proof. | Seed new guardian Aadhaar and bank; get Verified status. | Request PPO amendment and re-credit of returned amounts — do not file duplicate Form 10D as a new orphan claim. | Track via EPFiGMS quoting PPO and UAN of deceased member.,Court guardianship order or natural guardian proof | Death certificate of previous guardian if applicable | New guardian Aadhaar and bank proof | PPO copy,mixed,Notify RO before closing the old guardian bank account. | Keep minor's birth certificate and prior PPO paperwork together.,epfo-rr-065 | epfo-rr-022 | epfo-rr-115 | epfo-rr-134,https://www.epfindia.gov.in/site_docs/PDFs/Downloads_PDFs/Form10D.pdf | https://kustodian.life/resources/epf-form-10d-the-2026-guide-to-claiming-your-monthly-pension | https://epfigms.gov.in/ | https://righttoinformation.wiki/epf-death-claim-without-nominee-legal-heir-india | https://jeevanpramaan.gov.in,official | blog,medium,2026-09-12,Operational edge widely seen in pension desks; scheme text does not publish a portal code.
epfo-rr-136,Dependent parents Form 10D pension rejected when spouse or eligible children still exist or dependency unproven,Parent pension EPS rejected | Dependent father mother Form 10D | No widow no children parent pension | Dependency proof missing parents pension | Parents claiming family pension wrongly,Nominee_Death,Form 10D Monthly Pension | Form 20 Death PF Settlement,high,"EPS priority for family pension typically runs widow/widower, then children, then dependent parents if no other eligible family. Parent claims fail when a spouse or eligible child exists, or when financial dependency is not evidenced.","Parents cannot leapfrog a living widow or eligible children. Even when priority is clear, ROs ask for dependency declarations and proof that no higher-priority beneficiary exists. Distinct from nominee-vs-family fights on Form 20 PF corpus.",Wrong priority understanding; surviving spouse not disclosed; weak dependency evidence; confusion between EPF nominee and EPS family definition.,Family matrix on Form 10D. Existence of widow/children in UAN family details. RO interview/documents.,"Confirm no surviving spouse and no eligible children under scheme rules. | Submit dependency affidavit and supporting income/dependence proofs as RO lists. | If a widow/child exists, those beneficiaries must claim; parents are not the Form 10D claimants. | For PF accumulations (Form 20), follow nomination/legal-heir path separately from EPS parents pension.",Death certificate of member | Affidavit of no surviving spouse/eligible children | Dependency proof | Parents' Aadhaar and bank KYC,mixed,Members should keep accurate family details so priority is clear. | Do not file parent pension in parallel with widow pension.,epfo-rr-061 | epfo-rr-064 | epfo-rr-132 | epfo-rr-060,https://www.epfindia.gov.in/site_docs/PDFs/Downloads_PDFs/Form10D.pdf | https://www.epfindia.gov.in/site_en/WhichClaimForm.php?id=in_sm | https://www.wealthpedia.in/eps-family-pension/ | https://kustodian.life/resources/epf-death-claim-process-india | https://righttoinformation.wiki/epf-death-claim-without-nominee-legal-heir-india,official | blog,medium,2026-09-12,Priority order summarised from EPS family-pension explainers; RO may ask extra dependency proof.
epfo-rr-137,EDLI Form 5IF assurance amount disputed — calculated benefit below expected minimum/maximum band,EDLI amount less than expected | Form 5IF assurance calculation dispute | EDLI not 7 lakh paid | Average PF balance EDLI short | EDLI minimum 2.5 lakh not credited,Nominee_Death,Form 5IF EDLI Death Insurance | Form 20 Death PF Settlement,medium,"EDLI assurance is formula-based on average PF balance / wage multiples with published minimum and maximum bands (commonly cited min about Rs 2.5 lakh, max around Rs 7 lakh including enhancements — verify live scheme). Claims are not always rejected solely for low amount, but families treat underpayment as rejection; offices may return claims for wage/balance clarification.","Nominees expecting the headline maximum receive a lower calculated assurance when average balance or wages are low, contribution months are thin, or exempted-trust data is incomplete. Dispute is usually calculation/data, not ineligibility (contrast death-not-in-service 067).",Misunderstanding max vs formula; incomplete 12-month balance for exempted establishments; wage ceiling inputs; enhancement not applied pending clarification.,Form 5IF settlement worksheet at RO. Claimant compares payment advice to expected max. EPFiGMS amount dispute.,"Obtain calculation sheet / payment advice from RO showing average balance and formula used. | Verify last 12 months PF balances and wages on passbook/ECR. | For exempted trusts, submit the extra PF balance certificates Form 5IF instructions require. | If arithmetic error, EPFiGMS with UAN, Form 5IF claim ID, and expected vs paid figures. | Do not refile duplicate 5IF while amount dispute is open.",Form 5IF claim copy | Passbook / trust balance certificate | Death certificate | Wage/ECR extracts if asked,mixed,Employers should keep continuous EDLI contributions; members should monitor passbook. | Read Form 5IF instructions for min/max and exempted-trust annexures.,epfo-rr-067 | epfo-rr-031 | epfo-rr-042 | epfo-rr-141,https://www.epfindia.gov.in/site_docs/PDFs/Downloads_PDFs/Form5IF_Instructions_Eng.pdf | https://cleartax.in/s/edli | https://kustodian.life/resources/provident-fund/form-5if-guide | https://kustodian.life/resources/provident-fund/edli-claim-process | https://pmvbry.epfindia.gov.in/insurance-scheme-edli/,official | blog,high,2026-09-12,Min/max figures from EDLI scheme explainers and EPFO insurance pages; confirm current notification values before advising exact rupees.
epfo-rr-138,EDLI claim complicated by dual employment — overlapping covered establishments at death,Dual employment EDLI | Two establishments EDLI which one | Overlapping jobs death insurance claim | EDLI dual PF membership dispute | Form 5IF two employers,Nominee_Death,Form 5IF EDLI Death Insurance | Form 20 Death PF Settlement | Form 10D Monthly Pension,high,"Dual/overlapping employment already flags compliance (member wage reporting under two codes). On death, EDLI eligibility and which establishment's assurance applies can stall Form 5IF while service overlap and contribution continuity are verified.","If the deceased had two concurrent covered jobs, offices must decide continuous membership, which ECR supports in-service death, and whether assurance is payable once. Claims sit rejected/returned until overlap is explained — distinct from simple not-in-service (067).",Overlapping DOJ-DOE; two ECRs; unclear primary employment; compliance paras on dual employment.,Service History showing two active member IDs at date of death. Employer/RO dual-employment query.,Export Service History for all member IDs on the UAN as of date of death. | Obtain both employers' DOE/relieving and last ECR. | Ask RO which establishment is treated as employment-in-service for EDLI; quote HO clarifications on job-to-job gaps if relevant. | File Form 5IF against the correct establishment package with Form 20/10D as Which-Claim-Form directs. | Resolve false overlap via JD if dates are wrong before refiling.,Death certificate | Service History all MIDs | Both employers' last ECR / relieving letters | Form 5IF and Form 20 set,mixed,Avoid undeclared dual covered employment; correct overlaps while member is alive. | Keep one clear exit before joining another when possible.,epfo-rr-077 | epfo-rr-067 | epfo-rr-041 | epfo-rr-139,https://www.epfindia.gov.in/site_docs/PDFs/Downloads_PDFs/Form5IF_Instructions_Eng.pdf | https://economictimes.indiatimes.com/wealth/save/epfo-clarifies-edli-rules-weekends-holidays-between-two-jobs-not-to-be-counted-as-break-for-settling-insurance-claims/articleshow/126054764.cms | https://cleartax.in/s/edli | https://www.epfindia.gov.in/site_en/WhichClaimForm.php?id=in_sm | https://kustodian.life/resources/provident-fund/edli-claim-process,official | news | blog,medium,2026-09-12,Edge case combining dual-employment compliance with EDLI; ET break-in-service clarification may help contiguous jobs but not true concurrent dual employment.
epfo-rr-139,EDLI denied or delayed for contribution continuity / break-in-service beyond clarified weekend-holiday gaps,EDLI break in service | Contribution discontinuity Form 5IF | Gap between jobs EDLI rejected | Not continuous member EDLI | EDLI gap between employments,Nominee_Death,Form 5IF EDLI Death Insurance,high,"EPFO has clarified that weekends/holidays between two jobs are not a break for EDLI. Longer uncredited gaps, missing ECR months, or exits without rejoining can still defeat death-while-in-service or continuity tests. Secondary compliance notes discuss short-gap regulation — verify live circular text; do not invent numbers.","Families lose EDLI when the member had resigned and not rejoined, or when multi-week/month gaps lack contributions, even if PF balance exists. Weekend-only gaps should not reject; longer breaks need RO review against current clarifications.",DOE without subsequent joining; missing ECR; treating any gap as fatal; or conversely ignoring a real non-employment period.,Service History gap analysis. Form 5IF instruction died while in service. RO continuity worksheet.,"Map exact DOE and next DOJ; note weekends/holidays vs calendar gaps. | If gap is only intervening holidays, cite ET-reported EPFO clarification and ask RO to review. | If member had truly exited without covered employment at death, EDLI is generally not payable (see 067) — pursue Form 20/10C-10D only. | Supply joining letters and ECR to prove continuity when jobs chained closely. | EPFiGMS with timeline chart if RO applied weekend-gap wrongly.",Service History | Relieving and joining letters | ECR extracts bridging the gap | Death certificate,mixed,Employers must mark accurate DOE/DOJ; members should verify Service History after each job change.,epfo-rr-067 | epfo-rr-138 | epfo-rr-024 | epfo-rr-042,https://www.epfindia.gov.in/site_docs/PDFs/Downloads_PDFs/Form5IF_Instructions_Eng.pdf | https://economictimes.indiatimes.com/wealth/save/epfo-clarifies-edli-rules-weekends-holidays-between-two-jobs-not-to-be-counted-as-break-for-settling-insurance-claims/articleshow/126054764.cms | https://cleartax.in/s/edli | https://kustodian.life/resources/provident-fund/form-5if-guide | https://www.teamleaseregtech.com/updates/article/50901/epfo-issued-an-urgent-clarification-regarding-regulation-of-claims-und/,official | news | blog,medium,2026-09-12,Weekend clarification is news-reported EPFO position; longer-gap numeric rules in secondary notes — medium confidence; verify circular before quoting a number.
epfo-rr-140,Form 5IF EDLI filed without or out of sequence with Form 20 PF death claim causing return,EDLI without Form 20 | Form 5IF alone rejected | Death claim sequencing 20 and 5IF | File Form 20 first then 5IF | Composite death package incomplete,Form_Documentation,Form 5IF EDLI Death Insurance | Form 20 Death PF Settlement | Form 10D Monthly Pension | Composite Claim Form,medium,"Which Claim Form matrix for death in service typically lists Form 20 (PF) AND Form 10D/10C AND Form 5IF (EDLI). Filing only insurance without the PF death settlement path, or mismatched claimant details across forms, leads to returns for want of complete death package.","EDLI is not a standalone substitute for PF death settlement. Offices expect aligned claimant, bank, and death certificate across 20 and 5IF. Sequencing/completeness rejects differ from EDLI ineligibility (067).",Claimant filed only 5IF; different nominees on 20 vs 5IF; missing 10D when pension also due.,Which-Claim-Form checklist at RO. Portal death-claim wizard incompleteness. Returned remark listing missing Form 20.,Open Which Claim Form for the death scenario (in service vs not; age; service length). | File Form 20 and Form 5IF together with consistent claimant KYC/bank. | Add Form 10D or 10C as the matrix requires. | Reuse the same death certificate and nomination/legal-heir proofs across forms. | Track each claim ID; do not assume 5IF approval implies 20 approval.,Form 20 set | Form 5IF set | Form 10D/10C if applicable | Death certificate | Nominee/legal heir proofs,mixed,Use the official death-claim matrix; prefer employer/RO helpdesk checklist. | Align e-nomination before death when possible.,epfo-rr-067 | epfo-rr-048 | epfo-rr-060 | epfo-rr-137,https://www.epfindia.gov.in/site_en/WhichClaimForm.php?id=in_sm | https://www.epfindia.gov.in/site_docs/PDFs/Downloads_PDFs/Form5IF_Instructions_Eng.pdf | https://www.epfindia.gov.in/site_docs/PDFs/Downloads_PDFs/Form20.pdf | https://kustodian.life/resources/epf-death-claim-process-india | https://kustodian.life/resources/provident-fund/form-5if-guide,official | blog,high,2026-09-12,Based on official Which Claim Form death package layout.
epfo-rr-141,EDLI Form 5IF stalled for exempted establishment / private trust missing twelve-month PF particulars,Exempted trust EDLI documents missing | Form 5IF private PF trust annexure | Twelve months PF balance EDLI exempted | Trust certificate for EDLI rejected | Exempted establishment Form 5IF return,Nominee_Death,Form 5IF EDLI Death Insurance | Form 20 Death PF Settlement,high,"Form 5IF instructions require additional particulars of PF accumulations for the preceding twelve months when the establishment is exempted / has a private trust. Without trust certificates, EDLI assurance cannot be computed and the claim is returned — sharper than general exempted-trust friction (031).","Exempted members' families must obtain balance certificates from the trust, not only EPFO passbook. Missing annexures look like EDLI rejection even when death-in-service is clear.",Trust slow to certify; wrong period covered; EPFO EDLI cell waiting on exempted return data.,Form 5IF instruction checklist. RO remark seeking trust PF particulars.,Request twelve-month PF balance and contribution certificate from the exempted trust. | Attach trust documents to Form 5IF resubmission as instructions specify. | Parallel-track Form 20 with trust/EPFO as applicable for exempted PF corpus. | EPFiGMS if trust refuses certificate; copy Regional Office compliance.,Trust PF balance certificate (12 months) | Form 5IF | Death certificate | Exemption/trust particulars if asked,mixed,Exempted employers should keep death-claim SOPs including trust certificates.,epfo-rr-031 | epfo-rr-067 | epfo-rr-137 | epfo-rr-116,https://www.epfindia.gov.in/site_docs/PDFs/Downloads_PDFs/Form5IF_Instructions_Eng.pdf | https://cleartax.in/s/edli | https://kustodian.life/resources/provident-fund/form-5if-guide | https://www.epfindia.gov.in/site_en/WhichClaimForm.php?id=in_sm | https://kustodian.life/resources/provident-fund/edli-claim-process,official | blog,high,2026-09-12,Directly from Form 5IF official instructions theme on exempted establishments.
epfo-rr-142,Multiple member IDs under one UAN — only partial balance transferred leaving residual MID unclaimed,Partial transfer multiple member IDs | Old member ID balance still left | One Member One EPF Account incomplete | Transfer covered only latest MID | Residual PF in previous member ID,Transfer_Related,Form 13 Transfer | Form 19 PF Final Settlement | Form 31 Partial Withdrawal/Advance | UMANG/Member Portal Online Claim,high,UAN can hold many member IDs. Auto-transfer and One Member-One EPF Account flows often move the most recent previous MID; older MIDs may remain. Members who then settle only the current MID discover residual balances. Transfer claims may be rejected or unused for older MIDs until separately filed.,A successful transfer of MID-B to MID-C does not empty MID-A. Later Form 19 on C alone leaves A stranded. Distinct from balance mismatch debit-without-credit (144) and from multiple UANs (046).,Assuming auto-transfer consolidates all history; selecting only one source MID; ignoring passbook tabs.,Passbook shows multiple MIDs with balances. Service History list. Transfer claim source dropdown.,"List every member ID under the UAN and balances on each passbook. | File Form 13 / One Member-One EPF Account for each residual source MID into the active MID. | After all balances consolidate, file settlement/advance once. | If a claim already paid only the latest MID, transfer remaining MIDs then claim residual separately. | EPFiGMS if employer attestation stuck on an old closed establishment MID.",Screenshots of all MID passbooks | Service History | Transfer claim IDs,member,"After each job change, verify all old MIDs show zero after transfer. | Do not file Form 19 until residual MIDs are consolidated or consciously claimed.",epfo-rr-073 | epfo-rr-127 | epfo-rr-046 | epfo-rr-144,https://kustodian.life/resources/epf-form-13-pf-transfer-online-offline-how-to-fill-pdf-status | https://www.citizennest.com/guide/epf-transfer-claim-rejected-fix | https://www.livemint.com/money/personal-finance/changing-jobs-soon-fix-these-epf-transfer-errors-before-resigning-for-a-smooth-pf-transfer-11782808524771.html | https://righttoinformation.wiki/practical-guides/pf-transferred-to-wrong-member-id-correction | https://unifiedportal-mem.epfindia.gov.in/memberinterface/,blog | news | official,high,2026-09-12,Forum/RTI guides document residual MID pattern extensively.
epfo-rr-143,"Auto-transfer of EPF failed — exit not marked, KYC incomplete, or multi-account conditions unmet",Auto transfer not happened | Automatic PF transfer failed | One Member One EPF auto transfer pending | PF not auto transferred after joining | Auto transfer conditions not satisfied,Transfer_Related,Form 13 Transfer | UMANG/Member Portal Online Claim,medium,"EPFO auto-transfer after joining a new establishment typically needs prior DOE marked, KYC seeded/verified, same UAN reused, and system eligibility. If conditions fail, balance stays on old MID until manual Form 13. Members often call this a rejection though no claim was filed.",Waiting forever for auto-transfer leaves corpus split and blocks clean Form 19/31 on full balance. Manual transfer is the fix path — different from employer-not-attesting a filed Form 13 (068).,Previous employer never marked exit; new UAN generated; Aadhaar/bank KYC pending; older-than-last MID not in auto scope.,No transfer claim ID but balance still on old MID months after joining. Employer/HR saying auto will happen.,"Confirm previous DOE on Service History; get employer to mark exit if blank. | Ensure Aadhaar/PAN/Bank KYC Verified on UAN. | Confirm same UAN was given to new employer (not a fresh UAN). | If 4-6 weeks pass with no credit, file manual Form 13 / Online Transfer Request. | For multiple old MIDs, file separate transfers (see 142).",Service History | KYC screenshot | Joining proof with UAN,mixed,Always share existing UAN at joining; never create a second UAN. | Chase DOE in the resignation month.,epfo-rr-024 | epfo-rr-068 | epfo-rr-142 | epfo-rr-010,https://investmentepfo.com/auto-transfer-of-epf-how-it-works-when-you-switch-jobs/ | https://kustodian.life/resources/epf-form-13-pf-transfer-online-offline-how-to-fill-pdf-status | https://www.livemint.com/money/personal-finance/changing-jobs-soon-fix-these-epf-transfer-errors-before-resigning-for-a-smooth-pf-transfer-11782808524771.html | https://unifiedportal-mem.epfindia.gov.in/memberinterface/ | https://www.epfindia.gov.in/site_docs/PDFs/MiscPDFs/FAQ_OCS_050517_1017.pdf,blog | news | official,medium,2026-09-12,Auto-transfer behaviour documented in secondary explainers; portal remains authoritative.
epfo-rr-144,Transfer settled but balance mismatch — amount debited at source not credited at destination,Transfer amount deducted not credited | Form 13 settled money missing | PF transfer debit without credit | Annexure K internal rejection after debit | Re-credit transfer amount pending,Transfer_Related,Form 13 Transfer | UMANG/Member Portal Online Claim,critical,"Members report Form 13 status Settled or debited passbook at source while destination passbook never rises. Causes include EPS mismatch, internal rejection after debit, or wrong MID credit. Fix is re-credit at source then re-transfer — not filing Form 19 on a zeroed source.","Money is in limbo inside EPFO accounting, not paid to the member. Duplicate transfers worsen it. Distinct from NEFT payment return after claim settlement (022).",EPS/DOJ mismatch at destination; wrong member ID; backend rejection after accounting debit; inter-RO coordination failure.,Source passbook debit + destination unchanged. Transfer claim Settled. RO advising re-credit.,"Screenshot source debit, destination passbook, and transfer claim ID/status. | EPFiGMS to both source and destination ROs requesting re-credit or completion with amounts and dates. | Ask destination to issue rejection/Annexure clarity so source can re-credit if needed. | Do not file Form 19 on the emptied source MID until funds are located. | Escalate via EPFiGMS reminders; RTI for file notings if months elapse.",Source and destination passbook screenshots | Transfer claim acknowledgement | Service History,EPFO_office,Align name/DOB/EPS flags on source and destination before transfer. | Monitor both passbooks within weeks of settled transfer.,epfo-rr-069 | epfo-rr-072 | epfo-rr-071 | epfo-rr-142,https://righttoinformation.wiki/practical-guides/pf-transferred-to-wrong-member-id-correction | https://kustodian.life/resources/epf-form-13-pf-transfer-online-offline-how-to-fill-pdf-status | https://www.citizennest.com/guide/epf-transfer-claim-rejected-fix | https://www.reddit.com/r/epfoindia/comments/1taoams/epfo_pf_transfer_stuck_for_4_years_amount/ | https://epfigms.gov.in/,blog | forum | official,high,2026-09-12,Widely reported operational failure mode; no single public rejection code.
epfo-rr-145,Form 13 transfer rejected with remark to update EPS date of joining and date of exit,PLZ UPDATE EPS DOJ AND DOE | Update EPS DOJ DOE transfer rejected | EPS dates missing Form 13 | Pension DOJ DOE not updated transfer | Transfer claim EPS service dates,Transfer_Related,Form 13 Transfer | UMANG/Member Portal Online Claim,high,"Forum-reported transfer rejection remark: update EPS DOJ and DOE. Even when Service History shows EPF dates, EPS-specific joining/exit fields may be blank or inconsistent, blocking One Member-One EPF Account transfers.",Employer must correct EPS membership dates in the establishment database/JD path. Member-side refiling alone fails. Distinct from generic overlap reject (070) and name mismatch (071).,EPS DOJ/DOE never captured at onboarding; Form 11 EPS tick without dates; employer payroll-PF disconnect.,Track Transfer Claim remark text. Service History EPF vs EPS columns.,"Ask the relevant employer (often previous) to update EPS DOJ and DOE in EPFO. | If dates are wrong, use Joint Declaration parameters for DOJ/DOE/reason of leaving as SOP allows. | Confirm EPS dates appear on Service History, then refile Form 13 once. | If employer closed, approach RO with physical documents for date correction. | EPFiGMS quoting the exact remark if employer claims dates already updated but reject persists.",Service History screenshot | Appointment/relieving letters | JD/employer correction proof,employer,"At joining, ensure Form 11 EPS section and portal dates are complete. | Verify Service History after each exit is marked.",epfo-rr-024 | epfo-rr-025 | epfo-rr-044 | epfo-rr-068,https://www.reddit.com/r/epfoindia/comments/1tm7e94/raised_a_claim_before_transfer/ | https://kustodian.life/resources/epf-form-13-pf-transfer-online-offline-how-to-fill-pdf-status | https://www.epfindia.gov.in/site_docs/PDFs/Circulars/Y2023-2024/SOP_WSU_new.pdf | https://unifiedportal-mem.epfindia.gov.in/memberinterface/ | https://www.livemint.com/money/personal-finance/epfo-showing-wrong-service-history-what-employees-should-check-immediately-and-do-next-to-rectify-the-error-11786520369893.html,forum | blog | circular | official,high,2026-09-12,Remark string commonly reported on Reddit r/epfoindia; employer update is the fix.
epfo-rr-146,PF transferred or credited to wrong member ID under the UAN,PF transferred to wrong member ID | Credit in incorrect MID | Transfer wrong destination member ID | Balance showing under unknown member ID | Mis-credited PF transfer,Transfer_Related,Form 13 Transfer | Form 19 PF Final Settlement | UMANG/Member Portal Online Claim,critical,Transfers can post to an incorrect member ID when the wrong destination is selected or backend mapping errs. Passbook then shows credit on an unexpected MID; claims on the intended MID fail for insufficient balance.,Funds are still under the member's UAN but on the wrong establishment account. Correction needs RO re-credit/re-transfer — not a fresh employer contribution.,Wrong MID chosen in Form 13; multiple similar establishment codes; clerical mapping error.,Passbook comparison across MIDs. Settled transfer with unexpected destination. Employer HR confirmation.,"Document UAN, correct MID, wrong MID, amounts, and claim ID. | Email/HR ticket to attesting employer with screenshots. | EPFiGMS requesting correction of mis-credit and transfer to the intended MID. | Avoid filing Form 19 on the wrong MID unless that is intentionally the consolidation target. | RTI for transfer file if grievance stalls.",Passbook screenshots all MIDs | Transfer claim details | Establishment code proofs,EPFO_office,Double-check destination MID in the transfer dropdown against Service History. | Prefer consolidating into the currently active employment MID.,epfo-rr-051 | epfo-rr-144 | epfo-rr-142 | epfo-rr-072,https://righttoinformation.wiki/practical-guides/pf-transferred-to-wrong-member-id-correction | https://kustodian.life/resources/epf-form-13-pf-transfer-online-offline-how-to-fill-pdf-status | https://www.citizennest.com/guide/epf-transfer-claim-rejected-fix | https://epfigms.gov.in/ | https://unifiedportal-mem.epfindia.gov.in/memberinterface/,blog | official,high,2026-09-12,RTI Wiki practical guide on wrong-MID transfer.
epfo-rr-147,"Establishment code change, merger, or amalgamation leaving member ID mapped to obsolete code",Establishment merger PF claim stuck | Old establishment code claim rejected | Amalgamation member ID not migrated | Company merger PF transfer issue | Establishment code changed Form 5A,Employer_Related,Form 19 PF Final Settlement | Form 13 Transfer | Form 31 Partial Withdrawal/Advance | Form 20 Death PF Settlement | UMANG/Member Portal Online Claim,high,"Mergers/amalgamations require establishment profile/Form 5A and RO updates. Members stranded on pre-merger codes face attestation, DSC, and jurisdiction failures. Exemption SOPs also require notifying legal-status changes.",HR of the surviving company may not control the old code's DSC; claims bounce for want of employer action on a defunct login. Distinct from fully closed untraceable establishment (030).,Legal merger without PF code migration; branch/subcode not linked; Form 5A outdated.,Employer portal code differs from member MID prefix. RO jurisdiction notes. DSC login failure on old code.,"Identify pre- and post-merger establishment codes from salary slips/MID. | Ask surviving employer's PF team to complete Form 5A / RO intimations and migrate or attest. | If old code still active for compliance, request that authorised signatory approve KYC/claims. | For transfers, file Form 13 toward the live code after mapping is fixed. | EPFiGMS to jurisdictional RO quoting merger and both codes.",Merger/amalgamation proof | Salary slips showing PF code | Service History | RO correspondence if any,employer,"During M&A, insist HR publishes the surviving PF code and UAN instructions. | Verify MID prefix after organisational change.",epfo-rr-030 | epfo-rr-028 | epfo-rr-080 | epfo-rr-148,https://www.epfindia.gov.in | https://www.epfindia.gov.in/site_docs/PDFs/Circulars/Y2023-2024/SOP_Exemption_06102023.pdf | https://www.epfindia.gov.in/site_en/OTCP_ForEmployers.php | https://epfindia.gov.in/site_docs/PDFs/OTCP_PDFs/MembersFAQ.pdf | https://www.livemint.com/money/personal-finance/changing-jobs-soon-fix-these-epf-transfer-errors-before-resigning-for-a-smooth-pf-transfer-11782808524771.html,official | circular | news,medium,2026-09-12,Tied to Form 5A / legal-status change duties; secondary M&A claim friction reports.
epfo-rr-148,Regional Office bifurcation or jurisdiction remapping mid-claim sending file to wrong RO,RO bifurcation claim stuck | Jurisdiction changed Regional Office | Claim forwarded wrong RO after bifurcation | Establishment remapped new RO | PF office division claim pending,Other,Form 19 PF Final Settlement | Form 13 Transfer | Form 10D Monthly Pension | Form 20 Death PF Settlement | UMANG/Member Portal Online Claim | Composite Claim Form,medium,"When EPFO splits or reassigns establishment jurisdiction across Regional/District Offices, in-flight claims and physical files can sit in the old RO queue or show vague pending remarks. Related to jurisdiction mismatch (080, 117) but specifically triggered by remapping events.",Member did nothing wrong; the file needs re-acknowledgement at the new RO. Refiling duplicates without checking jurisdiction worsens queues.,Establishment code moved; physical claim posted to old address; portal still showing old office initially.,EPFiGMS replies citing new RO. Establishment search shows changed office. Long pending with under process.,"Look up current jurisdictional office for the establishment code on epfindia.gov.in. | EPFiGMS asking confirmation of file movement and new claim desk. | For physical claims, resubmit only if RO instructs — quote old acknowledgement. | Avoid same-day duplicate online claims. | Escalate if both ROs disclaim the file.",Claim acknowledgement | Establishment code | Screenshots of jurisdiction info,EPFO_office,"Before physical filing, verify latest RO for the establishment code.",epfo-rr-080 | epfo-rr-117 | epfo-rr-114 | epfo-rr-079,https://www.epfindia.gov.in | https://epfigms.gov.in/ | https://epfindia.gov.in/site_docs/PDFs/OTCP_PDFs/MembersFAQ.pdf | https://taxguru.in/corporate-law/standard-operating-procedure-sop-settlement-claims-epfo.html | https://unifiedportal-mem.epfindia.gov.in/memberinterface/,official | blog,medium,2026-09-12,Operational jurisdiction remapping pattern; no single circular number invented.
epfo-rr-149,ECR revised or supplementary return filed after claim submission altering service or contribution data,ECR revision after claim | Supplementary ECR claim rejected | Contribution corrected post claim | Employer revised return claim hold | Re-filed ECR mismatch claim,Employer_Related,Form 19 PF Final Settlement | Form 31 Partial Withdrawal/Advance | Form 10C Pension Withdrawal Benefit | Form 13 Transfer | UMANG/Member Portal Online Claim,high,"Employers sometimes revise ECR after a member claims — adding late contributions, correcting wages, or reversing rows. Backend revalidation then rejects or returns the claim for contribution-after-exit, amount mismatch, or service change (related to 097/098).","The claim was valid on old data; new ECR changes eligibility. Member must wait for data to stabilise, clarify with employer, then refile once.",Payroll corrections; delayed deposits posted after DOE; employer fixing inspections via supplementary ECR.,Passbook changes after claim date. Remark about contribution after exit or data mismatch. Employer admits revised return.,"Freeze further unnecessary ECR tinkering with HR once claim is planned. | If revision was required, wait until passbook reflects final figures. | Reconcile DOE vs last contribution month; correct DOE via JD if needed. | Refile claim once; attach explanation in EPFiGMS if auto-reject repeats.",Before/after passbook | Employer ECR revision acknowledgement | DOE proof,mixed,Employers should complete ECR corrections before advising members to claim. | Members should screenshot passbook on claim day.,epfo-rr-097 | epfo-rr-098 | epfo-rr-029 | epfo-rr-122,https://epfindia.gov.in/site_docs/PDFs/OTCP_PDFs/MembersFAQ.pdf | https://www.epfindia.gov.in/site_docs/PDFs/MiscPDFs/FAQ_OCS_050517_1017.pdf | https://www.reddit.com/r/epfoindia/comments/1lwzhcs/my_epfo_claim_got_rejected_form31_after_16_days/ | https://www.livemint.com/money/personal-finance/epfo-showing-wrong-service-history-what-employees-should-check-immediately-and-do-next-to-rectify-the-error-11786520369893.html | https://unifiedportal-mem.epfindia.gov.in/memberinterface/,official | forum | news,medium,2026-09-12,Extends post-exit contribution rejects to the ECR-revision timing edge.
epfo-rr-150,Inspection para or compliance proceeding against establishment holding member claims,Inspection para claim withheld | Compliance case PF claim pending | Establishment under inspection claims blocked | Inquiry proceeding claim hold | Enforcement file blocking settlement,Compliance_Legal,Form 19 PF Final Settlement | Form 13 Transfer | Form 20 Death PF Settlement | Form 5IF EDLI Death Insurance | Form 10D Monthly Pension | UMANG/Member Portal Online Claim,high,"When RO enforcement/inspection paras, coverage disputes, or inquiry proceedings run against an establishment, individual claims may be kept pending or returned until the para is closed or member-level clearance is given. Members see vague pending remarks rather than a published code.",Not a KYC failure — a compliance cloud on the employer. Distinct from ordinary contribution default (029) and from member-level fraud flags.,"Unpaid dues, coverage dispute, fake-employee suspicions, or inspection observations linked to the establishment code.",EPFiGMS reply mentioning inspection/compliance. Employer PF consultant disclosure. Long multi-member pendency at same code.,"Ask employer compliance team whether any inspection para/coverage dispute is open. | EPFiGMS requesting member-level settlement despite establishment proceedings if contributions for the member are intact. | Provide personal KYC and contribution proof to distinguish the member from disputed population. | Consider transfer to a clean active MID if still employed elsewhere, once legally permissible. | Escalate through EPFiGMS/CPGRAMS with claim ID if employer is non-cooperative.",Passbook contribution proof | KYC verified screenshots | Employment proofs | EPFiGMS printouts,mixed,Prefer establishments with clean compliance history when possible. | Keep personal passbook downloads periodically.,epfo-rr-029 | epfo-rr-076 | epfo-rr-165 | epfo-rr-079,https://taxguru.in/corporate-law/standard-operating-procedure-sop-settlement-claims-epfo.html | https://epfigms.gov.in/ | https://epfindia.gov.in/site_docs/PDFs/OTCP_PDFs/MembersFAQ.pdf | https://www.epfindia.gov.in | https://www.business-standard.com/finance/personal-finance/epfo-issues-new-rules-for-inoperative-inactive-accounts-to-combat-fraud-124080600360_1.html,blog | official | news,medium,2026-09-12,Operational hold pattern; do not invent section numbers beyond commonly referenced inquiry contexts.
epfo-rr-151,Aadhaar face authentication failure on UMANG blocking UAN activation or KYC refresh,Face authentication failure EPFO | FAT failed UMANG UAN | Aadhaar Face RD authentication failed | Face scan not matching Aadhaar EPFO | UAN activation face auth error,KYC_Identity,UMANG/Member Portal Online Claim | Form 19 PF Final Settlement | Form 31 Partial Withdrawal/Advance | Form 13 Transfer | International Worker Claim,critical,EPFO circular/user manual on UMANG Face Authentication Technology (FAT) for UAN allotment/activation lists Face Authentication Failure as a defined error; retry or contact support. Portal UAN activation shifted toward UMANG FAT. Claims cannot proceed if UAN/KYC path is blocked by failed face match.,"Lighting, outdated Aadhaar photo, missing Face RD app, or demographic mismatch can fail FAT. Distinct from OTP failure (008) and from name mismatch after successful e-KYC (001).",Poor scan conditions; stale Aadhaar photograph; Aadhaar-UAN demographic mismatch halting process; app/version issues.,UMANG error Face Authentication Failure. UAN remains inactive. Claim button unavailable.,"Install/update UMANG and Aadhaar Face RD; retry in bright even light without mask/glasses glare. | Confirm Aadhaar-linked mobile for OTP. | If demographics mismatch, correct via Joint Declaration / Modify Basic Details before retrying FAT. | If Aadhaar photo is outdated, update photo at UIDAI then retry. | EPFiGMS with screenshots if repeated FAT failures after UIDAI update.",Aadhaar | Screenshot of FAT error | UIDAI update acknowledgement if photo changed,member,Keep Aadhaar photo reasonably current. | Activate UAN well before needing a claim.,epfo-rr-007 | epfo-rr-008 | epfo-rr-001 | epfo-rr-005,https://www.epfindia.gov.in/site_docs/PDFs/Circulars/Y2025-2026/AllotmentAndActivationOfUAN_UMANGAppUsingFAT.pdf | https://taxguru.in/corporate-law/epfo-uan-activation-umang-app-face-authentication.html | https://uidai.gov.in | https://web.umang.gov.in | https://www.livemint.com/money/personal-finance/epfo-members-account-blocked-uan-no-access-passbook-kyc-pending-common-issues-how-fix-it-provident-fund-portal-umang-app-11785514948903.html,circular | news | official,high,2026-09-12,Official FAT PDF on epfindia 2025-26 circulars folder.
epfo-rr-152,Legacy biometric (fingerprint) mismatch at Aadhaar authentication for claim or KYC,Fingerprint biometric mismatch EPFO | Aadhaar biometric failed PF claim | Biometric authentication not matching | Fingerprint not verified UIDAI EPFO | Biosensor failure Aadhaar eKYC,KYC_Identity,UMANG/Member Portal Online Claim | Form 19 PF Final Settlement | Form 20 Death PF Settlement | Composite Claim Form | International Worker Claim,high,"Where fingerprint-based Aadhaar auth is still used (CSC/office or older flows), biometric mismatch from worn fingerprints, sensor quality, or demographic lock issues blocks e-KYC. Face auth on UMANG is the modern alternative path for many UAN services.",Members with manual-labour worn fingerprints fail repeatedly at centres. Fix is alternate auth (OTP/face) or UIDAI biometric update — not JD name change.,Poor fingerprint quality; wet/dry fingers; outdated biometric templates; device failure.,Centre/portal message biometric authentication failed. Multiple failed UIDAI attempts.,"Retry OTP-based e-KYC on member portal if available for the journey. | Use UMANG Face Authentication path for UAN activation/KYC refresh where enabled. | Update biometrics/photo at UIDAI Aadhaar centre. | For IW/physical exceptions, use passport path per physical non-Aadhaar clarifications when eligible. | Avoid exhausting UIDAI lockouts; space attempts.",Aadhaar | UIDAI biometric update slip if done | Passport if using non-Aadhaar physical path,member,Prefer OTP/face over fingerprint when EPFO offers it. | Update Aadhaar biometrics if fingerprints routinely fail elsewhere.,epfo-rr-008 | epfo-rr-151 | epfo-rr-074 | epfo-rr-005,https://uidai.gov.in | https://www.epfindia.gov.in/site_docs/PDFs/Circulars/Y2025-2026/AllotmentAndActivationOfUAN_UMANGAppUsingFAT.pdf | https://www.epfindia.gov.in/site_docs/PDFs/MiscPDFs/FAQ_OCS_050517_1017.pdf | https://taxguru.in/corporate-law/epfo-clarifies-physical-claim-settlement-seeding-aadhaar.html | https://web.umang.gov.in,official | circular | news,medium,2026-09-12,Legacy biometric path; FAT circular positions face as preferred smartphone path.
epfo-rr-153,Aadhaar Vault / reference-key or encrypted Aadhaar storage issue preventing seeding display,Aadhaar Vault error EPFO | Aadhaar reference key mismatch | Encrypted Aadhaar not seeding | Aadhaar vault service unavailable KYC | Masked Aadhaar not accepted seed,KYC_Identity,UMANG/Member Portal Online Claim | Form 19 PF Final Settlement | Form 31 Partial Withdrawal/Advance | Form 13 Transfer,medium,"EPFO stores Aadhaar via secure reference/vault patterns rather than displaying full Aadhaar. Portal glitches, vault service errors, or uploading masked-only PDFs without proper e-KYC can leave seeding incomplete while UI looks confusing.","Member believes Aadhaar is seeded but Verified tick never appears, or claim-time UIDAI call fails. Distinct from Aadhaar already linked to another UAN (011).",Vault/API outage; incomplete OTP e-KYC; uploading photo of masked Aadhaar without UIDAI fetch; stale reference.,KYC page errors mentioning vault/reference. Aadhaar row Pending despite uploads. Claim-time e-KYC fail.,"Re-do Aadhaar seeding with UIDAI OTP e-KYC (not only PDF upload). | Retry during non-peak hours if vault service errors appear. | Ensure the Aadhaar number entered matches UIDAI; do not rely on partially masked uploads alone. | If linked to another UAN, follow merge/delink path (011/046) instead. | EPFiGMS with KYC screenshots if Verified never sets after successful OTP.",Aadhaar number and linked mobile | KYC page screenshots,member,"Always complete OTP-based e-KYC, not document upload alone.",epfo-rr-005 | epfo-rr-008 | epfo-rr-010 | epfo-rr-011,https://www.epfindia.gov.in/site_docs/PDFs/MiscPDFs/FAQ_OCS_050517_1017.pdf | https://unifiedportal-mem.epfindia.gov.in/memberinterface/ | https://uidai.gov.in | https://www.taxbuddy.com/blog/how-incorrect-kyc-details-affect-pf-withdrawal-approval | https://www.epfindia.gov.in/site_docs/PDFs/Circulars/Y2023-2024/SOP_WSU_new.pdf,official | blog,medium,2026-09-12,Vault/reference behaviour inferred from Aadhaar Act compliance patterns and portal UX; medium confidence.
epfo-rr-154,DigiLocker-fetched KYC document rejected or not accepted as EPFO seeding proof,DigiLocker KYC rejected EPFO | DigiLocker Aadhaar not seeding | Issued document DigiLocker PF claim | DigiLocker PAN upload failed EPFO | eAadhaar DigiLocker not verified,KYC_Identity,UMANG/Member Portal Online Claim | Form 19 PF Final Settlement | Form 31 Partial Withdrawal/Advance | Composite Claim Form,medium,Members increasingly pull e-Aadhaar/PAN from DigiLocker. EPFO online claims still centre on UIDAI OTP e-KYC and employer-verified KYC rows. DigiLocker PDFs alone may not flip KYC to Verified if OTP e-KYC or employer approval is skipped.,"Uploading a DigiLocker PDF is not always equivalent to successful seeding. Fix path is portal e-KYC plus employer verify, not more PDF uploads.",Wrong channel; expired DigiLocker share link; expecting DigiLocker to replace UIDAI OTP.,KYC remains Pending after DigiLocker upload. Claim remark KYC not verified.,Use Manage > KYC Aadhaar seeding with OTP to UIDAI. | Seed PAN/bank through portal flows; get employer digital approval where required. | Use DigiLocker copies only as supporting PDFs for physical/JD cases when asked. | Refile claim after Verified ticks appear.,Aadhaar via OTP e-KYC | PAN | Bank KYC,member,"Treat DigiLocker as document wallet, not as EPFO verification itself.",epfo-rr-005 | epfo-rr-010 | epfo-rr-006 | epfo-rr-016,https://www.epfindia.gov.in/site_docs/PDFs/MiscPDFs/FAQ_OCS_050517_1017.pdf | https://unifiedportal-mem.epfindia.gov.in/memberinterface/ | https://uidai.gov.in | https://www.taxbuddy.com/blog/how-incorrect-kyc-details-affect-pf-withdrawal-approval | https://cleartax.in/c/pf-withdrawal-online,official | blog,medium,2026-09-12,DigiLocker is widely used by members; EPFO still keys off OTP e-KYC per OCS FAQ.
epfo-rr-155,Passport-only member blocked on Aadhaar-mandatory online path despite physical non-Aadhaar eligibility,Passport only no Aadhaar PF claim | Foreign passport member online claim blocked | Non Aadhaar physical claim required | IW passport settlement Aadhaar wall | Cannot seed Aadhaar passport holder,KYC_Identity,International Worker Claim | Form 19 PF Final Settlement | Form 10C Pension Withdrawal Benefit | Composite Claim Form | UMANG/Member Portal Online Claim,high,Online Aadhaar-OTP claims fail for members without Aadhaar. Circular clarifications (e.g. 29.11.2024 lineage) allow physical settlement without Aadhaar seeding for specified IW/migrant classes with passport and bank verification; UAN remains mandatory. Related to 074/123 but focused on passport-only KYC posture.,Hammering the online portal yields repeated Aadhaar errors. The correct path is physical Non-Aadhaar CCF / RO submission with passport — not inventing an Aadhaar.,Channel mismatch; employer forcing online-only HR process; unawareness of physical exemption classes.,Online claim cannot start without Aadhaar seed. Portal errors on Aadhaar field.,"Confirm you fall in a class allowed physical claim without Aadhaar seeding. | Keep UAN active; prepare passport, visa/OCI as applicable, and bank verification. | File Non-Aadhaar Composite Claim / physical forms with employer or authorised attestation as rules require. | For balances above high-value thresholds, expect extra employer/RO identity confirmation. | Quote the applicable physical-claim clarification in EPFiGMS if office demands Aadhaar wrongly.",Passport | UAN details | Bank account proof in India as applicable | Employer attestation / identity confirm,mixed,IW employees should discuss exit settlement path with employer before leaving India.,epfo-rr-074 | epfo-rr-123 | epfo-rr-049 | epfo-rr-075,https://taxguru.in/corporate-law/epfo-clarifies-physical-claim-settlement-seeding-aadhaar.html | https://www.staffnews.in/2024/12/settlement-of-physical-claims-without-seeding-of-aadhaar.html | https://www.cnbctv18.com/personal-finance/epfo-relaxes-aadhaar-norms-for-select-employee-categories-key-details-19517361.htm | https://www.in.kpmg.com/taxflashnews/KPMG-Flash-News-EPFO-Update-Simplifying-process-of-PF-withdrawal-for-International-Workers.pdf | https://www.epfindia.gov.in/site_en/WhichClaimForm.php?id=in_sm,news | blog | official,high,2026-09-12,Anchored to physical claims without Aadhaar clarifications already in dataset sources.
epfo-rr-156,UPI-only / VPA-centric account without usable account-number+IFSC for EPFO NEFT credit,UPI only account PF claim | VPA not accepted EPFO bank KYC | Need IFSC account number not UPI | BHIM UPI PF withdrawal not live | Cannot seed UPI ID for claim,Bank_Payment,Form 19 PF Final Settlement | Form 31 Partial Withdrawal/Advance | Form 10C Pension Withdrawal Benefit | Form 10D Monthly Pension | UMANG/Member Portal Online Claim,high,EPFO bank KYC historically requires account number + IFSC for NPCI/NEFT validation. UPI-based PF withdrawal features discussed under EPFO 3.0 style upgrades are not a substitute for seeded bank account on classic claims. Attempting to rely on VPA-only fintech accounts without IFSC fails seeding.,Members with app-only wallets/UPI handles must link or open a bank account that exposes account number and IFSC. Distinct from NPCI validation fail on a normal account (016).,No IFSC; PPI/wallet restrictions; premature expectation of UPI PF payout.,Bank KYC form requires IFSC. Seeding errors. Payment rails NEFT-only.,Open/use a savings account with classic account number and IFSC in member's name. | Seed that account and wait for NPCI Verified. | Do not enter UPI VPA in account-number field. | Refile claim after bank KYC Verified.,Bank passbook/cheque with IFSC | Aadhaar-matched name account,member,Keep a seeded NEFT-capable sole savings account before claiming.,epfo-rr-015 | epfo-rr-016 | epfo-rr-105 | epfo-rr-020,https://www.epfindia.gov.in/site_docs/PDFs/MiscPDFs/FAQ_OCS_050517_1017.pdf | https://www.epfindia.gov.in/site_docs/PDFs/Circulars/Y2025-2026/Circular_RemovalOfUploadingImage.pdf | https://unifiedportal-mem.epfindia.gov.in/memberinterface/ | https://dailyfinancial.in/epfo-3-0-testing-is-done-but-still-not-live-whats-stopping-upi-and-atm-based-pf-withdrawals-from-launching-right-now/ | https://cleartax.in/c/pf-withdrawal-online,official | circular | news | blog,medium,2026-09-12,UPI PF payout not assumed live; record warns against VPA-only seeding.
epfo-rr-157,Cooperative or regional rural bank account fails NPCI validation for EPFO bank KYC,Cooperative bank NPCI failed EPFO | RRB bank KYC not verified | Small bank account validation failed PF | District cooperative bank claim payment fail | NPCI not supporting cooperative bank,Bank_Payment,Form 19 PF Final Settlement | Form 31 Partial Withdrawal/Advance | Form 10D Monthly Pension | Form 20 Death PF Settlement | UMANG/Member Portal Online Claim,high,NPCI penny-drop / account validation coverage is weaker for some cooperative and regional rural banks. EPFO bank KYC then stays unverified or payments return. Mint/OCS still require seeded verified bank details for smooth online settlement.,Account may be genuine yet fail automated validation. Fix is often switching to a bank on full NPCI rails or completing manual verification paths when offered.,Bank not on IMPS/penny-drop rail used by validator; outdated IFSC; core-banking not integrated.,Bank KYC status Failed/Pending indefinitely. Remark account validation failed.,"Confirm IFSC and account number with the bank on letterhead/passbook. | Retry seeding once; if repeated NPCI fail, open an account in a bank known to validate (major scheduled commercial bank). | Seed the new account; get Verified; then claim. | For already Settled-but-returned payments, update bank KYC and seek re-payment via EPFiGMS (see 022).",Passbook with IFSC | Bank letter if manual verification asked | Alternate bank proof if switching,mixed,Prefer NPCI-friendly banks for PF credit before claim season.,epfo-rr-016 | epfo-rr-022 | epfo-rr-018 | epfo-rr-159,https://www.epfindia.gov.in/site_docs/PDFs/MiscPDFs/FAQ_OCS_050517_1017.pdf | https://www.livemint.com/money/personal-finance/epfo-top-reasons-your-employees-provident-fund-settlement-claims-rejected-explained-epf-scheme-document-errors-mismatch-11783073513956.html | https://www.epfindia.gov.in/site_docs/PDFs/Circulars/Y2025-2026/Circular_RemovalOfUploadingImage.pdf | https://unifiedportal-mem.epfindia.gov.in/memberinterface/ | https://finright.in/blogs/most-common-reasons-for-epf-claim-rejections-and-tips-to-avoid-them,official | news | blog,medium,2026-09-12,Penny-drop coverage gaps for cooperatives are industry-known; EPFO-specific fails reported in claim guides.
epfo-rr-158,Bank account holder name truncated on NPCI/NEFT validation causing false name mismatch,Name truncated 35 characters bank KYC | NPCI name length mismatch EPFO | Long name bank validation failed | Account name cut off PF claim | NEFT name truncation reject,Bank_Payment,Form 19 PF Final Settlement | Form 31 Partial Withdrawal/Advance | Form 10D Monthly Pension | UMANG/Member Portal Online Claim,medium,Payment rails and validators may truncate legal names (industry reports cite about 35-50 character limits on some NPCI validation paths). EPFO then flags bank name mismatch even when Aadhaar and bank full legal names match offline. Related to 020 but truncation-specific.,Members with long multi-part names fail automated match. Fix may need bank short-name update or RO manual acceptance with proofs — not necessarily JD on UAN.,Validator length limit; expanded vs initials; mismatch after truncation algorithm.,Bank KYC fail despite visually matching names. Bank returns shortened beneficiary name.,"Compare UAN name, Aadhaar name, and bank CBS name letter-by-letter. | Ask bank to register a shorter primary name variant matching Aadhaar within validator limits, if bank policy allows. | Alternatively seed another sole account where the printed name already matches within limits. | If NPCI verified elsewhere but EPFO fails, EPFiGMS with passbook and Aadhaar for manual correlation. | Do not randomly change UAN name away from Aadhaar.",Bank passbook/statement showing full name | Aadhaar | Cheque image if requested,mixed,"At account opening, align bank short name with Aadhaar.",epfo-rr-020 | epfo-rr-016 | epfo-rr-001 | epfo-rr-012,https://www.livemint.com/money/personal-finance/epfo-top-reasons-your-employees-provident-fund-settlement-claims-rejected-explained-epf-scheme-document-errors-mismatch-11783073513956.html | https://www.epfindia.gov.in/site_docs/PDFs/MiscPDFs/FAQ_OCS_050517_1017.pdf | https://www.epfindia.gov.in/site_docs/PDFs/Circulars/Y2025-2026/Circular_RemovalOfUploadingImage.pdf | https://finright.in/blogs/most-common-reasons-for-epf-claim-rejections-and-tips-to-avoid-them | https://unifiedportal-mem.epfindia.gov.in/memberinterface/,news | official | blog,medium,2026-09-12,Character-limit behaviour documented in NPCI validation industry reporting; apply carefully to EPFO.
epfo-rr-159,Penny-drop bank account verification failed during EPFO bank KYC seeding,Penny drop failed EPFO | Re 1 validation failed bank KYC | Account validation penny drop reject | IMPS verification failed PF bank seed | Penny drop name mismatch EPFO,Bank_Payment,Form 19 PF Final Settlement | Form 31 Partial Withdrawal/Advance | Form 10C Pension Withdrawal Benefit | UMANG/Member Portal Online Claim,high,"Automated bank validation (penny-drop style via NPCI rails) underpins EPFO bank KYC verification. Failures occur for dormant accounts, wrong IFSC, name mismatch, or unsupported rails. Circulars removing cheque-image upload still assume successful electronic validation.","Without Verified bank KYC, online claims will not settle cleanly. Distinct from post-settlement NEFT return (022) and from cooperative coverage gaps (157).",Wrong account/IFSC; dormant/frozen; name mismatch; transient rail outage.,Bank KYC Failed immediately after seeding attempt. Portal validation error.,"Re-enter account number and IFSC from cheque leaf; avoid OCR typos. | Ensure account is active sole-operated and name matches Aadhaar closely. | Retry after bank confirms IMPS enabled. | If persistent, change to another bank account and seed afresh. | Upload cheque/passbook only if portal still asks for non-NPCI path.",Cancelled cheque or passbook | Bank activity proof if dormancy suspected,member,Seed bank months before claim; confirm Verified tick.,epfo-rr-016 | epfo-rr-017 | epfo-rr-020 | epfo-rr-157,https://www.epfindia.gov.in/site_docs/PDFs/MiscPDFs/FAQ_OCS_050517_1017.pdf | https://www.epfindia.gov.in/site_docs/PDFs/Circulars/Y2025-2026/Circular_RemovalOfUploadingImage.pdf | https://www.timesnownews.com/business-economy/personal-finance/epfo-processed-8-3-crore-claims-in-fy26-cancelled-cheque-upload-no-longer-required-article-155357857 | https://www.livemint.com/money/personal-finance/epfo-top-reasons-your-employees-provident-fund-settlement-claims-rejected-explained-epf-scheme-document-errors-mismatch-11783073513956.html | https://unifiedportal-mem.epfindia.gov.in/memberinterface/,official | circular | news,high,2026-09-12,Penny-drop is the common industry term for the validation EPFO relies on via NPCI.
epfo-rr-160,Online claim filed while Form 13 transfer is still pending,Claim during pending transfer | Form 19 while Form 13 in process | Transfer pending claim rejected | Cannot claim until transfer completes | Raised claim before transfer,Eligibility_Service,Form 19 PF Final Settlement | Form 31 Partial Withdrawal/Advance | Form 10C Pension Withdrawal Benefit | Form 13 Transfer | UMANG/Member Portal Online Claim,high,Duplicate/in-process claims are rejected (MembersFAQ / portal). A pending transfer locks or confuses balances across MIDs; filing Form 19/31 concurrently is a common forum failure mode and may settle only partial corpus.,"Either the new claim is rejected as duplicate/in process, or it pays only the current MID leaving residuals (142). Correct sequencing is transfer first, then withdraw — sharpening 127.",Impatience; misunderstanding that transfer and settlement can run together; multiple MID balances.,Track Claim shows transfer In process. New claim Rejected duplicate/forwarded. Partial settlement.,"Wait for Form 13 to show Settled and destination passbook credited. | If transfer is stuck, fix transfer (068-072, 144-146) before any settlement claim. | After consolidation, file a single Form 19/31/10C as eligible. | If a premature claim already paid one MID, transfer residuals then claim remainder.",Transfer claim status | Passbooks,member,Never file settlement on day of transfer filing. | Check no other claim in process before submitting.,epfo-rr-052 | epfo-rr-127 | epfo-rr-142 | epfo-rr-073,https://epfindia.gov.in/site_docs/PDFs/OTCP_PDFs/MembersFAQ.pdf | https://www.epfindia.gov.in/site_docs/PDFs/MiscPDFs/FAQ_OCS_050517_1017.pdf | https://www.reddit.com/r/epfoindia/comments/1tm7e94/raised_a_claim_before_transfer/ | https://kustodian.life/resources/epf-form-13-pf-transfer-online-offline-how-to-fill-pdf-status | https://www.citizennest.com/guide/epf-transfer-claim-rejected-fix,official | forum | blog,high,2026-09-12,Reddit r/epfoindia raised a claim before transfer pattern.
epfo-rr-161,Claim filed while Joint Declaration for profile correction is still pending or under RO approval,Claim while JD pending | Joint Declaration in process claim rejected | Modify basic details pending claim | Profile correction not approved yet claim | JD pending demographic mismatch claim,KYC_Identity,Form 19 PF Final Settlement | Form 31 Partial Withdrawal/Advance | Form 13 Transfer | Form 10C Pension Withdrawal Benefit | UMANG/Member Portal Online Claim,high,"JD SOP exists because profile mismatches cause claim rejections. Filing claims while JD is Pending/Returned leaves the old mismatched demographics active at claim-time e-KYC, so rejection repeats (ties to 013).","The fix is sequential: complete JD, then Verified KYC, then one claim. Parallel filing wastes attempts and can hit same-day spam controls (057).",Member races claim before employer/RO approves JD; portal still serves old name/DOB.,JD status Pending. Claim remark name/DOB mismatch. Track Claim timeline overlap.,"Track Joint Declaration until Approved and Personal Details reflect the change. | Re-seed Aadhaar/PAN/Bank if required after profile change. | Only then submit the claim once. | If JD rejected, fix documents per SOP before any claim.",JD acknowledgement | Supporting ID proofs per SOP | Updated Personal Details screenshot,mixed,Start JD weeks before planned resignation claims.,epfo-rr-013 | epfo-rr-001 | epfo-rr-002 | epfo-rr-057,https://www.epfindia.gov.in/site_docs/PDFs/Circulars/Y2023-2024/SOP_WSU_new.pdf | https://taxguru.in/corporate-law/epfo-joint-declaration-process-member-profile-updation.html | https://economictimes.indiatimes.com/wealth/invest/epf-members-can-do-kyc-correction-in-provident-fund-account-online-here-is-a-step-by-step-guide-to-do-it/articleshow/108634621.cms | https://www.epfindia.gov.in/site_docs/PDFs/MiscPDFs/FAQ_OCS_050517_1017.pdf | https://kustodian.life/resources/epf-joint-declaration-form-name-dob-detail-correction-guide,circular | news | official | blog,high,2026-09-12,Timing edge on top of existing JD rejection record 013.
epfo-rr-162,Claim or transfer attempted while multiple-UAN merge / deactivation is still in progress,UAN merge in progress claim rejected | Multiple UAN deactivation pending | Claim during UAN consolidation | uanepf merge not complete | Duplicate UAN linking pending claim,Eligibility_Service,Form 19 PF Final Settlement | Form 13 Transfer | Form 31 Partial Withdrawal/Advance | UMANG/Member Portal Online Claim,high,"Multiple UANs must be merged/deactivated (commonly via EPFO UAN support process) before clean One Member-One EPF Account transfers and settlements. Claims filed mid-merge see split service, Aadhaar-link conflicts, or rejects.",Aadhaar can link to only one UAN. Merge-in-flight leaves identity and balances unstable. Distinct from completed multiple-UAN problem statement (046).,Member files claim immediately after emailing for UAN deactivation; backend not finished; Aadhaar still on old UAN.,Aadhaar already linked errors. Service split across UANs. Support ticket open.,Complete UAN merge/deactivation correspondence; confirm only one active UAN holds Aadhaar. | Transfer all MIDs into the surviving UAN. | Verify KYC on surviving UAN. | Then file settlement/advance once. | Do not keep claiming on the UAN marked for deactivation.,All UAN numbers | Merge/deactivation email trail | Aadhaar link status screenshots,mixed,Never generate a second UAN; merge early in career.,epfo-rr-046 | epfo-rr-011 | epfo-rr-142 | epfo-rr-005,https://www.epfindia.gov.in/site_docs/PDFs/MiscPDFs/FAQ_OCS_050517_1017.pdf | https://zerodha.com/z-connect/varsity/epfo-claim-rejections-what-is-service-overlap-and-how-to-merge-pf-accounts | https://www.pensionbazaar.com/epf/uan-aadhaar-link-issue/ | https://unifiedportal-mem.epfindia.gov.in/memberinterface/ | https://finright.in/blogs/most-common-reasons-for-epf-claim-rejections-and-tips-to-avoid-them,official | blog,high,2026-09-12,Merge process commonly referenced via uanepf support channel in secondary guides.
epfo-rr-163,High-value claim subjected to additional scrutiny or officer-layer hold,High value claim scrutiny | Additional verification large PF balance | Claim above threshold pending approval | Four eye check PF settlement | High value death claim extra documents,Compliance_Legal,Form 19 PF Final Settlement | Form 20 Death PF Settlement | Form 5IF EDLI Death Insurance | Form 10D Monthly Pension | International Worker Claim | UMANG/Member Portal Online Claim,high,Inoperative/high-risk SOPs and IW physical-claim clarifications describe extra verification for higher balances (e.g. employer identity confirm above stated rupee thresholds in Aadhaar-relaxation notes). Claims appear stuck Under process or returned for extra KYC rather than hard-rejected.,Not automatic denial — elevated due diligence. Members mistaking delay for rejection refile harmfully. Related to inoperative scrutiny (076) but applies to active high balances too.,Internal monetary thresholds; fraud risk scoring; death-claim fraud controls.,Long pending on large passbook. RO request for extra ID/employer confirm. EPFiGMS mentioning verification.,"Respond completely to extra document requests once — identity, employment, bank. | Do not file duplicate claims. | For IW high balance, ensure employer confirmation letters as circular requires. | EPFiGMS politely asking for checklist and timeline after reasonable wait.",Extra identity proofs as listed by RO | Employer confirmation if asked | Bank proofs,mixed,Keep KYC pristine before large settlements. | E-sign nomination early for death cases.,epfo-rr-076 | epfo-rr-074 | epfo-rr-114 | epfo-rr-166,https://www.epfindia.gov.in/site_docs/PDFs/Circulars/Y2024-2025/Circular_SOP_WSU_02082024.pdf | https://taxguru.in/corporate-law/epfo-clarifies-physical-claim-settlement-seeding-aadhaar.html | https://www.business-standard.com/finance/personal-finance/epfo-issues-new-rules-for-inoperative-inactive-accounts-to-combat-fraud-124080600360_1.html | https://taxguru.in/corporate-law/standard-operating-procedure-sop-settlement-claims-epfo.html | https://www.cnbctv18.com/personal-finance/epfo-relaxes-aadhaar-norms-for-select-employee-categories-key-details-19517361.htm,circular | news | blog,medium,2026-09-12,Threshold rupee figures vary by circular; do not invent — point members to the letter RO cites.
epfo-rr-164,Multiple claims pattern / serial filing flagged as suspicious or auto-blocked,Multiple claims pattern reject | Too many claims filed flag | Serial claim submissions blocked | Fraud like repeated claims same UAN | Claim velocity limit EPFO,Compliance_Legal,Form 19 PF Final Settlement | Form 31 Partial Withdrawal/Advance | Form 10C Pension Withdrawal Benefit | UMANG/Member Portal Online Claim,high,Repeated same-day or high-frequency resubmissions after rejection without curing defects are discouraged (portal behaviour / spam rejects). Pattern detection may park subsequent claims. Distinct from single duplicate-in-process (052) and same-day refile (057).,Filing five variants in a week triggers manual review. Cure the first remark instead.,Anxiety-driven refiles; trying every form type; bots/agents spamming portal.,Several claim IDs in short window. Remarks about already forwarded/duplicate. Sudden hard blocks.,Stop filing. Tabulate every claim ID and remark. | Fix the root KYC/employer/eligibility defect once. | Wait for prior claims to show Rejected/Settled before one clean refile. | EPFiGMS explaining the pattern was remedial attempts and requesting release after cure.,List of claim IDs | Proof of KYC fix,member,One claim per defect cycle. | Screenshot remarks before any refile.,epfo-rr-057 | epfo-rr-052 | epfo-rr-076 | epfo-rr-163,https://www.epfindia.gov.in/site_docs/PDFs/MiscPDFs/FAQ_OCS_050517_1017.pdf | https://epfindia.gov.in/site_docs/PDFs/OTCP_PDFs/MembersFAQ.pdf | https://finright.in/blogs/most-common-reasons-for-epf-claim-rejections-and-tips-to-avoid-them | https://pfbalancecheck.com/epfo-claim-rejected-reason/ | https://righttoinformation.wiki/pf-withdrawal-claim-rejected-without-reason-epfo-india,official | blog,medium,2026-09-12,Pattern flag is operational; combine with published duplicate rules.
epfo-rr-165,"Fake, non-existent, or shell employer establishment triggering claim/compliance block",Fake employer PF claim | Shell establishment code reject | Non existent company UAN claim | Fraudulent establishment contributions | Coverage dispute fake employer,Compliance_Legal,Form 19 PF Final Settlement | Form 31 Partial Withdrawal/Advance | Form 13 Transfer | Form 20 Death PF Settlement | UMANG/Member Portal Online Claim,critical,EPFO and news reports on fraud emphasise scrutiny of suspicious establishments and inoperative/high-risk accounts. Claims tied to codes under coverage fraud investigation are withheld or rejected pending inquiry.,"If contributions were booked under a bogus employer, settlement is not routine. Member may need to cooperate with inquiry; balances can be frozen.",Identity fraud rings; sold establishment codes; member unwittingly hired by non-compliant entity.,Establishment flagged. Inspection paras. Police/EPFO fraud references in EPFiGMS replies.,"Gather appointment letters, salary proofs, identity KYC to show genuine employment if applicable. | Cooperate with RO investigation; do not use agents promising release fees. | EPFiGMS and, if needed, legal advice for genuine workers caught in shell-company cases. | Avoid further claims until RO clears the member ID.",Employment proofs | Salary bank credits | KYC | Any RO notices,mixed,Verify establishment PF code and ECR filing when joining.,epfo-rr-150 | epfo-rr-076 | epfo-rr-030 | epfo-rr-166,https://www.business-standard.com/finance/personal-finance/epfo-issues-new-rules-for-inoperative-inactive-accounts-to-combat-fraud-124080600360_1.html | https://www.epfindia.gov.in/site_docs/PDFs/Circulars/Y2024-2025/Circular_SOP_WSU_02082024.pdf | https://epfigms.gov.in/ | https://taxguru.in/corporate-law/standard-operating-procedure-sop-settlement-claims-epfo.html | https://www.outlookmoney.com/retirement/pension/epf-claim-settlement-why-epfo-rejects-the-claims-and-what-subscribers-can-do,news | circular | official,medium,2026-09-12,Fraud typology; outcomes are case-specific.
epfo-rr-166,Death claim held for fraud checks — death certificate authenticity or claimant identity verification,Death claim fraud verification | Death certificate authenticity check | Suspicious death claim EPFO | Claimant identity verification death PF | Form 20 additional fraud scrutiny,Compliance_Legal,Form 20 Death PF Settlement | Form 5IF EDLI Death Insurance | Form 10D Monthly Pension,critical,"Death settlements (PF, EDLI, family pension) attract extra document and identity checks. Fake death certificates and impostor claimants are known risk vectors; ROs may verify with civil registration, employer, and Aadhaar biometrics before release.",Delays and document recalls are common even on genuine deaths. Distinct from simple missing death certificate (062) — here documents exist but are under verification.,Fraud risk scoring; mismatched demographics; employer unaware of death; certificate from questionable authority.,RO query to municipal registrar. Extra affidavits sought. Long pending death claims.,"Submit original/certified death certificate from competent registrar; avoid dubious agents. | Provide claimant Aadhaar e-KYC, relationship proofs, and e-nomination printouts. | Ask employer to confirm employment and death intimation in writing. | Respond to RO verification letters quickly; track via EPFiGMS. | Do not file conflicting claimant applications from multiple relatives simultaneously without legal clarity.",Registrar-issued death certificate | Relationship proofs | Claimant KYC/bank | Employer confirmation,mixed,Members: complete e-signed e-nomination. | Families: use official registrar certificates only.,epfo-rr-062 | epfo-rr-060 | epfo-rr-163 | epfo-rr-066,https://www.epfindia.gov.in/site_docs/PDFs/Downloads_PDFs/Form20.pdf | https://www.epfindia.gov.in/site_docs/PDFs/Downloads_PDFs/Form5IF_Instructions_Eng.pdf | https://kustodian.life/resources/epf-death-claim-process-india | https://righttoinformation.wiki/epf-death-claim-without-nominee-legal-heir-india | https://zeenews.india.com/personal-finance/pf-settlement-money-may-not-reach-your-family-for-a-common-mistake-your-e-nomination-will-not-be-valid-until-you-do-this-3054752.html,official | blog | news,medium,2026-09-12,Fraud-check edge on top of missing-certificate record.
epfo-rr-167,SSA country-specific withdrawal or benefit rule blocking International Worker claim,SSA country specific PF withdrawal | Social Security Agreement claim restriction | IW home country rules EPFO | Detached worker SSA benefit deny | Certificate of Coverage country mismatch,Compliance_Legal,International Worker Claim | Form 19 PF Final Settlement | Form 10C Pension Withdrawal Benefit | Form 10D Monthly Pension,high,"Social Security Agreements differ by partner country (totalisation, detachment, export of benefits). A claim valid under Indian domestic rules may still fail SSA-specific conditions. EPFO IW brochure/pages and CoC processes are the guides — not a single global rule.",Country A detachment vs Country B totalisation produce different withdrawal rights. Using a generic IW checklist causes rejects. Distinct from generic CoC paperwork issues (075).,Wrong assumption all SSA countries identical; claiming Indian withdrawal while CoC detachment still active abroad; missing totalisation documents.,IW cell remark citing agreement. CoC still valid. Missing liaison forms.,"Identify the exact SSA partner country and read EPFO IW materials for that agreement. | Confirm whether you are a detached worker with live CoC vs a worker seeking totalisation. | File the form type the agreement and Which-Claim-Form matrix allow. | Attach passport, CoC history, and assignment letters. | Use IW portal/RO international workers cell rather than ordinary online-only path if required.",Passport | CoC copies | Assignment/employment letters | SSA-specific forms if prescribed,mixed,Obtain CoC correctly before posting abroad. | Plan exit settlement with tax/immigration advisors per country.,epfo-rr-075 | epfo-rr-074 | epfo-rr-169 | epfo-rr-168,https://www.epfindia.gov.in/site_en/International_workers.php | https://www.gconnect.in/epfo/social-security-international-workers-agreements-epf-scheme-1952.html | https://www.in.kpmg.com/taxflashnews/KPMG-Flash-News-EPFO-Update-Simplifying-process-of-PF-withdrawal-for-International-Workers.pdf | https://taxguru.in/corporate-law/epfo-online-system-generation-certificate-coverage-reg.html | https://www.key4comply.com/blogposts/epf-for-international-workers-in-india-2026-ssa-certificate-of-coverage-coc-exemption-rules-contributions-withdrawal-at-age-58-latest-court-rulings/,official | blog | news,medium,2026-09-12,Do not invent country tables; point to EPFO IW page and specific agreement texts.
epfo-rr-168,Certificate of Coverage expired while worker still on overseas detachment,CoC expired detachment | Certificate of Coverage validity ended | Extend CoC EPFO | Expired CoC dual social security risk | CoC renewal claim issue,Compliance_Legal,International Worker Claim | Form 19 PF Final Settlement | Form 10C Pension Withdrawal Benefit,high,CoC has a validity period. Expiry while still posted abroad can trigger host-country social security liability and complicate EPFO IW status/claims. Online CoC generation circulars require accurate date ranges and employer e-sign.,An expired CoC is not just paperwork — status may flip from detached IW to ordinary/host coverage. Withdrawal claims filed under wrong status get returned.,Assignment extended without CoC extension; date typo on original CoC; employer forgot renewal.,CoC end date passed. Host authority queries. EPFO IW cell remarks.,"Apply for CoC extension/reissue via EPFO IW/CoC online process with employer immediately. | Do not file Indian withdrawal assuming detachment if CoC lapsed — resolve status first. | Keep passport and assignment extension letters ready. | If dual contributions already paid abroad, seek professional advice on totalisation/refund paths under the SSA.",Prior CoC | Assignment extension | Passport | Employer e-sign application,employer,Diary CoC end date 90 days prior; start extension early.,epfo-rr-075 | epfo-rr-167 | epfo-rr-169,https://www.epfindia.gov.in/site_en/International_workers.php | https://taxguru.in/corporate-law/epfo-online-system-generation-certificate-coverage-reg.html | https://taxguru.in/corporate-law/epfo-issue-certificate-coverage-reg.html | https://www.gconnect.in/epfo/social-security-international-workers-agreements-epf-scheme-1952.html | https://www.in.kpmg.com/taxflashnews/KPMG-Flash-News-EPFO-Update-Simplifying-process-of-PF-withdrawal-for-International-Workers.pdf,official | news | blog,high,2026-09-12,CoC validity/extension is standard IW practice documented on TaxGuru/EPFO IW materials.
epfo-rr-169,Detached worker rules misapplied — dual contribution or wrong classification as domestic member,Detached worker misclassification | Dual social security contribution EPFO | IW flagged as domestic member | Detachment rules PF claim | Wrong IW status on UAN,Compliance_Legal,International Worker Claim | Form 19 PF Final Settlement | Form 10C Pension Withdrawal Benefit | Form 13 Transfer,high,Detached workers under SSA should generally continue home-country coverage with CoC and not be forced into host mandatory schemes inconsistently. Misclassification on UAN (nationality/IW flags) produces contribution and claim conflicts.,"A worker may have paid EPFO when CoC said otherwise, or vice versa. Claims need classification repair before settlement logic runs.",Employer payroll error; nationality field wrong; CoC not generated; host HR ignorance.,UAN nationality/IW indicators vs passport. Dual deduction payslips. RO IW cell queries.,Correct nationality/IW parameters via JD/employer with passport proof. | Align CoC history with contribution periods. | Seek RO guidance on adjusting wrongly paid contributions where scheme allows. | Only then file the appropriate IW or domestic claim path.,Passport | CoC | Payslips showing deductions | Assignment letter,mixed,Generate CoC before departure; brief both home and host payroll teams.,epfo-rr-075 | epfo-rr-167 | epfo-rr-168 | epfo-rr-004,https://www.epfindia.gov.in/site_en/International_workers.php | https://www.gconnect.in/epfo/social-security-international-workers-agreements-epf-scheme-1952.html | https://www.key4comply.com/blogposts/epf-for-international-workers-in-india-2026-ssa-certificate-of-coverage-coc-exemption-rules-contributions-withdrawal-at-age-58-latest-court-rulings/ | https://www.in.kpmg.com/taxflashnews/KPMG-Flash-News-EPFO-Update-Simplifying-process-of-PF-withdrawal-for-International-Workers.pdf | https://www.epfindia.gov.in/site_docs/PDFs/Circulars/Y2023-2024/SOP_WSU_new.pdf,official | blog,medium,2026-09-12,Classification repair via JD nationality parameter per SOP themes.
epfo-rr-170,Physical claim attested by wrong authority — not on EPFO's accepted attestor list,Wrong attestation authority | Attestation not accepted EPFO | Unauthorised attesting officer claim | Manager attestation invalid PF | Attestor not gazetted or listed,Form_Documentation,Composite Claim Form | Form 19 PF Final Settlement | Form 20 Death PF Settlement | Form 10D Monthly Pension | Form 13 Transfer | International Worker Claim,high,"Non-Aadhaar / closed-establishment / physical flows require attestation by authorities listed in forms and JD SOP (gazetted officers, bank managers of claimant's account, MP/MLA, etc.). Attestation by random notaries, colleagues, or unlisted managers is rejected.",Document looks stamped but fails list-check. Distinct from missing signature entirely (050) and from notary-vs-gazetted confusion detailed in 173.,Using convenient but unlisted attestor; bank manager of a different branch/account; expired gazetted credentials.,RO scrutiny of attestation seal/name/designation against circular/form list.,"Read the attestation list on the exact form/SOP you are using. | Re-attest before an accepted authority (e.g. gazetted officer or bank manager of YOUR seeded account). | For closed establishments, follow JD SOP closed-establishment attestors. | Resubmit physical claim once; keep photocopy of attestor ID if RO practice asks.",Freshly attested claim form | Attestor designation proof if asked | Closed-establishment proofs,member,Never rely on workplace colleagues as attestors unless they are on the official list.,epfo-rr-026 | epfo-rr-050 | epfo-rr-030 | epfo-rr-173,https://www.epfindia.gov.in/site_docs/PDFs/Circulars/Y2023-2024/SOP_WSU_new.pdf | https://www.epfindia.gov.in/site_docs/PDFs/Downloads_PDFs/Instructions_CCF_aadhar.pdf | https://www.epfindia.gov.in/site_docs/PDFs/Circulars/Y2016-2017/Composite_Claim_Forms_31792.pdf | https://epfindia.gov.in/site_docs/PDFs/OTCP_PDFs/MembersFAQ.pdf | https://epfindia.gov.in/site_docs/PDFs/Downloads_PDFs/Form19_instructions_Eng.pdf,circular | official,high,2026-09-12,JD SOP and CCF instructions enumerate acceptable attestors.
epfo-rr-171,"Supporting document expired — passport, medical certificate, or other time-limited proof",Expired passport PF claim | Medical certificate expired Form 31 | Outdated supporting document rejected | Expired ID proof claim | Validity lapsed enclosure EPFO,Form_Documentation,Form 31 Partial Withdrawal/Advance | Form 19 PF Final Settlement | International Worker Claim | Form 10D Monthly Pension | Composite Claim Form | UMANG/Member Portal Online Claim,medium,"Physical and purpose-driven claims (illness, IW passport path, certain advances) need valid-dated proofs. Expired passport for IW physical claims or stale medical certificates for illness advances cause returns.",A once-valid enclosure can fail if validity ended before submission/verification. Distinct from unclear cheque image (021).,Old scans reused; medical Certificate C dated months earlier; passport expired after leaving India.,RO date check on enclosures. Portal upload metadata. Remark documents expired.,"Replace with currently valid passport/medical/other certificate. | For illness advances, obtain fresh Certificate C / doctor certificate as form requires. | Resubmit claim with new enclosures only after validity confirmed.",Valid passport or fresh medical certificate as applicable | Updated claim enclosures,member,Check expiry dates the week you file.,epfo-rr-048 | epfo-rr-053 | epfo-rr-129 | epfo-rr-123,https://www.epfindia.gov.in/site_docs/PDFs/MiscPDFs/FAQ_OCS_050517_1017.pdf | https://cleartax.in/s/epf-form-31 | https://epfindia.gov.in/site_docs/PDFs/Downloads_PDFs/Form19_instructions_Eng.pdf | https://www.epfindia.gov.in/site_docs/PDFs/Downloads_PDFs/Instructions_CCF_aadhar.pdf | https://www.in.kpmg.com/taxflashnews/KPMG-Flash-News-EPFO-Update-Simplifying-process-of-PF-withdrawal-for-International-Workers.pdf,official | blog,medium,2026-09-12,Common physical-claim hygiene issue.
epfo-rr-172,Foreign-language document without certified translation rejected,Translation missing foreign document | Non English death certificate rejected | Untranslated marriage certificate PF | Language of document not accepted | Certified translation required EPFO,Form_Documentation,Form 20 Death PF Settlement | Form 10D Monthly Pension | Form 5IF EDLI Death Insurance | International Worker Claim | Composite Claim Form,medium,Death/family/IW claims sometimes include foreign civil documents. ROs commonly require English/Hindi versions or certified translations alongside originals. Untranslated enclosures are returned.,The underlying event may be genuine; the file is incomplete without translation. Distinct from missing document entirely (048).,Foreign registrar certificates; overseas marriage docs; no apostille/translation as local RO practice demands.,RO remark on language. Returned physical file.,"Obtain certified translation into English or Hindi by an acceptable translator/notary as RO specifies. | Attach original-language document + translation + translator attestation. | For IW, confirm whether apostille/consular attestation is also needed. | Resubmit once complete.",Original foreign document | Certified translation | Translator/notary attestation,member,Prepare translations before visiting RO for death/IW claims.,epfo-rr-048 | epfo-rr-062 | epfo-rr-123 | epfo-rr-064,https://www.epfindia.gov.in/site_docs/PDFs/Downloads_PDFs/Form20.pdf | https://kustodian.life/resources/epf-death-claim-process-india | https://www.in.kpmg.com/taxflashnews/KPMG-Flash-News-EPFO-Update-Simplifying-process-of-PF-withdrawal-for-International-Workers.pdf | https://righttoinformation.wiki/epf-death-claim-without-nominee-legal-heir-india | https://www.epfindia.gov.in/site_en/WhichClaimForm.php?id=in_sm,official | blog,medium,2026-09-12,RO practice varies; certified translation is the usual remediation.
epfo-rr-173,Notary attestation used where gazetted or listed authority attestation is mandatory,Notary vs gazetted attestation | Notary not accepted PF claim | Need gazetted officer signature | Notarised affidavit rejected EPFO | Bank manager vs notary attestation,Form_Documentation,Composite Claim Form | Form 20 Death PF Settlement | Form 10D Monthly Pension | Form 13 Transfer | International Worker Claim,medium,Some members notarise affidavits assuming equivalence to gazetted attestation. EPFO form lists and JD closed-establishment paths often require specifically gazetted officers or other named categories; notary alone is insufficient for those slots.,"A notarised affidavit may still be useful as supporting text, but it does not replace the mandated attestor on the claim form. Sharpens 170.",Confusion between affidavit notarisation and form attestation; agent misadvice.,RO rejects seal as notary public not on list.,"Check whether the form field asks for employer, gazetted officer, or bank manager. | Re-execute attestation before the correct category. | Use notary only if the specific document type (affidavit) requires notarisation in addition to proper attestation. | Resubmit physical claim.",Re-attested forms | Gazetted/bank manager attestation as applicable,member,Read attestation instructions on the PDF form before visiting anyone.,epfo-rr-170 | epfo-rr-026 | epfo-rr-050 | epfo-rr-030,https://www.epfindia.gov.in/site_docs/PDFs/Circulars/Y2023-2024/SOP_WSU_new.pdf | https://www.epfindia.gov.in/site_docs/PDFs/Circulars/Y2016-2017/Composite_Claim_Forms_31792.pdf | https://www.epfindia.gov.in/site_docs/PDFs/Downloads_PDFs/Instructions_CCF_aadhar.pdf | https://epfindia.gov.in/site_docs/PDFs/Downloads_PDFs/Form19_instructions_Eng.pdf | https://epfindia.gov.in/site_docs/PDFs/OTCP_PDFs/MembersFAQ.pdf,circular | official,high,2026-09-12,Clarifies notary is not gazetted for EPFO lists.
epfo-rr-174,Captcha or portal session expiry preventing claim submission completion,Captcha failed EPFO claim | Session expired while filing claim | Portal timeout claim not submitted | Invalid captcha member portal | Login session ended mid claim,Technical_Portal,UMANG/Member Portal Online Claim | Form 19 PF Final Settlement | Form 31 Partial Withdrawal/Advance | Form 13 Transfer,low,"Member portal sessions and captchas routinely expire. Unlike OTP expiry already covered (054), captcha/session failures often leave no claim ID — members think they were rejected when nothing was filed.",No backend reject exists yet. User must restart calmly; repeated frantic attempts can look like spam later.,Slow filling; multiple tabs; browser autofill; network drops.,Error flash on submit; no claim acknowledgement number generated.,"Use a single browser tab; disable aggressive autofill. | Prepare data offline first; complete form quickly after login. | If captcha fails, refresh once and retry; avoid dozens of attempts. | Confirm Track Claim for a new ID before assuming rejection. | Try alternate browser or wired network if session keeps dying.",,member,File during off-peak hours with stable connectivity.,epfo-rr-054 | epfo-rr-057 | epfo-rr-124 | epfo-rr-175,https://unifiedportal-mem.epfindia.gov.in/memberinterface/ | https://www.epfindia.gov.in/site_docs/PDFs/MiscPDFs/FAQ_OCS_050517_1017.pdf | https://web.umang.gov.in | https://pfbalancecheck.com/epfo-claim-rejected-reason/ | https://finright.in/blogs/most-common-reasons-for-epf-claim-rejections-and-tips-to-avoid-them,official | blog,medium,2026-09-12,UX failure mode widely reported; low severity if no claim created.
epfo-rr-175,Employer DSC token / USB crypto device errors blocking claim or KYC approval,DSC token not detected | USB token error employer EPFO | Digital signature token failure | Crypto token driver claim stuck | DSC PIN blocked employer portal,Technical_Portal,Form 13 Transfer | UMANG/Member Portal Online Claim | Form 19 PF Final Settlement | Form 31 Partial Withdrawal/Advance,high,"Employer approvals for KYC, JD, and transfers need valid DSC/e-sign. Token driver failures, expired certificates, blocked PINs, or USB not detected leave member requests Pending — experienced as claim rejection. Extends 028 with device-level symptoms.",Member cannot fix USB drivers; employer IT must. Switching to e-sign (if enabled) or renewing DSC is the path.,Expired DSC; Java/browser plugin issues; forgotten token PIN; wrong DSC registered to establishment.,Employer portal errors on sign. KYC Pending endlessly. Transfer awaiting employer.,"Employer: renew DSC, reset token PIN with SCA, update drivers. | Register new DSC on EPFO employer portal per DSC FAQ. | Approve pending KYC/JD/transfer after DSC healthy. | Member: follow up in writing; EPFiGMS if employer unresponsive citing Pending KYC.",DSC renewal receipt | Screenshots of token errors,employer,Employers should diary DSC expiry and keep backup authorised signatories.,epfo-rr-028 | epfo-rr-010 | epfo-rr-068 | epfo-rr-013,https://www.epfindia.gov.in/site_docs/PDFs/Circulars/Y2020-2021/Faq_dsc.pdf | https://www.epfindia.gov.in/site_en/OTCP_ForEmployers.php | https://epfindia.gov.in/site_docs/PDFs/OTCP_PDFs/MembersFAQ.pdf | https://orbitcareers.com/uan-kyc-pending-for-employer-approval/ | https://unifiedportal-mem.epfindia.gov.in/memberinterface/,official | blog,high,2026-09-12,DSC FAQ is official; token errors are the practical manifestation.
epfo-rr-176,Mobile app vs web portal claim channel conflict or divergent submission state,UMANG vs portal claim conflict | App claim not reflecting on website | Filed on app rejected on portal | Duplicate claim app and web | Channel mismatch mobile web EPFO,Technical_Portal,UMANG/Member Portal Online Claim | Form 19 PF Final Settlement | Form 31 Partial Withdrawal/Advance | Form 13 Transfer,medium,UMANG and member portal share backend eligibility but can show divergent statuses (already partly in 055/130). Filing on both channels creates duplicate-in-process rejects.,"Pick one channel. If app shows failed and web shows in process, do not file again — reconcile statuses first.",Double submission; sync lag; using app while web session still open mid-flow.,Two claim IDs. Mismatched status screenshots. Duplicate remark.,List all claim IDs from UMANG and portal Track Claim. | Wait for terminal status on existing IDs; do not triple-file. | Prefer member portal for complex service-history cases. | EPFiGMS if statuses remain contradictory after 48-72 hours.,Screenshots from both channels | Claim IDs,member,Use only one channel per claim attempt.,epfo-rr-055 | epfo-rr-130 | epfo-rr-052 | epfo-rr-057,https://web.umang.gov.in | https://unifiedportal-mem.epfindia.gov.in/memberinterface/ | https://www.epfindia.gov.in/site_docs/PDFs/MiscPDFs/FAQ_OCS_050517_1017.pdf | https://www.livemint.com/money/personal-finance/epfo-members-account-blocked-uan-no-access-passbook-kyc-pending-common-issues-how-fix-it-provident-fund-portal-umang-app-11785514948903.html | https://pfbalancecheck.com/epfo-claim-rejected-reason/,official | news | blog,high,2026-09-12,Combines known UMANG sync issues into an explicit channel-conflict reason.
epfo-rr-177,Browser PDF or image upload exceeds size/type limits on claim or KYC forms,PDF upload size limit EPFO | File too large claim document | Upload failed invalid format | Image size exceeded KYC | Attachment too big member portal,Technical_Portal,UMANG/Member Portal Online Claim | Composite Claim Form | Form 31 Partial Withdrawal/Advance | Form 20 Death PF Settlement,low,"Portal uploads for cheques, proofs, and enclosures enforce size/type constraints. Oversized phone photos or multi-page unscanned PDFs fail silently or with generic upload errors, leaving claim incomplete.",Not an eligibility reject — technical enclosure failure. Compress and retry. Distinct from unclear cheque content (021).,10+ MB photos; HEIC format; corrupt PDF; browser plugin blocking.,Upload error toast. Document slot empty after submit. Remark documents missing though user tried.,Compress images to portal-accepted size (often a few hundred KB to about 2MB); use JPG/PDF. | Convert HEIC to JPG; ensure PDF is not password-protected. | Retry upload before final submit; verify thumbnail/preview appears. | Try alternate browser if upload spinner never finishes.,Compressed cheque/proof files,member,Scan at 150-200 dpi instead of raw phone 12MP uploads.,epfo-rr-021 | epfo-rr-048 | epfo-rr-053 | epfo-rr-106,https://unifiedportal-mem.epfindia.gov.in/memberinterface/ | https://www.epfindia.gov.in/site_docs/PDFs/MiscPDFs/FAQ_OCS_050517_1017.pdf | https://www.epfindia.gov.in/site_docs/PDFs/Circulars/Y2025-2026/Circular_RemovalOfUploadingImage.pdf | https://www.epfindia.gov.in/site_docs/PDFs/Downloads_PDFs/Instructions_CCF_aadhar.pdf | https://www.livemint.com/money/personal-finance/epfo-top-reasons-your-employees-provident-fund-settlement-claims-rejected-explained-epf-scheme-document-errors-mismatch-11783073513956.html,official | circular | news,medium,2026-09-12,Generic web-upload constraint; exact MB limit varies by screen.
epfo-rr-178,Concurrent Form 31 advance and Form 19 final settlement conflict,Form 31 and Form 19 together rejected | Cannot file advance and final settlement same time | Partial and full withdrawal conflict | Form 19 blocked due to Form 31 pending | Simultaneous 31 and 19 claims,Eligibility_Service,Form 19 PF Final Settlement | Form 31 Partial Withdrawal/Advance | Composite Claim Form | UMANG/Member Portal Online Claim,high,Form 19 requires exit and waiting rules; Form 31 is typically an in-service advance. Filing both concurrently conflicts with employment-status logic and duplicate-claim controls. Portal rejects or returns one/both.,Choose the life event: still employed needing purpose advance then Form 31; exited and eligible for settlement then Form 19 after waiting. Not both.,Misunderstanding composite forms; trying to drain balance twice; DOE marked while still wanting advance purposes.,Two claim IDs. Remarks about not eligible / duplicate / still employed vs already exited.,"Decide based on Service History employment status and DOE. | Withdraw or wait out the inappropriate claim until Rejected. | File only the correct form once. | If DOE wrongly marked, get employer correction before Form 31.",Service History | Claim status screenshots,member,Never submit 19 and 31 in the same week without reading Which Claim Form.,epfo-rr-034 | epfo-rr-033 | epfo-rr-043 | epfo-rr-052,https://www.epfindia.gov.in/site_en/WhichClaimForm.php?id=in_sm | https://www.epfindia.gov.in/site_docs/PDFs/MiscPDFs/FAQ_OCS_050517_1017.pdf | https://www.epfindia.gov.in/site_docs/PDFs/MiscPDFs/OCS_FAQ_Eligibility_102017.pdf | https://cleartax.in/c/pf-withdrawal-online | https://finright.in/blogs/most-common-reasons-for-epf-claim-rejections-and-tips-to-avoid-them,official | blog,high,2026-09-12,Logic from official form matrix plus duplicate rules.
epfo-rr-179,Second Form 31 withdrawal for the same purpose filed too soon / frequency limit exceeded,Second withdrawal same purpose too soon | Form 31 frequency limit | Marriage advance already availed | Housing advance only once | Repeat purpose Form 31 rejected,Eligibility_Service,Form 31 Partial Withdrawal/Advance | Composite Claim Form | UMANG/Member Portal Online Claim,high,Many Form 31 purposes historically allow limited frequency (e.g. marriage advances limited times; housing often once). Portal remarks include not eligible for the reason selected even when service months look fine. Scheme 2026 explainers regroup purposes but frequency caps may still apply — verify live portal.,A second marriage/housing/education claim can fail even with balance available. Distinct from amount-cap (040) and general purpose ineligibility (039).,Purpose already availed; cooling period; choosing same purpose code again.,Portal eligibility engine. Prior settled Form 31 same purpose in history.,"Check past Form 31 settlements for the same purpose. | Select a different eligible purpose if rules allow, or wait until frequency rules permit. | Do not disguise housing as renovation (or vice versa) to bypass caps — risks compliance flags. | Refile only when eligible.",Prior claim history screenshots | Fresh purpose proofs if a new eligible purpose,member,Track which Form 31 purposes you have already used.,epfo-rr-039 | epfo-rr-085 | epfo-rr-082 | epfo-rr-040,https://cleartax.in/s/epf-form-31 | https://labourlawadvisor.in/blog/wp-content/uploads/2019/08/PF-Advance-Rules.pdf | https://www.epfindia.gov.in/site_docs/PDFs/MiscPDFs/OCS_FAQ_Eligibility_102017.pdf | https://knowmoney.in/blog/epfo-3-withdrawal-rules-india-2026 | https://www.epfindia.gov.in/site_docs/PDFs/Circulars/Y2016-2017/Composite_Claim_Forms_31792.pdf,blog | official | circular,medium,2026-09-12,Frequency limits from historical Form 31 tables; 2026 regrouping medium confidence.
epfo-rr-180,Nominee or family filed death-style claim while member is still alive,Nominee claim member alive | Form 20 filed but member living | Death claim on living member | Family claimed PF without death | Life status mismatch nominee filing,Eligibility_Service,Form 20 Death PF Settlement | Form 5IF EDLI Death Insurance | Form 10D Monthly Pension | UMANG/Member Portal Online Claim,critical,Portal life-status checks and backend validation reject death claims when member is marked alive (related remark patterns in 113). Filing Form 20/5IF without a registered death is treated as serious mismatch and may trigger fraud review.,Sometimes relatives file wrongly during disappearance/illness; sometimes it is fraud. Either way settlement is blocked. Member-alive advances must use Form 31/19 paths instead.,Misinformation; identity theft; wrong form; DOE confusion mistaken for death.,Life-status mismatch remark. No death certificate in civil records. Member login still active.,If member is alive: cancel/withdraw death claims; member files correct Form 19/31/10C themselves. | If member is deceased but portal shows alive: submit registrar death certificate and employer intimation; request life-status update before refiling. | Expect fraud review if conflicting filings exist (see 166). | EPFiGMS with clear chronology.,Proof member alive (if disputing false death claim) or death certificate (if portal wrong) | Claim IDs | KYC,mixed,Families should confirm death registration before Form 20. | Members should safeguard UAN credentials.,epfo-rr-113 | epfo-rr-107 | epfo-rr-166 | epfo-rr-043,https://www.epfindia.gov.in/site_en/WhichClaimForm.php?id=in_sm | https://www.epfindia.gov.in/site_docs/PDFs/Downloads_PDFs/Form20.pdf | https://www.epfindia.gov.in/site_docs/PDFs/MiscPDFs/FAQ_OCS_050517_1017.pdf | https://kustodian.life/resources/epf-death-claim-process-india | https://unifiedportal-mem.epfindia.gov.in/memberinterface/,official | blog,high,2026-09-12,Complements life-status mismatch technical remark 113 with nominee-filed edge.
epfo-rr-181,UAN activation attempted on member portal after shift to UMANG Face Authentication only,UAN activation removed from portal | Activate UAN only on UMANG | Portal UAN activation discontinued | Must use UMANG face auth for UAN | Cannot activate UAN on website anymore,Technical_Portal,UMANG/Member Portal Online Claim | Form 19 PF Final Settlement | Form 31 Partial Withdrawal/Advance | Form 13 Transfer,high,"2025-26 EPFO communications and news (Business Today, Mint) state UAN allotment/activation moved to UMANG with Aadhaar Face Authentication; website activation paths discontinued. Members hitting dead portal links believe claims are rejected when UAN was never activated.","Root blocker is channel change for activation, not claim eligibility. Activate via UMANG FAT, then claim on portal/app.",Policy/channel shift; outdated blog instructions telling users to activate on website.,Portal activation option missing/errors. UMANG FAT required. Claim requires activated UAN.,"Install UMANG + Aadhaar Face RD. | Complete UAN activation/allotment via FAT flows per official manual. | Set portal password after activation if needed; seed KYC. | Then file claim on member portal. | If FAT fails, follow face-auth fix path (151).",Aadhaar and linked mobile | UMANG access,member,Ignore outdated tutorials that only show website activation.,epfo-rr-007 | epfo-rr-151 | epfo-rr-005 | epfo-rr-008,https://www.epfindia.gov.in/site_docs/PDFs/Circulars/Y2025-2026/AllotmentAndActivationOfUAN_UMANGAppUsingFAT.pdf | https://taxguru.in/corporate-law/epfo-uan-activation-umang-app-face-authentication.html | https://www.livemint.com/money/personal-finance/epfo-members-account-blocked-uan-no-access-passbook-kyc-pending-common-issues-how-fix-it-provident-fund-portal-umang-app-11785514948903.html | https://www.businesstoday.in/personal-finance/news/story/epfo-revamps-unified-member-portal-uan-activation-shifts-to-umang-what-it-means-for-subscribers-540985-2026-07-04 | https://web.umang.gov.in,circular | news | official,high,2026-09-12,2025-26 channel shift; cite FAT circular and contemporary news.
